codigo_subpartida,descripcion
0101210000,- - Reproductores de raza pura
0101291000,- - - Para carrera
0101299000,- - - Los demás
0101300000,- Asnos
0101900000,- Los demás
0102210000,- - Reproductores de raza pura
0102291000,- - - Para lidia
0102299000,- - - Los demás
0102310000,- - Reproductores de raza pura
0102390000,- - Los demás
0102900000,- Los demás
0103100000,- Reproductores de raza pura
0103910000,- - De peso inferior a 50 kg
0103920000,- - De peso superior o igual a 50 kg
0104101000,- - Reproductores de raza pura
0104109000,- - Los demás
0104201000,- - Reproductores de raza pura
0104209000,- - Los demás
0105110000,- - Aves de la especie Gallus domesticus
0105120000,- - Pavos (gallipavos)
0105130000,- - Patos
0105140000,- - Gansos
0105150000,- - Pintadas
0105940000,- - Aves de la especie Gallus domesticus
0105990000,- - Los demás
0106110000,- - Primates
0106120000,"- - Ballenas, delfines y marsopas (mamíferos del orden Cetacea); manatíes y dugones o dugongos (mamíferos del orden Sirenia); otarios y focas, leones marinos y morsas (mamíferos del suborden Pinnipedia)"
0106131100,"- - - - Llamas (Lama glama), incluidos los guanacos"
0106131200,- - - - Alpacas (Lama pacus)
0106131900,- - - - Los demás
0106139000,- - - Los demás
0106140000,- - Conejos y liebres
0106190000,- - Los demás
0106200000,- Reptiles (incluidas las serpientes y tortugas de mar)
0106310000,- - Aves de rapiña
0106320000,"- - Psitaciformes (incluidos los loros, guacamayos, cacatúas y demás papagayos)"
0106330000,- - Avestruces; emúes (Dromaius novaehollandiae)
0106390000,- - Las demás
0106410000,- - Abejas
0106490000,- - Los demás
0106900000,- Los demás
0201100000,- En canales o medias canales
0201200000,- Los demás cortes (trozos) sin deshuesar
0201300010,- - Cortes finos
0201300090,- - Los demás
0202100000,- En canales o medias canales
0202200000,- Los demás cortes (trozos) sin deshuesar
0202300010,- - Cortes finos
0202300090,- - Los demás
0203110000,- - En canales o medias canales
0203120000,"- - Piernas, paletas, y sus trozos, sin deshuesar"
0203191000,- - - Carne deshuesada
0203192000,"- - - Chuletas, costillas"
0203193000,- - - Tocino con partes magras
0203199000,- - - Las demás
0203210000,- - En canales o medias canales
0203220000,"- - Piernas, paletas, y sus trozos, sin deshuesar"
0203291000,- - - Carne deshuesada
0203292000,"- - - Chuletas, costillas"
0203293000,- - - Tocino con partes magras
0203299000,- - - Las demás
0204100000,"- Canales o medias canales de cordero, frescas o refrigeradas"
0204210000,- - En canales o medias canales
0204220000,- - Los demás cortes (trozos) sin deshuesar
0204230000,- - Deshuesadas
0204300000,"- Canales o medias canales de cordero, congeladas"
0204410000,- - En canales o medias canales
0204420000,- - Los demás cortes (trozos) sin deshuesar
0204430000,- - Deshuesadas
0204500000,- Carne de animales de la especie caprina
0205000000,"Carne de animales de las especies caballar, asnal o mular, fresca, refrigerada o congelada."
0206100000,"- De la especie bovina, frescos o refrigerados"
0206210000,- - Lenguas
0206220000,- - Hígados
0206290000,- - Los demás
0206300000,"- De la especie porcina, frescos o refrigerados"
0206410000,- - Hígados
0206491000,"- - - Piel comestible (cuero, pellejo)"
0206499000,- - - Los demás
0206800000,"- Los demás, frescos o refrigerados"
0206900000,"- Los demás, congelados"
0207110000,"- - Sin trocear, frescos o refrigerados"
0207120000,"- - Sin trocear, congelados"
0207130011,- - - - Sin deshuesar
0207130012,- - - - Deshuesado
0207130090,- - - Los demás
0207140010,- - - Carne mecánicamente deshuesada
0207140021,- - - - Sin deshuesar
0207140022,- - - - Deshuesado
0207140090,- - - Los demás
0207240000,"- - Sin trocear, frescos o refrigerados"
0207250000,"- - Sin trocear, congelados"
0207260000,"- - Trozos y despojos, frescos o refrigerados"
0207270000,"- - Trozos y despojos, congelados"
0207410000,"- - Sin trocear, frescos o refrigerados"
0207420000,"- - Sin trocear, congelados"
0207430000,"- - Hígados grasos, frescos o refrigerados"
0207440000,"- - Los demás, frescos o refrigerados"
0207450000,"- - Los demás, congelados"
0207510000,"- - Sin trocear, frescos o refrigerados"
0207520000,"- - Sin trocear, congelados"
0207530000,"- - Hígados grasos, frescos o refrigerados"
0207540000,"- - Los demás, frescos o refrigerados"
0207550000,"- - Los demás, congelados"
0207600000,- De pintada
0208100000,- De conejo o liebre
0208300000,- De primates
0208400000,"- De ballenas, delfines y marsopas (mamíferos del orden Cetacea); de manatíes y dugones o dugongos (mamíferos del orden Sirenia); de otarios y focas, leones marinos y morsas (mamíferos del suborden Pinnipedia)"
0208500000,- De reptiles (incluidas las serpientes y tortugas de mar)
0208600000,- De camellos y demás camélidos (Camelidae)
0208900000,- Los demás
0209101000,- - Tocino sin partes magras
0209109000,- - Los demás
0209900000,- Las demás
0210110000,"- - Jamones, paletas, y sus trozos, sin deshuesar"
0210120000,- - Tocino entreverado de panza (panceta) y sus trozos
0210190000,- - Las demás
0210200000,- Carne de la especie bovina
0210910000,- - De primates
0210920010,"- - - De ballenas, delfines y marsopas (mamíferos del orden Cetacea); de manatíes y dugones o dugongos (mamíferos del orden Sirenia)"
0210920090,- - - Los demás
0210930000,- - De reptiles (incluidas las serpientes y tortugas de mar)
0210991000,"- - - Harina y polvo comestibles, de carne o de despojos"
0210999000,- - - Los demás
0301110000,- - De agua dulce
0301190000,- - Los demás
0301911000,- - - Para reproducción o cría industrial
0301919000,- - - Las demás
0301920000,- - Anguilas (Anguilla spp.)
0301930000,"- - Carpas (Cyprinus spp., Carassius spp., Ctenopharyngodon idellus, Hypophthalmichthys spp., Cirrhinus spp., Mylopharyngodon piceus, Catla catla, Labeo spp., Osteochilus hasselti, Leptobarbus hoeveni, Megalobrama spp.)"
0301940010,- - - Atunes (Thunnus thynnus)
0301940091,- - - - Para reproducción o cría industrial
0301940099,- - - - Los demás
0301950000,- - Atunes del sur (Thunnus maccoyii)
0301991100,- - - - Tilapia
0301991900,- - - - Los demás
0301999000,- - - Los demás
0302110000,"- - Truchas (Salmo trutta, Oncorhynchus mykiss, Oncorhynchus clarki, Oncorhynchus aguabonita, Oncorhynchus gilae, Oncorhynchus apache y Oncorhynchus chrysogaster)"
0302130000,"- - Salmones del Pacífico (Oncorhynchus nerka, Oncorhynchus gorbuscha, Oncorhynchus keta, Oncorhynchus tschawytscha, Oncorhynchus kisutch, Oncorhynchus masou y Oncorhynchus rhodurus)"
0302140000,- - Salmones del Atlántico (Salmo salar) y salmones del Danubio (Hucho hucho)
0302190000,- - Los demás
0302210000,"- - Fletanes («halibut») (Reinhardtius hippoglossoides, Hippoglossus hippoglossus, Hippoglossus stenolepis)"
0302220000,- - Sollas (Pleuronectes platessa)
0302230000,- - Lenguados (Solea spp.)
0302240000,- - Rodaballos («turbots») (Psetta maxima)
0302290000,- - Los demás
0302310000,- - Albacoras o atunes blancos (Thunnus alalunga)
0302320000,- - Atunes de aleta amarilla (rabiles) (Thunnus albacares)
0302330000,- - Listados (bonitos de vientre rayado) (Katsuwonus pelamis)
0302340000,- - Patudos o atunes ojo grande (Thunnus obesus)
0302350000,"- - Atunes comunes o de aleta azul, del Atlántico y del Pacífico (Thunnus thynnus, Thunnus orientalis)"
0302360000,- - Atunes del sur (Thunnus maccoyii)
0302390000,- - Los demás
0302410000,"- - Arenques (Clupea harengus, Clupea pallasii)"
0302420000,- - Anchoas (Engraulis spp.)
0302430000,"- - Sardinas (Sardina pilchardus, Sardinops spp.), sardinelas (Sardinella spp.) y espadines (Sprattus sprattus)"
0302440000,"- - Caballas (Scomber scombrus, Scomber australasicus, Scomber japonicus)"
0302450000,- - Jureles (Trachurus spp.)
0302460000,- - Cobias (Rachycentron canadum)
0302470000,- - Peces espada (Xiphias gladius)
0302490000,- - Los demás
0302510000,"- - Bacalaos (Gadus morhua, Gadus ogac, Gadus macrocephalus)"
0302520000,- - Eglefinos (Melanogrammus aeglefinus)
0302530000,- - Carboneros (Pollachius virens)
0302540000,"- - Merluzas (Merluccius spp., Urophycis spp.)"
0302550000,- - Abadejos de Alaska (Theragra chalcogramma)
0302560000,"- - Bacaladillas (Micromesistius poutassou, Micromesistius australis)"
0302590000,- - Los demás
0302710000,- - Tilapias (Oreochromis spp.)
0302720000,"- - Bagres o peces gato (Pangasius spp., Silurus spp., Clarias spp., Ictalurus spp.)"
0302730000,"- - Carpas (Cyprinus spp., Carassius spp., Ctenopharyngodon idellus, Hypophthalmichthys spp., Cirrhinus spp., Mylopharyngodon piceus, Catla catla, Labeo spp., Osteochilus hasselti, Leptobarbus hoeveni, Megalobrama spp.)"
0302740000,- - Anguilas (Anguilla spp.)
0302790000,- - Los demás
0302810000,- - Cazones y demás escualos
0302820000,- - Rayas (Rajidae)
0302830000,"- - Austromerluzas antárticas y austromerluzas negras (merluzas negras, bacalaos de profundidad, nototenias negras) (Dissostichus spp.)"
0302840000,- - Róbalos (Dicentrarchus spp.)
0302850000,"- - Sargos (Doradas, Espáridos) (Sparidae)"
0302890000,- - Los demás
0302910000,"- - Hígados, huevas y lechas"
0302920000,- - Aletas de tiburón
0302990000,- - Los demás
0303110000,- - Salmones rojos (Oncorhynchus nerka)
0303120000,"- - Los demás salmones del Pacífico (Oncorhynchus gorbuscha, Oncorhynchus keta, Oncorhynchus tschawytscha, Oncorhynchus kisutch, Oncorhynchus masou y Oncorhynchus rhodurus)"
0303130000,- - Salmones del Atlántico (Salmo salar) y salmones del Danubio (Hucho hucho)
0303140000,"- - Truchas (Salmo trutta, Oncorhynchus mykiss, Oncorhynchus clarki, Oncorhynchus aguabonita, Oncorhynchus gilae, Oncorhynchus apache y Oncorhynchus chrysogaster)"
0303190000,- - Los demás
0303230000,- - Tilapias (Oreochromis spp.)
0303240000,"- - Bagres o peces gato (Pangasius spp., Silurus spp., Clarias spp., Ictalurus spp.)"
0303250000,"- - Carpas (Cyprinus spp., Carassius spp., Ctenopharyngodon idellus, Hypophthalmichthys spp., Cirrhinus spp., Mylopharyngodon piceus, Catla catla, Labeo spp., Osteochilus hasselti, Leptobarbus hoeveni, Megalobrama spp.)"
0303260000,- - Anguilas (Anguilla spp.)
0303290000,- - Los demás
0303310000,"- - Fletanes («halibut») (Reinhardtius hippoglossoides, Hippoglossus hippoglossus, Hippoglossus stenolepis)"
0303320000,- - Sollas (Pleuronectes platessa)
0303330000,- - Lenguados (Solea spp.)
0303340000,- - Rodaballos («turbots») (Psetta maxima)
0303390000,- - Los demás
0303410000,- - Albacoras o atunes blancos (Thunnus alalunga)
0303420000,- - Atunes de aleta amarilla (rabiles) (Thunnus albacares)
0303430000,- - Listados (bonitos de vientre rayado) (Katsuwonus pelamis)
0303440000,- - Patudos o atunes ojo grande (Thunnus obesus).
0303450000,"- - Atunes comunes o de aleta azul, del Atlántico y del Pacífico (Thunnus thynnus, Thunnus orientalis)"
0303460000,- - Atunes del sur (Thunnus maccoyii)
0303490000,- - Los demás
0303510000,"- - Arenques (Clupea harengus, Clupea pallasii)"
0303530010,"- - - Sin cabeza, sin vísceras"
0303530090,- - - Los demás
0303540000,"- - Caballas (Scomber scombrus, Scomber australasicus, Scomber japonicus)"
0303550000,- - Jureles (Trachurus spp.)
0303560000,- - Cobias (Rachycentron canadum)
0303570000,- - Peces espada (Xiphias gladius)
0303590000,- - Los demás
0303630000,"- - Bacalaos (Gadus morhua, Gadus ogac, Gadus macrocephalus)"
0303640000,- - Eglefinos (Melanogrammus aeglefinus)
0303650000,- - Carboneros (Pollachius virens)
0303660000,"- - Merluzas (Merluccius spp., Urophycis spp.)"
0303670000,- - Abadejos de Alaska (Theragra chalcogramma)
0303680000,"- - Bacaladillas (Micromesistius poutassou, Micromesistius australis)"
0303690000,- - Los demás
0303810000,- - Cazones y demás escualos
0303820000,- - Rayas (Rajidae)
0303830000,"- - Austromerluzas antárticas y austromerluzas negras (merluzas negras, bacalaos de profundidad, nototenias negras) (Dissostichus spp.)"
0303840000,- - Róbalos (Dicentrarchus spp.)
0303890000,- - Los demás
0303910000,"- - Hígados, huevas y lechas"
0303920000,- - Aletas de tiburón
0303990000,- - Los demás
0304310000,- - Tilapias (Oreochromis spp.)
0304320000,"- - Bagres o peces gato (Pangasius spp., Silurus spp., Clarias spp., Ictalurus spp.)"
0304330000,- - Percas del Nilo (Lates niloticus)
0304390000,- - Los demás
0304410000,"- - Salmones del pacífico (Oncorhynchus nerka, Oncorhynchus gorbuscha, Oncorhynchus keta, Oncorhynchus tschawytscha, Oncorhynchus kisutch, Oncorhynchus masou y Oncorhynchus rhodurus), salmones del Atlántico (Salmo salar) y salmones del Danubio (Hucho hucho)"
0304420000,"- - Truchas (Salmo trutta, Oncorhynchus mykiss, Oncorhynchus clarki, Oncorhynchus aguabonita, Oncorhynchus gilae, Oncorhynchus apache y Oncorhynchus chrysogaster)"
0304430000,"- - Pescados planos (Pleuronectidae, Bothidae, Cynoglossidae, Soleidae, Scophthalmidae y Citharidae)"
0304440000,"- - Pescados de las familias Bregmacerotidae, Euclichthyidae, Gadidae, Macrouridae, Melanonidae, Merlucciidae, Moridae y Muraenolepididae"
0304450000,- - Peces espada (Xiphias gladius)
0304460000,"- - Austromerluzas antárticas y austromerluzas negras (merluzas negras, bacalaos de profundidad, nototenias negras) (Dissostichus spp.)"
0304470000,- - Cazones y demás escualos
0304480000,- - Rayas (Rajidae)
0304490000,- - Los demás
0304510000,"- - Tilapias (Oreochromis spp.), bagres o peces gato (Pangasius spp., Silurus spp., Clarias spp., Ictalurus spp.), carpas (Cyprinus spp., Carassius spp., Ctenopharyngodon idellus, Hypophthalmichthys spp., Cirrhinus spp., Mylopharyngodon piceus, Catla catla, Labeo spp., Osteochilus hasselti, Leptobarbus hoeveni, Megalobrama spp.), anguilas (Anguilla spp.), percas del Nilo (Lates niloticus) y peces cabeza de serpiente (Channa spp.)."
0304520000,- - Salmónidos
0304530000,"- - Pescados de las familias Bregmacerotidae, Euclichthyidae, Gadidae, Macrouridae, Melanonidae, Merlucciidae, Moridae y Muraenolepididae"
0304540000,- - Peces espada (Xiphias gladius)
0304550000,"- - Austromerluzas antárticas y austromerluzas negras (merluzas negras, bacalaos de profundidad, nototenias negras) (Dissostichus spp.)"
0304560000,- - Cazones y demás escualos
0304570000,- - Rayas (Rajidae)
0304590000,- - Los demás
0304610000,- - Tilapias (Oreochromis spp.)
0304620000,"- - Bagres o peces gato (Pangasius spp., Silurus spp., Clarias spp., Ictalurus spp.)"
0304630000,- - Percas del Nilo (Lates niloticus)
0304690000,- - Los demás
0304710000,"- - Bacalaos (Gadus morhua, Gadus ogac, Gadus macrocephalus)"
0304720000,- - Eglefinos (Melanogrammus aeglefinus)
0304730000,- - Carboneros (Pollachius virens)
0304740010,"- - - En bloques, sin piel, con espinas"
0304740020,"- - - En bloques, sin piel, sin espinas"
0304740030,"- - - En bloques, picado"
0304740040,"- - - Porciones (“tabletas”), sin piel, con espinas"
0304740050,"- - - Interfoliados, sin piel, con espinas"
0304740060,"- - - Interfoliados, sin piel, sin espinas"
0304740090,- - - Los demás
0304750000,- - Abadejos de Alaska (Theragra chalcogramma)
0304790000,- - Los demás
0304810000,"- - Salmones del Pacífico (Oncorhynchus nerka, Oncorhynchus gorbuscha, Oncorhynchus keta, Oncorhynchus tschawytscha, Oncorhynchus kisutch, Oncorhynchus masou y Oncorhynchus rhodurus), salmones del Atlántico (Salmo salar) y salmones del Danubio (Hucho hucho)"
0304820000,"- - Truchas (Salmo trutta, Oncorhynchus mykiss, Oncorhynchus clarki, Oncorhynchus aguabonita, Oncorhynchus gilae, Oncorhynchus apache y Oncorhynchus chrysogaster)"
0304830000,"- - Pescados planos (Pleuronectidae, Bothidae, Cynoglossidae, Soleidae, Scophthalmidae y Citharidae)"
0304840000,- - Peces espada (Xiphias gladius)
0304850000,"- - Austromerluzas antárticas y austromerluzas negras (merluzas negras, bacalaos de profundidad, nototenias negras) (Dissostichus spp.)"
0304860000,"- - Arenques (Clupea harengus, Clupea pallasii)"
0304870000,"- - Atunes (del género Thunnus), listados (bonitos de vientre rayado) (Katsuwonus pelamis)"
0304880000,"- - Cazones, demás escualos y rayas (Rajidae)"
0304890000,- - Los demás
0304910000,- - Peces espada (Xiphias gladius)
0304920000,"- - Austromerluzas antárticas y austromerluzas negras (merluzas negras, bacalaos de profundidad, nototenias negras) (Dissostichus spp.)"
0304930000,"- - Tilapias (Oreochromis spp.), bagres o peces gato (Pangasius spp., Silurus spp., Clarias spp., Ictalurus spp.), carpas (Cyprinus spp., Carassius spp., Ctenopharyngodon idellus, Hypophthalmichthys spp., Cirrhinus spp., Mylopharyngodon piceus, Catla catla, Labeo spp., Osteochilus hasselti, Leptobarbus hoeveni, Megalobrama spp.), anguilas (Anguilla spp.), percas del Nilo (Lates niloticus) y peces cabeza de serpiente (Channa spp.)"
0304940000,- - Abadejos de Alaska (Theragra chalcogramma)
0304950000,"- - Pescados de las familias Bregmacerotidae, Euclichthyidae, Gadidae, Macrouridae, Melanonidae, Merlucciidae, Moridae y Muraenolepididae, excepto los abadejos de Alaska (Theragra chalcogramma)"
0304960000,- - Cazones y demás escualos
0304970000,- - Rayas (Rajidae)
0304990000,- - Los demás
0305200000,"- Hígados, huevas y lechas, de pescado, secos, ahumados, salados o en salmuera"
0305310000,"- - Tilapias (Oreochromis spp.), bagres o peces gato (Pangasius spp., Silurus spp., Clarias spp., Ictalurus spp.), carpas (Cyprinus spp., Carassius spp., Ctenopharyngodon idellus, Hypophthalmichthys spp., Cirrhinus spp., Mylopharyngodon piceus, Catla catla, Labeo spp., Osteochilus hasselti, Leptobarbus hoeveni, Megalobrama spp.), anguilas (Anguilla spp.), percas del Nilo (Lates niloticus) y peces cabeza de serpiente (Channa spp.)"
0305320000,"- - Pescados de las familias Bregmacerotidae, Euclichthyidae, Gadidae, Macrouridae, Melanonidae, Merlucciidae, Moridae y Muraenolepididae"
0305391000,"- - - De bacalaos (Gadus morhua, Gadus ogac, Gadus macrocephalus)"
0305399000,- - - Los demás
0305410000,"- - Salmones del Pacífico (Oncorhynchus nerka, Oncorhynchus gorbuscha, Oncorhynchus keta, Oncorhynchus tschawytscha, Oncorhynchus kisutch, Oncorhynchus masou y Oncorhynchus rhodurus), salmones del Atlántico (Salmo salar) y salmones del Danubio (Hucho hucho)"
0305420000,"- - Arenques (Clupea harengus, Clupea pallasii)"
0305430000,"- - Truchas (Salmo trutta, Oncorhynchus mykiss, Oncorhynchus clarki, Oncorhynchus aguabonita, Oncorhynchus gilae, Oncorhynchus apache y Oncorhynchus chrysogaster)"
0305440000,"- - Tilapias (Oreochromis spp.), bagres o peces gato (Pangasius spp., Silurus spp., Clarias spp., Ictalurus spp.), carpas (Cyprinus spp., Carassius spp., Ctenopharyngodon idellus, Hypophthalmichthys spp., Cirrhinus spp., Mylopharyngodon piceus), Catla catla, Labeo spp., Osteochilus hasselti, Leptobarbus hoeveni, Megalobrama spp.), anguilas (Anguilla spp.), percas del Nilo (Lates niloticus) y peces cabeza de serpiente (Channa spp.)"
0305490000,- - Los demás
0305510000,"- - Bacalaos (Gadus morhua, Gadus ogac, Gadus macrocephalus)"
0305520000,"- - Tilapias (Oreochromis spp.), bagres o peces gato (Pangasius spp., Silurus spp., Clarias spp., Ictalurus spp.), carpas (Cyprinus spp., Carassius spp., Ctenopharyngodon idellus, Hypophthalmichthys spp., Cirrhinus spp., Mylopharyngodon piceus, Catla catla, Labeo spp., Osteochilus hasselti, Leptobarbus hoeveni, Megalobrama spp.), anguilas (Anguilla spp.), percas del Nilo (Lates niloticus) y peces cabeza de serpiente (Channa spp.)"
0305531000,"- - - Merluzas (Merluccius spp., Urophycis spp.)"
0305539000,- - - Los demás
0305540000,"- - Arenques (Clupea harengus, Clupea pallasii), anchoas (Engraulis spp.), sardinas (Sardina pilchardus, Sardinops spp.), sardinelas (Sardinella spp.), espadines (Sprattus sprattus), caballas (Scomber scombrus, Scomber australasicus, Scomber japonicus), caballas de la India (Rastrelliger spp.), carites (Scomberomorus spp.), jureles (Trachurus spp.), pámpanos (Caranx spp.), cobias (Rachycentron canadum), palometones plateados (Pampus spp.), papardas del Pacífico (Cololabis saira), macarelas (Decapterus spp.), capelanes (Mallotus villosus), peces espada (Xiphias gladius), bacoretas orientales (Euthynnus affinis), bonitos (Sarda spp.), agujas, marlines, peces vela o picudos (Istiophoridae)"
0305590000,- - Los demás
0305610000,"- - Arenques (Clupea harengus, Clupea pallasii)"
0305620000,"- - Bacalaos (Gadus morhua, Gadus ogac, Gadus macrocephalus)"
0305630000,- - Anchoas (Engraulis spp.)
0305640000,"- - Tilapias (Oreochromis spp.), bagres o peces gato (Pangasius spp., Silurus spp., Clarias spp., Ictalurus spp.), carpas (Cyprinus spp., Carassius spp., Ctenopharyngodon idellus, Hypophthalmichthys spp., Cirrhinus spp., Mylopharyngodon piceus, Catla catla, Labeo spp., Osteochilus hasselti, Leptobarbus hoeveni, Megalobrama spp.), anguilas (Anguilla spp.), percas del Nilo (Lates niloticus) y peces cabeza de serpiente (Channa spp.)"
0305690000,- - Los demás
0305710000,- - Aletas de tiburón
0305720000,"- - Cabezas, colas y vejigas natatorias, de pescado"
0305790000,- - Los demás
0306110000,"- - Langostas (Palinurus spp., Panulirus spp., Jasus spp.)"
0306120000,- - Bogavantes (Homarus spp.)
0306140000,- - Cangrejos (excepto macruros)
0306150000,- - Cigalas (Nephrops norvegicus)
0306160000,"- - Camarones, langostinos y demás decápodos Natantia de agua fría (Pandalus spp., Crangon crangon)"
0306171100,- - - - Enteros
0306171200,- - - - Colas sin caparazón
0306171300,"- - - - Colas con caparazón, sin cocer en agua o vapor"
0306171400,"- - - - Colas con caparazón, cocidos en agua o vapor"
0306171900,- - - - Los demás
0306179100,- - - - Camarones de río de los géneros Macrobrachium
0306179900,- - - - Los demás
0306190000,- - Los demás
0306310000,"- - Langostas (Palinurus spp., Panulirus spp., Jasus spp.)"
0306320000,- - Bogavantes (Homarus spp.)
0306330000,- - Cangrejos (excepto macruros)
0306340000,- - Cigalas (Nephrops norvegicus)
0306350000,"- - Camarones, langostinos y demás decápodos Natantia, de agua fría (Pandalus spp., Crangon crangon)"
0306361100,- - - - Para reproducción o cría industrial
0306361910,- - - - - Frescos o refrigerados
0306361990,- - - - - Los demás
0306369100,- - - - Para reproducción o cría industrial
0306369200,- - - - Los demás camarones de río de los géneros Macrobrachium
0306369900,- - - - Los demás
0306390000,- - Los demás
0306910000,"- - Langostas (Palinurus spp., Panulirus spp., Jasus spp.)"
0306920000,- - Bogavantes (Homarus spp.)
0306930000,- - Cangrejos (excepto macruros)
0306940000,- - Cigalas (Nephrops norvegicus)
0306951000,- - - Camarones de río de los géneros Macrobrachium
0306959000,- - - Los demás
0306990000,- - Los demás
0307110000,"- - Vivas, frescas o refrigeradas"
0307120000,- - Congeladas
0307190000,- - Las demás
0307211000,- - - Vieiras (conchas de abanico) (Pecten jacobaeus)
0307219000,- - - Los demás
0307221000,- - - Vieiras (conchas de abanico) (Pecten Jacobaeus)
0307229000,- - - Los demás
0307291000,- - - Vieiras (conchas de abanico) (Pecten Jacobaeus)
0307299000,- - - Los demás
0307310000,"- - Vivos, frescos o refrigerados"
0307320000,- - Congelados
0307390000,- - Los demás
0307420000,"- - Vivos, frescos o refrigerados"
0307430000,- - Congelados
0307490000,- - Los demás
0307510000,"- - Vivos, frescos o refrigerados"
0307520000,- - Congelados
0307590000,- - Los demás
0307600000,"- Caracoles, excepto los de mar"
0307710000,"- - Vivos, frescos o refrigerados"
0307720000,- - Congelados
0307790000,- - Los demás
0307810000,"- - Abulones u orejas de mar (Haliotis spp.), vivos, frescos o refrigerados"
0307820000,"- - Cobos (caracoles de mar) (Strombus spp.), vivos, frescos o refrigerados"
0307830000,"- - Abulones u orejas de mar (Haliotis spp.), congelados"
0307840000,"- - Cobos (caracoles de mar) (Strombus spp.), congelados"
0307870000,- - Los demás abulones u orejas de mar (Haliotis spp.)
0307880000,- - Los demás cobos (caracoles de mar) (Strombus spp.)
0307910000,"- - Vivos, frescos o refrigerados"
0307921000,"- - - Locos (chanque, caracoles de mar) (Concholepas concholepas)"
0307922000,- - - Lapas
0307929010,- - - - Machas
0307929090,- - - - Los demás
0307992000,"- - - Locos (chanque, caracoles de mar) (Concholepas concholepas)"
0307995000,- - - Lapas
0307999010,- - - - Machas
0307999090,- - - - Los demás
0308110000,"- - Vivos, frescos o refrigerados"
0308120000,- - Congelados
0308190000,- - Los demás
0308210000,"- - Vivos, frescos o refrigerados"
0308220000,- - Congelados
0308290000,- - Los demás
0308300000,- Medusas (Rhopilema spp.)
0308900000,- Los demás
0309100000,- De pescado
0309901000,- - De crustáceos
0309909000,- - Los demás
0401100000,- Con un contenido de materias grasas inferior o igual al 1 % en peso
0401200000,"- Con un contenido de materias grasas superior al 1 % pero inferior o igual al 6 %, en peso"
0401400000,"- Con un contenido de materias grasas superior al 6 % pero inferior o igual al 10 %, en peso"
0401500000,- Con un contenido de materias grasas superior al 10 % en peso
0402101000,"- - En envases de contenido neto inferior o igual a 2,5 kg"
0402109000,- - Los demás
0402211100,"- - - - En envases de contenido neto inferior o igual a 2,5 kg"
0402211900,- - - - Las demás
0402219100,"- - - - En envases de contenido neto inferior o igual a 2,5 kg"
0402219900,- - - - Las demás
0402291100,"- - - - En envases de contenido neto inferior o igual a 2,5 kg"
0402291900,- - - - Las demás
0402299100,"- - - - En envases de contenido neto inferior o igual a 2,5 kg"
0402299900,- - - - Las demás
0402911000,- - - Leche evaporada
0402919000,- - - Las demás
0402991000,- - - Leche condensada
0402999000,- - - Las demás
0403200010,"- - Aromatizados o con frutas u otros frutos o cacao, incluso con adición de azúcar u otro edulcorante"
0403200090,- - Los demás
0403901000,- - Suero de mantequilla
0403909010,"- - - Aromatizados o con frutas u otros frutos o cacao, incluso con adición de azúcar u otro edulcorante"
0403909090,- - - Los demás
0404101000,- - Lactosuero parcial o totalmente desmineralizado
0404109000,- - Los demás
0404900000,- Los demás
0405100000,- Mantequilla (manteca)
0405200000,- Pastas lácteas para untar
0405902000,- - Grasa láctea anhidra («butteroil»)
0405909000,- - Las demás
0406100000,"- Queso fresco (sin madurar), incluido el del lactosuero, y requesón"
0406200000,"- Queso de cualquier tipo, rallado o en polvo"
0406300000,"- Queso fundido, excepto el rallado o en polvo"
0406400000,- Queso de pasta azul y demás quesos que presenten vetas producidas por Penicillium roqueforti
0406904000,"- - Con un contenido de humedad inferior al 50 % en peso, calculado sobre una base totalmente desgrasada"
0406905000,"- - Con un contenido de humedad superior o igual al 50 % pero inferior al 56 %, en peso, calculado sobre una base totalmente desgrasada"
0406906000,"- - Con un contenido de humedad superior o igual al 56 % pero inferior al 69 %, en peso, calculado sobre una base totalmente desgrasada"
0406909000,-           - Los demás
0407110000,- - De gallina de la especie Gallus domesticus
0407190000,- - Los demás
0407211000,- - - Para la producción de vacunas (libres de patógenos específicos)
0407219000,- - - Los demás
0407291000,- - - Para la producción de vacunas (libres de patógenos específicos)
0407299000,- - - Los demás
0407900000,- Los demás
0408110000,- - Secas
0408190000,- - Las demás
0408910000,- - Secos
0408990000,- - Los demás
0409001000,- En recipientes con capacidad superior o igual a 300 kg
0409009000,- Los demás
0410100010,- - Harina y polvo
0410100020,"- - Enteros o en trozos, secos, ahumados, salados o en salmuera"
0410100090,- - Los demás
0410900000,- Los demás
0501000000,"Cabello en bruto, incluso lavado o desgrasado; desperdicios de cabello."
0502100000,- Cerdas de cerdo o de jabalí y sus desperdicios
0502900000,- Los demás
0504001000,- Estómagos
0504002000,- Tripas
0504003000,- Vejigas
0505100000,- Plumas de las utilizadas para relleno; plumón
0505900000,- Los demás
0506100000,- Oseína y huesos acidulados
0506900000,- Los demás
0507100000,- Marfil; polvo y desperdicios de marfil
0507900000,- Los demás
0508000000,"Coral y materias similares, en bruto o simplemente preparados, pero sin otro trabajo; valvas y caparazones de moluscos, crustáceos o equinodermos, y jibiones, en bruto o simplemente preparados, pero sin cortar en forma determinada, incluso en polvo y desperdicios."
0510001000,"- Bilis, incluso desecada; glándulas y demás sustancias de origen animal utilizadas para la preparación de productos farmacéuticos"
0510009000,- Los demás
0511100000,- Semen de bovino
0511911000,- - - Huevas y lechas de pescado
0511912000,- - - Despojos de pescado
0511919000,- - - Los demás
0511991000,- - - Cochinilla (Dactylopious coccus)
0511993000,- - - Semen de los demás animales
0511994000,- - - Embriones
0511999020,- - - - Esponjas naturales de origen animal
0511999090,- - - - Los demás
0601100000,"- Bulbos, cebollas, tubérculos, raíces y bulbos tuberosos, turiones y rizomas, en reposo vegetativo"
0601200000,"- Bulbos, cebollas, tubérculos, raíces y bulbos tuberosos, turiones y rizomas, en vegetación o en flor; plantas y raíces de achicoria"
0602101000,- - Orquídeas
0602109000,- - Los demás
0602200000,"- Arboles, arbustos y matas, de frutas o de otros frutos comestibles, incluso injertados"
0602300000,"- Rododendros y azaleas, incluso injertados"
0602400000,"- Rosales, incluso injertados"
0602901000,"- - Orquídeas, incluidos sus esquejes enraizados"
0602909000,- - Los demás
0603110000,- - Rosas
0603121000,- - - Miniatura
0603129000,- - - Los demás
0603130000,- - Orquídeas
0603141000,- - - Pompones
0603149000,- - - Los demás
0603150000,- - Azucenas (Lilium spp.)
0603191000,"- - - Gypsophila (Lluvia, ilusión) (Gypsophilia paniculata L.)"
0603192000,- - - Aster
0603193000,- - - Alstroemeria
0603194000,- - - Gerbera
0603199000,- - - Los demás
0603900000,- Los demás
0604200000,- Frescos
0604900000,- Los demás
0701100000,- Para siembra
0701900000,- Las demás
0702000000,Tomates frescos o refrigerados.
0703100000,- Cebollas y chalotes
0703201000,- - Para siembra
0703209000,- - Los demás
0703900000,- Puerros y demás hortalizas aliáceas
0704100000,- Coliflores y brócolis
0704200000,- Coles (repollitos) de Bruselas
0704900000,- Los demás
0705110000,- - Repolladas
0705190000,- - Las demás
0705210000,- - Endibia «witloof» (Cichorium intybus var. foliosum)
0705290000,- - Las demás
0706100000,- Zanahorias y nabos
0706900000,- Los demás
0707000000,"Pepinos y pepinillos, frescos o refrigerados."
0708100000,"- Arvejas (guisantes, chícharos) (Pisum sativum)"
0708200000,"- Frijoles (fréjoles, porotos, alubias, judías) (Vigna spp., Phaseolus spp.)"
0708900000,- Las demás
0709200000,- Espárragos
0709300000,- Berenjenas
0709400000,"- Apio, excepto el apionabo"
0709510000,- - Hongos del género Agaricus
0709520000,- - Hongos del género Boletus
0709530000,- - Hongos del género Cantharellus
0709540000,- - Shiitake (Lentinus edodes)
0709550000,"- - Matsutake (Tricholoma matsutake, Tricholoma magnivelare, Tricholoma anatolicum, Tricholoma dulciolens, Tricholoma caligatum)"
0709560000,- - Trufas (Tuber spp.)
0709590000,- - Los demás
0709600000,- Frutos de los géneros Capsicum o Pimenta
0709700000,- Espinacas (incluida la de Nueva Zelanda) y armuelles
0709910000,- - Alcachofas (alcauciles)
0709920000,- - Aceitunas
0709930000,- - Calabazas (zapallos) y calabacines (Cucurbita spp.)
0709991000,- - - Maíz dulce (Zea mays var. saccharata)
0709999000,- - - Las demás
0710100000,- Papas (patatas)
0710210000,"- - Arvejas (guisantes, chícharos) (Pisum sativum)"
0710220000,"- - Frijoles (fréjoles, porotos, alubias, judías) (Vigna spp., Phaseolus spp.)"
0710290000,- - Las demás
0710300000,- Espinacas (incluida la de Nueva Zelanda) y armuelles
0710400000,- Maíz dulce
0710801000,- - Espárragos
0710802000,- - Brócoli (Brassica oleracea italica)
0710809000,- - Las demás
0710900000,- Mezclas de hortalizas
0711200000,- Aceitunas
0711400000,- Pepinos y pepinillos
0711510000,- - Hongos del género Agaricus
0711590000,- - Los demás
0711900000,- Las demás hortalizas; mezclas de hortalizas
0712200000,- Cebollas
0712310000,- - Hongos del género Agaricus
0712320000,- - Orejas de Judas (Auricularia spp.)
0712330000,- - Hongos gelatinosos (Tremella spp.)
0712340000,- - Shiitake (Lentinus edodes)
0712390000,- - Los demás
0712901000,- - Ajos
0712902000,- - Maíz dulce para la siembra
0712909000,- - Las demás
0713101000,- - Para siembra
0713109010,- - - Enteras
0713109020,- - - Partidas
0713201000,- - Para siembra
0713209000,- - Los demás
0713311000,- - - Para siembra
0713319000,- - - Los demás
0713321000,- - - Para siembra
0713329000,- - - Los demás
0713331100,- - - - Negro
0713331900,- - - - Los demás
0713339100,- - - - Negro
0713339200,- - - - Canario
0713339900,- - - - Los demás
0713341000,- - - Para siembra
0713349000,- - - Los demás
0713351000,- - - Para siembra
0713359000,- - - Los demás
0713391000,- - - Para siembra
0713399100,- - - - Pallares (Phaseolus lunatus)
0713399900,- - - - Los demás
0713401000,- - Para siembra
0713409000,- - Las demás
0713501000,- - Para siembra
0713509000,- - Las demás
0713601000,- - Para siembra
0713609000,- - Las demás
0713901000,- - Para siembra
0713909000,- - Las demás
0714100000,- Raíces de yuca (mandioca)
0714201000,- - Para siembra
0714209000,- - Los demás
0714300000,- Ñame (Dioscorea spp.)
0714400000,- Taro (Colocasia spp.)
0714500000,- Yautía (malanga) (Xanthosoma spp.)
0714901000,- - Maca (Lepidium meyenii)
0714909000,- - Los demás
0801111000,- - - Para siembra
0801119000,- - - Los demás
0801120000,- - Con la cáscara interna (endocarpio)
0801190000,- - Los demás
0801210000,- - Con cáscara
0801220000,- - Sin cáscara
0801310000,- - Con cáscara
0801320000,- - Sin cáscara
0802110000,- - Con cáscara
0802121000,- - - Para siembra
0802129000,- - - Los demás
0802210000,- - Con cáscara
0802220000,- - Sin cáscara
0802310000,- - Con cáscara
0802320000,- - Sin cáscara
0802410000,- - Con cáscara
0802420000,- - Sin cáscara
0802510000,- - Con cáscara
0802520000,- - Sin cáscara
0802610000,- - Con cáscara
0802620000,- - Sin cáscara
0802700000,- Nueces de cola (Cola spp.)
0802800000,- Nueces de areca
0802910000,- - Piñones con cáscara
0802920000,- - Piñones sin cáscara
0802990000,- - Los demás
0803101000,- - Frescos
0803102000,- - Secos
0803901100,- - - Tipo «cavendish valery»
0803901200,"- - - Bocadillo (manzanito, orito) (Musa acuminata)"
0803901900,- - - Los demás
0803902000,- - Secos
0804100000,- Dátiles
0804200000,- Higos
0804300000,- Piñas (ananás)
0804400000,- Aguacates (paltas)
0804501000,- - Guayabas
0804502000,- - Mangos y mangostanes
0805100000,- Naranjas
0805210000,- - Mandarinas (incluidas las tangerinas y satsumas)
0805220000,- - Clementinas
0805291000,- - - Tangelo (Citrus reticulata x Citrus paradisis)
0805299000,- - - Los demás
0805400000,- Toronjas y pomelos
0805501000,"- - Limones (Citrus limon, Citrus limonum)"
0805502100,"- - - Limón (limón sutil, limón común, limón criollo) (Citrus aurantifolia)"
0805502200,- - - Lima Tahití (limón Tahití) (Citrus latifolia)
0805900000,- Los demás
0806100000,- Frescas
0806200000,"- Secas, incluidas las pasas"
0807110000,- - Sandías
0807190000,- - Los demás
0807200000,- Papayas
0808100000,- Manzanas
0808300000,- Peras
0808400000,- Membrillos
0809100000,"- Damascos (albaricoques, chabacanos)"
0809210000,- - Guindas (cerezas ácidas) (Prunus cerasus)
0809290000,- - Las demás
0809300000,"- Duraznos (melocotones), incluidos los griñones y nectarinas"
0809400000,- Ciruelas y endrinas
0810100000,- Fresas (frutillas)
0810200000,"- Frambuesas, zarzamoras, moras y moras-frambuesa"
0810300000,"- Grosellas negras, blancas o rojas y grosellas espinosas"
0810400000,"- Arándanos rojos, mirtilos y demás frutos del género Vaccinium"
0810500000,- Kiwis
0810600000,- Duriones
0810700000,- Caquis (persimonios)
0810901000,"- - Granadilla, maracuyá (parchita) y demás frutas de la pasión (Passiflora spp.)"
0810902000,"- - Chirimoya, guanábana y demás anonas (Annona spp.)"
0810903000,"- - Tomate de árbol (lima tomate, tamarillo) (Cyphomandra betacea)"
0810904000,- - Pitahayas (Cereus spp.)
0810905000,"- - Uchuvas (aguaymanto, uvillas) (Physalis peruviana)"
0810909000,- - Los demás
0811101000,- - Con adición de azúcar u otro edulcorante
0811109000,- - Las demás
0811200000,"- Frambuesas, zarzamoras, moras, moras-frambuesa y grosellas"
0811901000,- - Con adición de azúcar u otro edulcorante
0811909100,- - - Mango (Mangifera indica L.)
0811909200,- - - Camu Camu (Myrciaria dubia)
0811909300,- - - Lúcuma (Lúcuma obovata)
0811909400,- - - Maracuyá (parchita) (Passiflora edulis)
0811909500,- - - Guanábana (Annona muricata)
0811909600,- - - Papaya
0811909900,- - - Los demás
0812100000,- Cerezas
0812902000,"- - Duraznos (melocotones), incluidos los griñones y nectarinas"
0812909000,- - Los demás
0813100000,"- Damascos (albaricoques, chabacanos)"
0813200000,- Ciruelas
0813300000,- Manzanas
0813400000,- Las demás frutas u otros frutos
0813500000,"- Mezclas de frutas u otros frutos, secos, o de frutos de cáscara de este Capítulo"
0814001000,"- De limón (limón sutil, limón común, limón criollo) (Citrus aurantifolia)"
0814009000,- Las demás
0901111000,- - - Para siembra
0901119000,- - - Los demás
0901120000,- - Descafeinado
0901211000,- - - En grano
0901212000,- - - Molido
0901220000,- - Descafeinado
0901900000,- Los demás
0902100000,- Té verde (sin fermentar) presentado en envases inmediatos con un contenido inferior o igual a 3 kg
0902200000,- Té verde (sin fermentar) presentado de otra forma
0902300000,"- Té negro (fermentado) y té parcialmente fermentado, presentados en envases inmediatos con un contenido inferior o igual a 3 kg"
0902400000,"- Té negro (fermentado) y té parcialmente fermentado, presentados de otra forma"
0903000000,Yerba mate.
0904110000,- - Sin triturar ni pulverizar
0904120000,- - Triturada o pulverizada
0904211010,- - - - En trozos o rodajas
0904211090,- - - - Los demás
0904219000,- - - Los demás
0904221000,"- - - Paprika (Capsicum annuum, L.)"
0904229000,- - - Los demás
0905100000,- Sin triturar ni pulverizar
0905200000,- Triturada o pulverizada
0906110000,- - Canela (Cinnamomum zeylanicum Blume)
0906190000,- - Las demás
0906200000,- Trituradas o pulverizadas
0907100000,- Sin triturar ni pulverizar
0907200000,- Triturados o pulverizados
0908110000,- - Sin triturar ni pulverizar
0908120000,- - Triturada o pulverizada
0908210000,- - Sin triturar ni pulverizar
0908220000,- - Triturado o pulverizado
0908310000,- - Sin triturar ni pulverizar
0908320000,- - Triturados o pulverizados
0909211000,- - - Para siembra
0909219000,- - - Los demás
0909220000,- - Trituradas o pulverizadas
0909310000,- - Sin triturar ni pulverizar
0909320000,- - Trituradas o pulverizadas
0909610000,- - Sin triturar ni pulverizar
0909620000,- - Trituradas o pulverizadas
0910110000,- - Sin triturar ni pulverizar
0910120000,- - Triturado o pulverizado
0910200000,- Azafrán
0910300000,- Cúrcuma
0910910000,- - Mezclas previstas en la Nota 1 b) de este Capítulo
0910991000,- - - Hojas de laurel
0910999000,- - - Las demás
1001110000,- - Para siembra
1001190000,- - Los demás
1001910010,- - - Trigo
1001910090,- - - Los demás
1001991000,- - - Los demás trigos
1001992000,- - - Morcajo (tranquillón)
1002100000,- Para siembra
1002900000,- Los demás
1003100000,- Para siembra
1003900000,- Las demás
1004100000,- Para siembra
1004900000,- Las demás
1005100000,- Para siembra
1005901100,- - - Amarillo
1005901200,- - - Blanco
1005901900,- - - Los demás
1005902000,- - Maíz reventón (Zea mays convar. microsperma o Zea mays var. everta)
1005903000,- - Blanco gigante (Zea mays amilacea cv. gigante)
1005904000,- - Morado (Zea mays amilacea cv. morado)
1005909000,- - Los demás
1006101000,- - Para siembra
1006109000,- - Los demás
1006200000,- Arroz descascarillado (arroz cargo o arroz pardo)
1006300000,"- Arroz semiblanqueado o blanqueado, incluso pulido o glaseado"
1006400000,- Arroz partido
1007100000,- Para siembra
1007900000,- Los demás
1008101000,- - Para siembra
1008109000,- - Los demás
1008210000,- - Para siembra
1008290000,- - Los demás
1008301000,- - Para siembra
1008309000,- - Los demás
1008400000,- Fonio (Digitaria spp.)
1008501000,- - Para siembra
1008509000,- - Los demás
1008600000,- Triticale
1008902100,- - - Para siembra
1008902900,- - - Los demás
1008909100,- - - Para siembra
1008909900,- - - Los demás
1101000000,Harina de trigo o de morcajo (tranquillón).
1102200000,- Harina de maíz
1102901000,- - Harina de centeno
1102909000,- - Las demás
1103110000,- - De trigo
1103130000,- - De maíz
1103190000,- - De los demás cereales
1103200000,- «Pellets»
1104120000,- - De avena
1104190000,- - De los demás cereales
1104220000,- - De avena
1104230000,- - De maíz
1104291000,- - - De cebada
1104299000,- - - Los demás
1104300000,"- Germen de cereales entero, aplastado, en copos o molido"
1105100000,"- Harina, sémola y polvo"
1105200000,"- Copos, gránulos y «pellets»"
1106100000,- De las hortalizas de la partida 07.13
1106201000,- - Maca (Lepidium meyenii)
1106209000,- - Los demás
1106301000,- - De bananas o plátanos
1106302000,- - De lúcuma (Lúcuma Obovata)
1106309000,- - Los demás
1107100000,- Sin tostar
1107200000,- Tostada
1108110000,- - Almidón de trigo
1108120000,- - Almidón de maíz
1108130000,- - Fécula de papa (patata)
1108140000,- - Fécula de yuca (mandioca)
1108190000,- - Los demás almidones y féculas
1108200000,- Inulina
1109000000,"Gluten de trigo, incluso seco."
1201100000,- Para siembra
1201900000,- Las demás
1202300000,- Para siembra
1202410000,- - Con cáscara
1202420000,"- - Sin cáscara, incluso quebrantados"
1203000000,Copra.
1204001000,- Para siembra
1204009000,- Las demás
1205101000,- - Para siembra
1205109000,- - Las demás
1205901000,- - Para siembra
1205909000,- - Las demás
1206001000,- Para siembra
1206009000,- Las demás
1207101000,- - Para siembra
1207109000,- - Las demás
1207210000,- - Para siembra
1207290000,- - Las demás
1207301000,- - Para siembra
1207309000,- - Las demás
1207401000,- - Para siembra
1207409000,- - Las demás
1207501000,- - Para siembra
1207509000,- - Las demás
1207601000,- - Para siembra
1207609000,- - Las demás
1207701000,- - Para siembra
1207709000,- - Las demás
1207910000,- - Semillas de amapola (adormidera)
1207991000,- - - Para siembra
1207999100,- - - - Semillas de Karité
1207999900,- - - - Los demás
1208100000,"- De habas (porotos, frijoles, fréjoles) de soja (soya)"
1208900000,- Las demás
1209100000,- Semillas de remolacha azucarera
1209210000,- - De alfalfa
1209220000,- - De trébol (Trifolium spp.)
1209230000,- - De festucas
1209240000,- - De pasto azul de Kentucky (Poa pratensis L.)
1209250000,"- - De ballico (Lolium multiflorum Lam., Lolium perenne L.)"
1209290000,- - Las demás
1209300000,- Semillas de plantas herbáceas utilizadas principalmente por sus flores
1209911000,"- - - De cebollas, puerros (poros), ajos y demás hortalizas del género Allium"
1209912000,"- - - De coles, coliflores, brócoli, nabos y demás hortalizas del género Brassica"
1209913000,- - - De zanahoria (Daucus carota)
1209914000,- - - De lechuga (Lactuca sativa)
1209915000,- - - De tomates (Licopersicum spp.)
1209919000,- - - Las demás
1209991000,- - - Semillas de árboles frutales o forestales
1209992000,- - - Semillas de tabaco
1209993000,- - - Semillas de tara (Caesalpinea spinosa)
1209994000,"- - - Semillas de achiote (onoto, bija)"
1209999000,- - - Los demás
1210100000,- Conos de lúpulo sin triturar ni moler ni en «pellets»
1210200000,"- Conos de lúpulo triturados, molidos o en «pellets»; lupulino"
1211200010,- - Refrigerados o congelados
1211200090,- - Las demás
1211300000,- Hojas de coca
1211400000,- Paja de adormidera
1211500000,- Efedra
1211600010,"- - Refrigerados, congelados"
1211600090,- - Los demás
1211903000,- - Orégano (Origanum vulgare)
1211905000,- - Uña de gato (Uncaria tomentosa)
1211906000,- - Hierbaluisa (Cymbopogon citratus)
1211909040,- - - Piretro (pelitre)
1211909091,- - - - Refrigerados o congelados
1211909099,- - - - Las demás
1212210000,- - Aptas para la alimentación humana
1212290000,- - Las demás
1212910000,- - Remolacha azucarera
1212920000,- - Algarrobas
1212930000,- - Caña de azúcar
1212940000,- - Raíces de achicoria
1212991000,- - - Estevia (stevia) (Stevia rebaudiana)
1212999000,- - - Los demás
1213000000,"Paja y cascabillo de cereales, en bruto, incluso picados, molidos, prensados o en «pellets»."
1214100000,- Harina y «pellets» de alfalfa
1214900000,- Los demás
1301200000,- Goma arábiga
1301904000,- - Goma tragacanto
1301909010,- - - Goma laca
1301909090,- - - Los demás
1302111000,- - - Concentrado de paja de adormidera
1302119000,- - - Los demás
1302120000,- - De regaliz
1302130000,- - De lúpulo
1302140000,- - De efedra
1302191100,- - - - Presentado o acondicionado para la venta al por menor
1302191900,- - - - Los demás
1302192000,"- - - Extracto de habas (porotos, frijoles, fréjoles) de soja (soya), incluso en polvo"
1302199100,- - - - Presentados o acondicionados para la venta al por menor
1302199900,- - - - Los demás
1302200000,"- Materias pécticas, pectinatos y pectatos"
1302310000,- - Agar-agar
1302320000,"- - Mucílagos y espesativos de la algarroba o de sus semillas o de las semillas de guar, incluso modificados"
1302391000,- - - Mucílagos de semilla de tara (Caesalpinea spinosa)
1302399000,- - - Los demás
1401100000,- Bambú
1401200000,- Roten (ratán)
1401900000,- Las demás
1404200000,- Línteres de algodón
1404901000,"- - Achiote en polvo (onoto, bija)"
1404902000,- - Tara en polvo (Caesalpinea spinosa)
1404909010,"- - - Materias vegetales de las especies utilizadas principalmente para relleno incluso en capas aun con soporte de otras materias, excepto «kapok»"
1404909090,- - - Los demás
1501100000,- Manteca de cerdo
1501200000,- Las demás grasas de cerdo
1501900000,- Las demás
1502101010,- - - En rama
1502101090,- - - Los demás
1502109010,- - - En rama
1502109090,- - - Los demás
1502901010,- - - En rama
1502901090,- - - Las demás
1502909010,- - - En rama
1502909090,- - - Las demás
1503000000,"Estearina solar, aceite de manteca de cerdo, oleoestearina, oleomargarina y aceite de sebo, sin emulsionar, mezclar ni preparar de otro modo."
1504101000,- - De hígado de bacalao
1504102100,- - - En bruto
1504102900,- - - Los demás
1504201000,- - En bruto
1504209000,- - Los demás
1504300000,- Grasas y aceites de mamíferos marinos y sus fracciones
1505001000,- Grasa de lana en bruto (suarda o suintina)
1505009100,- - Lanolina
1505009900,- - Las demás
1506001000,- Aceite de pie de buey
1506009000,- Los demás
1507100000,"- Aceite en bruto, incluso desgomado"
1507901000,- - Con adición de sustancias desnaturalizantes en una proporción inferior o igual al 1 %
1507909000,- - Los demás
1508100000,- Aceite en bruto
1508900000,- Los demás
1509200000,- Aceite de oliva virgen extra
1509300000,- Aceite de oliva virgen
1509400000,- Los demás aceites de oliva vírgenes
1509900000,- Los demás
1510100000,- Aceite de orujo de oliva en bruto
1510900000,- Los demás
1511100000,- Aceite en bruto
1511900000,- Los demás
1512111000,- - - De girasol
1512112000,- - - De cártamo
1512191000,- - - De girasol
1512192000,- - - De cártamo
1512210000,"- - Aceite en bruto, incluso sin gosipol"
1512290000,- - Los demás
1513110000,- - Aceite en bruto
1513190000,- - Los demás
1513211000,- - - De almendra de palma (palmiste)
1513212000,- - - De babasú
1513291000,- - - De almendra de palma (palmiste)
1513292000,- - - De babasú
1514110000,- - Aceites en bruto
1514190000,- - Los demás
1514910000,- - Aceites en bruto
1514990000,- - Los demás
1515110000,- - Aceite en bruto
1515190000,- - Los demás
1515210000,- - Aceite en bruto
1515290000,- - Los demás
1515300000,- Aceite de ricino y sus fracciones
1515500000,- Aceite de sésamo (ajonjolí) y sus fracciones
1515600000,"- Grasas y aceites, de origen microbiano, y sus fracciones"
1515900010,- - Aceite de tung y sus fracciones
1515900090,- - Los demás
1516100000,"- Grasas y aceites, animales, y sus fracciones"
1516200000,"- Grasas y aceites, vegetales, y sus fracciones"
1516300000,"- Grasas y aceites, de origen microbiano, y sus fracciones"
1517100000,"- Margarina, excepto la margarina líquida"
1517900000,- Las demás
1518001000,- Linoxina
1518009000,- Los demás
1520000000,Glicerol en bruto; aguas y lejías glicerinosas.
1521101000,- - Cera de carnauba
1521102000,- - Cera de candelilla
1521109000,- - Las demás
1521901000,- - Cera de abejas o de otros insectos
1521902000,- - Esperma de ballena o de otros cetáceos (espermaceti)
1522000000,"Degrás; residuos procedentes del tratamiento de grasas o ceras, animales o vegetales."
1601000010,- De insectos
1601000090,- Los demás
1602100010,- - De insectos
1602100090,- - Las demás
1602200000,- De hígado de cualquier animal
1602311000,- - - En trozos sazonados y congelados
1602319000,- - - Los demás
1602321011,- - - - - Sin deshuesar
1602321012,- - - - - Deshuesado
1602321090,- - - - Los demás
1602329011,- - - - - Sin deshuesar
1602329012,- - - - - Deshuesado
1602329090,- - - - Los demás
1602391000,- - - En trozos sazonados y congelados
1602399000,- - - Los demás
1602410000,- - Jamones y trozos de jamón
1602420000,- - Paletas y trozos de paleta
1602490000,"- - Las demás, incluidas las mezclas"
1602500000,- De la especie bovina
1602900010,- - De insectos
1602900090,- - Las demás
1603000000,"Extractos y jugos de carne, pescado o de crustáceos, moluscos o demás invertebrados acuáticos."
1604110000,- - Salmones
1604120000,- - Arenques
1604131010,- - - - En envase tipo “oval”
1604131020,- - - - En envase tipo “tall”
1604131090,- - - - Los demás
1604132000,- - - En aceite
1604133000,- - - En agua y sal
1604139000,- - - Las demás
1604141000,- - - Atunes
1604142000,- - - Listados y bonitos
1604150000,- - Caballas
1604160000,- - Anchoas
1604170000,- - Anguilas
1604180000,- - Aletas de tiburón
1604190000,- - Los demás
1604200000,- Las demás preparaciones y conservas de pescado
1604310000,- - Caviar
1604320000,- - Sucedáneos del caviar
1605100000,- Cangrejos (excepto macruros)
1605210000,- - Presentados en envases no herméticos
1605290000,- - Los demás
1605300000,- Bogavantes
1605400000,- Los demás crustáceos
1605510000,- - Ostras
1605520000,"- - Vieiras, volandeiras y demás moluscos"
1605530000,- - Mejillones
1605540000,"- - Jibias (sepias), globitos, calamares y potas"
1605550000,- - Pulpos
1605560000,"- - Almejas, berberechos y arcas"
1605570000,- - Abulones u orejas de mar
1605580000,"- - Caracoles, excepto los de mar"
1605591000,"- - - Locos (chanque, caracoles de mar) (Concholepas concholepas) y machas"
1605599000,- - - Los demás
1605610000,- - Pepinos de mar
1605620000,- - Erizos de mar
1605630000,- - Medusas
1605690000,- - Los demás
1701120000,- - De remolacha
1701130000,- - Azúcar de caña mencionado en la Nota 2 de subpartida de este Capítulo
1701140000,- - Los demás azúcares de caña
1701910000,- - Con adición de aromatizante o colorante
1701991000,- - - Sacarosa químicamente pura
1701999000,- - - Los demás
1702110000,"- - Con un contenido de lactosa superior o igual al 99 % en peso, expresado en lactosa anhidra, calculado sobre producto seco"
1702191000,- - - Lactosa
1702192000,- - - Jarabe de lactosa
1702200000,- Azúcar y jarabe de arce («maple»)
1702301000,"- - Con un contenido de glucosa superior o igual al 99 % en peso, expresado en glucosa anhidra, calculado sobre producto seco (Dextrosa)"
1702302000,- - Jarabe de glucosa
1702309000,- - Las demás
1702401000,- - Glucosa
1702402000,- - Jarabe de glucosa
1702500000,- Fructosa químicamente pura
1702600000,"- Las demás fructosas y jarabe de fructosa, con un contenido de fructosa sobre producto seco superior al 50 % en peso, excepto el azúcar invertido"
1702901000,"- - Sucedáneos de la miel, incluso mezclados con miel natural"
1702902000,- - Azúcar y melaza caramelizados
1702903000,- - Azúcares con adición de aromatizante o colorante
1702904000,- - Los demás jarabes
1702909000,- - Los demás
1703100000,- Melaza de caña
1703900000,- Las demás
1704101000,- - Recubiertos de azúcar
1704109000,- - Los demás
1704901000,"- - Bombones, caramelos, confites y pastillas"
1704909000,- - Los demás
1801001100,- - Para siembra
1801001900,- - Los demás
1801002000,- Tostado
1802000000,"Cáscara, películas y demás residuos de cacao."
1803100000,- Sin desgrasar
1803200000,- Desgrasada total o parcialmente
1804001100,- - Con un índice de acidez expresado en ácido oleico inferior o igual a 1 %
1804001200,"- - Con un índice de acidez expresado en ácido oleico superior a 1 % pero inferior o igual a 1,65 %"
1804001300,"- - Con un índice de acidez expresado en ácido oleico superior a 1,65 %"
1804002000,- Grasa y aceite de cacao
1805000000,Cacao en polvo sin adición de azúcar ni otro edulcorante.
1806100000,- Cacao en polvo con adición de azúcar u otro edulcorante
1806201000,"- - Sin adición de azúcar, ni otros edulcorantes"
1806209000,- - Las demás
1806310000,- - Rellenos
1806320000,- - Sin rellenar
1806900000,- Los demás
1901101000,- - Fórmulas lácteas para niños de hasta 12 meses de edad
1901109100,"- - - A base de harina, sémola, almidón, fécula o extracto de malta"
1901109900,- - - Los demás
1901200000,"- Mezclas y pastas para la preparación de productos de panadería, pastelería o galletería, de la partida 19.05"
1901901000,- - Extracto de malta
1901902000,- - Manjar blanco o dulce de leche
1901909000,- - Los demás
1902110000,- - Que contengan huevo
1902190000,- - Las demás
1902200000,"- Pastas alimenticias rellenas, incluso cocidas o preparadas de otra forma"
1902300000,- Las demás pastas alimenticias
1902400000,- Cuscús
1903000000,"Tapioca y sus sucedáneos preparados con fécula, en copos, grumos, granos perlados, cerniduras o formas similares."
1904100000,- Productos a base de cereales obtenidos por inflado o tostado
1904200000,- Preparaciones alimenticias obtenidas con copos de cereales sin tostar o con mezclas de copos de cereales sin tostar y copos de cereales tostados o cereales inflados
1904300000,- Trigo bulgur
1904900000,- Los demás
1905100000,- Pan crujiente llamado «Knäckebrot»
1905200000,- Pan de especias
1905310000,- - Galletas dulces (con adición de edulcorante)
1905320000,"- - Barquillos y obleas, incluso rellenos («gaufrettes», «wafers») y «waffles» («gaufres»)"
1905400000,- Pan tostado y productos similares tostados
1905901000,- - Galletas saladas o aromatizadas
1905909000,- - Los demás
2001100000,- Pepinos y pepinillos
2001901000,- - Aceitunas
2001909000,- - Los demás
2002100000,- Tomates enteros o en trozos
2002900000,- Los demás
2003100000,- Hongos del género Agaricus
2003900000,- Los demás
2004100000,- Papas (patatas)
2004900000,- Las demás hortalizas y las mezclas de hortalizas
2005100000,- Hortalizas homogeneizadas
2005200000,- Papas (patatas)
2005400000,"- Arvejas (guisantes, chícharos) (Pisum sativum)"
2005510000,- - Desvainados
2005590000,- - Los demás
2005600000,- Espárragos
2005700000,- Aceitunas
2005800000,- Maíz dulce (Zea mays var. saccharata)
2005910000,- - Brotes de bambú
2005991000,- - - Alcachofas (alcauciles)
2005993110,- - - - -  Pimiento piquillo
2005993120,- - - - - Pimiento morrón
2005993190,- - - - - Los demás
2005993900,- - - - Los demás
2005999000,- - - Las demás
2006000000,"Hortalizas, frutas u otros frutos o sus cortezas y demás partes de plantas, confitados con azúcar (almibarados, glaseados o escarchados)."
2007100000,- Preparaciones homogeneizadas
2007911000,"- - - Confituras, jaleas y mermeladas"
2007912000,- - - Purés y pastas
2007991100,"- - - - Confituras, jaleas y mermeladas"
2007991200,- - - - Purés y pastas
2007999100,"- - - - Confituras, jaleas y mermeladas"
2007999200,- - - - Purés y pastas
2008111000,- - - Manteca
2008119000,- - - Los demás
2008191000,"- - - Nueces de marañón (merey, cajuil, anacardo, «cajú»)"
2008192000,- - - Pistachos
2008199000,"- - - Los demás, incluidas las mezclas"
2008201000,"- - En agua con adición de azúcar u otro edulcorante, incluido el jarabe"
2008209000,- - Las demás
2008300000,- Agrios (cítricos)
2008400000,- Peras
2008500000,"- Damascos (albaricoques, chabacanos)"
2008601000,"- - En agua con adición de azúcar u otro edulcorante, incluido el jarabe"
2008609000,- - Las demás
2008702000,"- - En agua con adición de azúcar u otro edulcorante, incluido el jarabe"
2008709000,- - Los demás
2008800000,- Fresas (frutillas)
2008910000,- - Palmitos
2008930000,"- - Arándanos agrios, trepadores o palustres (Vaccinium macrocarpon, Vaccinium oxycoccos); arándanos rojos o encarnados (Vaccinium vitis-idaea)"
2008970000,- - Mezclas
2008992000,- - - Papayas
2008993000,- - - Mangos
2008999000,- - - Los demás
2009110000,- - Congelado
2009120000,"- - Sin congelar, de valor Brix inferior o igual a 20"
2009190000,- - Los demás
2009210000,- - De valor Brix inferior o igual a 20
2009290000,- - Los demás
2009310000,- - De valor Brix inferior o igual a 20
2009391000,- - - De limón de la subpartida 0805.50.21
2009399000,- - - Los demás
2009410000,- - De valor Brix inferior o igual a 20
2009490000,- - Los demás
2009500000,- Jugo de tomate
2009610000,- - De valor Brix inferior o igual a 30
2009690000,- - Los demás
2009710000,- - De valor Brix inferior o igual a 20
2009790000,- - Los demás
2009810000,"- - Jugo de arándanos agrios, trepadores o palustres (Vaccinium macrocarpon, Vaccinium oxycoccos); jugo de arándanos rojos o encarnados (Vaccinium vitis-idaea)"
2009891000,- - - De papaya
2009892000,- - - De maracuyá (parchita) (Passiflora edulis)
2009893000,- - - De guanábana (Annona muricata)
2009894000,- - - De mango
2009895000,- - - De camu camu (Myrciaria dubia)
2009896000,- - - De hortaliza
2009899000,- - - Los demás
2009900000,- Mezclas de jugos
2101110000,"- - Extractos, esencias y concentrados"
2101120000,"- - Preparaciones a base de extractos, esencias o concentrados o a base de café"
2101200000,"- Extractos, esencias y concentrados de té o de yerba mate y preparaciones a base de estos extractos, esencias o concentrados o a base de té o de yerba mate"
2101300000,"- Achicoria tostada y demás sucedáneos del café tostados y sus extractos, esencias y concentrados"
2102101000,- - Levadura de cultivo
2102109000,- - Las demás
2102200000,- Levaduras muertas; los demás microorganismos monocelulares muertos
2102300000,- Polvos preparados para esponjar masas
2103100000,- Salsa de soja (soya)
2103200000,- Kétchup y demás salsas de tomate
2103301000,- - Harina de mostaza
2103302000,- - Mostaza preparada
2103901000,- - Salsa mayonesa
2103902000,"- - Condimentos y sazonadores, compuestos"
2103909000,- - Las demás
2104101000,"- - Preparaciones para sopas, potajes o caldos"
2104102000,"- - Sopas, potajes o caldos, preparados"
2104200000,- Preparaciones alimenticias compuestas homogeneizadas
2105001000,"- Helados que no contengan leche, ni productos lácteos"
2105009000,- Los demás
2106101100,"- - - De soya, con un contenido de proteína en base seca entre 65 % y 75 %"
2106101900,- - - Los demás
2106102000,- - Sustancias proteicas texturadas
2106901000,"- - Polvos para la preparación de budines, cremas, helados, postres, gelatinas y similares"
2106902100,- - - Presentadas en envases acondicionados para la venta al por menor
2106902900,- - - Las demás
2106903000,- - Hidrolizados de proteínas
2106904000,- - Autolizados de levadura
2106905000,- - Mejoradores de panificación
2106906100,- - - A base de estevia
2106906900,- - - Las demás
2106907100,"- - - Que contengan como ingrediente principal uno o más extractos vegetales, partes de plantas, semillas o frutos, incluidas las mezclas entre sí"
2106907200,"- - - Que contengan como ingrediente principal uno o más extractos vegetales, partes de plantas, semillas o frutos, con una o más vitaminas, minerales u otras sustancias"
2106907300,- - - Que contengan como ingrediente principal una o más vitaminas con uno o más minerales
2106907400,- - - Que contengan como ingrediente principal una o más vitaminas
2106907900,- - - Los demás
2106908000,- - Fórmulas no lácteas para niños de hasta 12 meses de edad
2106909000,- - Las demás
2201100011,"- - - Natural, incluso gaseada"
2201100012,"- - - Artificial, incluso gaseada"
2201100030,- - Agua gaseada
2201900010,- - Agua sin gasear
2201900020,- - Hielo
2201900090,- - Las demás
2202100000,"- Agua, incluidas el agua mineral y la gaseada, con adición de azúcar u otro edulcorante o aromatizada"
2202910000,- - Cerveza sin alcohol
2202990000,- - Las demás
2203000000,Cerveza de malta.
2204100000,- Vino espumoso
2204210000,- - En recipientes con capacidad inferior o igual a 2 l
2204221000,- - - Mosto de uva en el que la fermentación se ha impedido o cortado añadiendo alcohol
2204229000,- - - Los demás vinos
2204291000,- - - Mosto de uva en el que la fermentación se ha impedido o cortado añadiendo alcohol
2204299000,- - - Los demás vinos
2204300000,- Los demás mostos de uva
2205100000,- En recipientes con capacidad inferior o igual a 2 l
2205900000,- Los demás
2206000000,"Las demás bebidas fermentadas (por ejemplo: sidra, perada, aguamiel, sake); mezclas de bebidas fermentadas y mezclas de bebidas fermentadas y bebidas no alcohólicas, no expresadas ni comprendidas en otra parte."
2207100000,- Alcohol etílico sin desnaturalizar con grado alcohólico volumétrico superior o igual al 80 % vol.
2207200010,- - Alcohol carburante
2207200090,- - Los demás
2208202100,- - - Pisco
2208202200,- - - Singani
2208202900,- - - Los demás
2208203000,- - De orujo de uvas («grappa» y similares)
2208300000,- Whisky
2208400000,"- Ron y demás aguardientes procedentes de la destilación, previa fermentación, de productos de la caña de azúcar"
2208500000,- Gin y ginebra
2208600000,- Vodka
2208701000,- - De anís
2208702000,- - Cremas
2208709000,- - Los demás
2208901000,- - Alcohol etílico sin desnaturalizar con grado alcohólico volumétrico inferior al 80 % vol.
2208902000,- - Aguardiente de agaves (tequila y similares)
2208904200,- - - De anís
2208904900,- - - Los demás
2208909000,- - Los demás
2209000000,Vinagre y sucedáneos del vinagre obtenidos a partir del ácido acético.
2301101000,- - Chicharrones
2301109000,- - Los demás
2301201100,- - - Con un contenido de grasa superior a 2 % en peso
2301201900,- - - Con un contenido de grasa inferior o igual a 2 % en peso
2301209000,- - Los demás
2302100000,- De maíz
2302300000,- De trigo
2302400010,- - De arroz
2302400090,- - Los demás
2302500000,- De leguminosas
2303100000,- Residuos de la industria del almidón y residuos similares
2303200000,"- Pulpa de remolacha, bagazo de caña de azúcar y demás desperdicios de la industria azucarera"
2303300000,- Heces y desperdicios de cervecería o de destilería
2304000000,"Tortas y demás residuos sólidos de la extracción del aceite de soja (soya), incluso molidos o en «pellets»."
2305000000,"Tortas y demás residuos sólidos de la extracción del aceite de mani (cacahuate, cacahuete), incluso molidos o en «pellets»."
2306100000,- De semillas de algodón
2306200000,- De semillas de lino
2306300000,- De semillas de girasol
2306410000,- - Con bajo contenido de ácido erúcico
2306490000,- - Los demás
2306500000,- De coco o de copra
2306600000,- De nuez o de almendra de palma (palmiste)
2306900000,- Los demás
2307000000,Lías o heces de vino; tártaro bruto.
2308001000,- Harina de flores de marigold
2308009000,- Las demás
2309102000,"- - Presentados en envases herméticos, con un contenido de humedad superior o igual al 60 %"
2309109000,- - Los demás
2309901000,- - Preparaciones forrajeras con adición de melazas o de azúcar
2309902000,- - Premezclas
2309903000,- - Sustitutos de la leche para alimentación de terneros
2309909000,- - Las demás
2401101000,- - Tabaco negro
2401102000,- - Tabaco rubio
2401201000,- - Tabaco negro
2401202000,- - Tabaco rubio
2401300000,- Desperdicios de tabaco
2402100000,"- Cigarros (puros) (incluso despuntados) y cigarritos (puritos), que contengan tabaco"
2402201000,- - De tabaco negro
2402202000,- - De tabaco rubio
2402900000,- Los demás
2403110000,- - Tabaco para pipa de agua mencionado en la Nota 1 de subpartida de este Capítulo
2403190000,- - Los demás
2403910000,- - Tabaco «homogeneizado» o «reconstituido»
2403990000,- - Los demás
2404110000,- - Que contengan tabaco o tabaco reconstituido
2404120000,"- - Los demás, que contengan nicotina"
2404190010,- - - Que contengan sucedáneos  del tabaco
2404190090,- - - Los demás
2404910000,- - Para administrarse por vía oral
2404920000,- - Para administrarse por vía transdérmica
2404990000,- - Los demás
2501001000,- Sal de mesa
2501002000,"- Cloruro de sodio, con pureza superior o igual al 99,5 %, incluso en disolución acuosa"
2501009100,- - Desnaturalizada
2501009200,- - Para alimento de ganado
2501009910,- - - Agua de mar
2501009990,- - - Los demás
2502000000,Piritas de hierro sin tostar.
2503000000,"Azufre de cualquier clase, excepto el sublimado, el precipitado y el coloidal."
2504100000,- En polvo o en escamas
2504900000,- Los demás
2505100000,- Arenas silíceas y arenas cuarzosas
2505900000,- Las demás
2506100000,- Cuarzo
2506200000,- Cuarcita
2507001000,"- Caolín, incluso calcinado"
2507009000,- Las demás
2508100000,- Bentonita
2508300000,- Arcillas refractarias
2508400000,- Las demás arcillas
2508500000,"- Andalucita, cianita y silimanita"
2508600000,- Mullita
2508700000,- Tierras de chamota o de dinas
2509000000,Creta.
2510100000,- Sin moler
2510200000,- Molidos
2511100000,- Sulfato de bario natural (baritina)
2511200000,- Carbonato de bario natural (witherita)
2512000000,"Harinas silíceas fósiles (por ejemplo: «kieselguhr», tripolita, diatomita) y demás tierras silíceas análogas, de densidad aparente inferior o igual a 1, incluso calcinadas."
2513100010,"- - En bruto o en trozos irregulares, incluida la quebrantada (grava de piedra pómez o «bimskies»)"
2513100090,- - Las demás
2513200000,"- Esmeril, corindón natural, granate natural y demás abrasivos naturales"
2514000000,"Pizarra, incluso desbastada o simplemente troceada, por aserrado o de otro modo, en bloques o en placas cuadradas o rectangulares."
2515110000,- - En bruto o desbastados
2515120000,"- - Simplemente troceados, por aserrado o de otro modo, en bloques o en placas cuadradas o rectangulares"
2515200000,- «Ecaussines» y demás piedras calizas de talla o de construcción; alabastro
2516110000,- - En bruto o desbastado
2516120000,"- - Simplemente troceado, por aserrado o de otro modo, en bloques o en placas cuadradas o rectangulares"
2516200000,- Arenisca
2516900000,- Las demás piedras de talla o de construcción
2517100000,"- Cantos, grava, piedras machacadas, de los tipos generalmente utilizados para hacer hormigón, o para firmes de carreteras, vías férreas u otros balastos, guijarros y pedernal, incluso tratados térmicamente"
2517200000,"- Macadán de escorias o de desechos industriales similares, incluso con materiales citados en la subpartida 2517.10"
2517300000,- Macadán alquitranado
2517410000,- - De mármol
2517490000,- - Los demás
2518100000,"- Dolomita sin calcinar ni sinterizar, llamada «cruda»"
2518200000,- Dolomita calcinada o sinterizada
2519100000,- Carbonato de magnesio natural (magnesita)
2519901000,- - Magnesia electrofundida
2519902000,"- - Óxido de magnesio, incluso químicamente puro"
2519903000,"- - Magnesia calcinada a muerte (sinterizada), incluso con pequeñas cantidades de otros óxidos añadidos antes de la sinterización"
2520100000,- Yeso natural; anhidrita
2520200000,- Yeso fraguable
2521000000,Castinas; piedras para la fabricación de cal o de cemento.
2522100000,- Cal viva
2522200000,- Cal apagada
2522300000,- Cal hidráulica
2523100000,- Cementos sin pulverizar o clínker
2523210000,"- - Cemento blanco, incluso coloreado artificialmente"
2523290000,- - Los demás
2523300000,- Cementos aluminosos
2523900000,- Los demás cementos hidráulicos
2524101000,- - Fibras
2524109000,- - Los demás
2524900000,- Los demás
2525100000,- Mica en bruto o exfoliada en hojas o en laminillas irregulares («splittings»)
2525200000,- Mica en polvo
2525300000,- Desperdicios de mica
2526100000,- Sin triturar ni pulverizar
2526200000,- Triturados o pulverizados
2528001000,- Boratos de sodio naturales y sus concentrados (incluso calcinados)
2528009000,- Los demás
2529100000,- Feldespato
2529210000,- - Con un contenido de fluoruro de calcio inferior o igual al 97 % en peso
2529220000,- - Con un contenido de fluoruro de calcio superior al 97 % en peso
2529300000,- Leucita; nefelina y nefelina sienita
2530100000,"- Vermiculita, perlita y cloritas, sin dilatar"
2530200000,"- Kieserita, epsomita (sulfatos de magnesio naturales)"
2530900010,"- - Criolita natural, quiolita natural"
2530900020,- - Óxidos de hierro micáceos naturales
2530900090,- - Los demás
2601110000,- - Sin aglomerar
2601120000,- - Aglomerados
2601200000,- Piritas de hierro tostadas (cenizas de piritas)
2602000000,"Minerales de manganeso y sus concentrados, incluidos los minerales de manganeso ferruginosos y sus concentrados con un contenido de manganeso superior o igual al 20 % en peso, sobre producto seco."
2603000000,Minerales de cobre y sus concentrados.
2604000000,Minerales de níquel y sus concentrados.
2605000000,Minerales de cobalto y sus concentrados.
2606000000,Minerales de aluminio y sus concentrados.
2607000000,Minerales de plomo y sus concentrados.
2608000010,- Concentrado de cinc de baja ley
2608000090,- Los demás
2609000000,Minerales de estaño y sus concentrados.
2610000000,Minerales de cromo y sus concentrados.
2611000000,Minerales de volframio (tungsteno) y sus concentrados.
2612100000,- Minerales de uranio y sus concentrados
2612200000,- Minerales de torio y sus concentrados
2613100000,- Tostados
2613900000,- Los demás
2614000000,Minerales de titanio y sus concentrados.
2615100000,- Minerales de circonio y sus concentrados
2615900000,- Los demás
2616100000,- Minerales de plata y sus concentrados
2616901000,- - Minerales de oro y sus concentrados
2616909000,- - Los demás
2617100000,- Minerales de antimonio y sus concentrados
2617900000,- Los demás
2618000000,Escorias granuladas (arena de escorias) de la siderurgia.
2619000000,"Escorias (excepto las granuladas), batiduras y demás desperdicios de la siderurgia."
2620110000,- - Matas de galvanización
2620190000,- - Los demás
2620210000,- - Lodos de gasolina con plomo y lodos de compuestos antidetonantes con plomo
2620290000,- - Los demás
2620300000,- Que contengan principalmente cobre
2620400000,- Que contengan principalmente aluminio
2620600000,"- Que contengan arsénico, mercurio, talio o sus mezclas, de los tipos utilizados para la extracción de arsénico o de estos metales o para la elaboración de sus compuestos químicos"
2620910000,"- - Que contengan antimonio, berilio, cadmio, cromo, o sus mezclas"
2620990000,- - Los demás
2621100000,- Cenizas y residuos procedentes de la incineración de desechos municipales
2621900000,- Las demás
2701110000,- - Antracitas
2701120000,- - Hulla bituminosa
2701190000,- - Las demás hullas
2701200000,"- Briquetas, ovoides y combustibles sólidos similares, obtenidos de la hulla"
2702100000,"- Lignitos, incluso pulverizados, pero sin aglomerar"
2702200000,- Lignitos aglomerados
2703000000,"Turba (comprendida la utilizada para cama de animales), incluso aglomerada."
2704001000,- Coques y semicoques de hulla
2704002000,- Coques y semicoques de lignito o turba
2704003000,- Carbón de retorta
2705000000,"Gas de hulla, gas de agua, gas pobre y gases similares, excepto el gas de petróleo y demás hidrocarburos gaseosos."
2706000000,"Alquitranes de hulla, lignito o turba y demás alquitranes minerales, aunque estén deshidratados o descabezados, incluidos los alquitranes reconstituidos."
2707100000,- Benzol (benceno)
2707200000,- Toluol (tolueno)
2707300000,- Xilol (xilenos)
2707400000,- Naftaleno
2707501000,- - Nafta disolvente
2707509000,- - Las demás
2707910000,- - Aceites de creosota
2707991000,- - - Antraceno
2707999000,- - - Los demás
2708100000,- Brea
2708200000,- Coque de brea
2709000000,Aceites crudos de petróleo o de mineral bituminoso.
2710121100,- - - - Para motores de aviación
2710121310,- - - - - Con un Número de Octano Research (RON) inferior a 84
2710121321,"- - - - - - Con 7,8 % en volumen de alcohol carburante"
2710121329,- - - - - - Los demás
2710121331,"- - - - - - Con 7,8 % en volumen de alcohol carburante"
2710121339,- - - - - - Los demás
2710121341,"- - - - - - Con 7,8 % en volumen de alcohol carburante"
2710121349,- - - - - - Los demás
2710121351,"- - - - - - Con 7,8 % en volumen de alcohol carburante"
2710121359,- - - - - - Los demás
2710121900,- - - - Las demás
2710122000,- - - Gasolinas con tetraetilo de plomo
2710129100,- - - - Espíritu de petróleo («White Spirit»)
2710129200,"- - - - Carburorreactores tipo gasolina, para reactores y turbinas"
2710129300,- - - - Tetrapropileno
2710129400,- - - - Mezclas de n-parafinas
2710129500,- - - - Mezclas de n-olefinas
2710129900,- - - - Los demás
2710191200,- - - - Mezclas de n-parafinas
2710191300,- - - - Mezclas de n-olefinas
2710191400,- - - - Queroseno
2710191510,- - - - - Destinados a las empresas de aviación
2710191590,- - - - - Los demás
2710191900,- - - - Los demás
2710192111,-          - - - - - Con un contenido de azufre menor o igual a 50 ppm
2710192119,-          - - - - - Los demás
2710192191,-          - - - - - Con un contenido de azufre menor o igual a 50 ppm
2710192199,-          - - - - - Los demás
2710192210,- - - - - Residual 6
2710192290,- - - - - Los demás
2710192900,- - - - Los demás
2710193100,- - - - Mezclas de n-parafinas
2710193200,- - - - Mezclas de n-olefinas
2710193300,- - - - Aceites para aislamiento eléctrico
2710193400,- - - - Grasas lubricantes
2710193500,- - - - Aceites base para lubricantes
2710193600,- - - - Aceites para transmisiones hidráulicas
2710193700,- - - - Aceites blancos (de vaselina o de parafina)
2710193800,- - - - Otros aceites lubricantes
2710193900,- - - - Los demás
2710200011,"- - - Diesel B2, con un contenido de azufre menor o igual a 50 ppm"
2710200012,"- - - Diesel B5, con un contenido de azufre menor o igual a 50 ppm"
2710200013,"- - - Diesel B20, con un contenido de azufre menor o igual a 50 ppm"
2710200019,- - - Los demás
2710200090,- - Los demás
2710910000,"- - Que contengan bifenilos policlorados (PCB), terfenilos policlorados (PCT) o bifenilos polibromados (PBB)"
2710990000,- - Los demás
2711110000,- - Gas natural
2711120000,- - Propano
2711130000,- - Butanos
2711140000,"- - Etileno, propileno, butileno y butadieno"
2711190000,- - Los demás
2711210000,- - Gas natural
2711290000,- - Los demás
2712101000,- - En bruto
2712109000,- - Las demás
2712200000,"- Parafina con un contenido de aceite inferior al 0,75 % en peso"
2712901000,- - Cera de petróleo microcristalina
2712902000,- - Ozoquerita y ceresina
2712903000,"- - Parafina con un contenido de aceite superior o igual a 0,75 % en peso"
2712909000,- - Los demás
2713110000,- - Sin calcinar
2713120000,- - Calcinado
2713200000,- Betún de petróleo
2713900000,- Los demás residuos de los aceites de petróleo o de mineral bituminoso
2714100000,- Pizarras y arenas bituminosas
2714900000,- Los demás
2715001000,- Mástiques bituminosos
2715009000,- Los demás
2716000000,Energía eléctrica
2801100000,- Cloro
2801200000,- Yodo
2801300000,- Flúor; bromo
2802000000,Azufre sublimado o precipitado; azufre coloidal.
2803001000,- Negro de acetileno
2803009000,- Los demás
2804100000,- Hidrógeno
2804210000,- - Argón
2804290000,- - Los demás
2804300000,- Nitrógeno
2804400000,- Oxígeno
2804501000,- - Boro
2804502000,- - Telurio
2804610000,"- - Con un contenido de silicio superior o igual al 99,99 % en peso"
2804690000,- - Los demás
2804701000,- - Fósforo rojo o amorfo
2804709000,- - Los demás
2804800000,- Arsénico
2804901000,- - En polvo
2804909000,- - Los demás
2805110000,- - Sodio
2805120000,- - Calcio
2805190000,- - Los demás
2805300000,"- Metales de las tierras raras, escandio e itrio, incluso mezclados o aleados entre sí"
2805400000,- Mercurio
2806100000,- Cloruro de hidrógeno (ácido clorhídrico)
2806200000,- Ácido clorosulfúrico
2807001000,- Ácido sulfúrico
2807002000,- Óleum (ácido sulfúrico fumante)
2808001000,- Ácido nítrico
2808002000,- Ácidos sulfonítricos
2809100000,- Pentóxido de difósforo
2809201000,- - Ácido fosfórico
2809202000,- - Ácidos polifosfóricos
2810001000,- Ácido ortobórico
2810009000,- Los demás
2811110000,- - Fluoruro de hidrógeno (ácido fluorhídrico)
2811120000,- - Cianuro de hidrógeno (ácido cianhídrico)
2811191000,- - - Ácido aminosulfónico (ácido sulfámico)
2811193000,- - - Derivados del fósforo
2811199020,"- - - - Derivados del azufre, del selenio o del telurio"
2811199090,- - - - Los demás
2811210000,- - Dióxido de carbono
2811221000,- - - Gel de sílice
2811229000,- - - Los demás
2811292000,"- - - Hemióxido de nitrógeno (óxido nitroso, protóxido de nitrógeno)"
2811294000,"- - - Trióxido de diarsénico (sesquióxido de arsénico, anhídrido arsenioso, arsénico blanco)"
2811299000,- - - Los demás
2812110000,- - Dicloruro de carbonilo (fosgeno)
2812120000,- - Oxicloruro de fósforo
2812130000,- - Tricloruro de fósforo
2812140000,- - Pentacloruro de fósforo
2812150000,- - Monocloruro de azufre
2812160000,- - Dicloruro de azufre
2812170000,- - Cloruro de tionilo
2812191000,- - - Tricloruro de arsénico
2812199000,- - - Los demás
2812900000,- Los demás
2813100000,- Disulfuro de carbono
2813902000,- - Sulfuros de fósforo
2813909000,- - Los demás
2814100000,- Amoníaco anhidro
2814200000,- Amoníaco en disolución acuosa
2815110000,- - Sólido
2815120000,- - En disolución acuosa (lejía de sosa o soda cáustica)
2815200000,- Hidróxido de potasio (potasa cáustica)
2815300000,- Peróxidos de sodio o de potasio
2816100000,- Hidróxido y peróxido de magnesio
2816400000,"- Óxidos, hidróxidos y peróxidos, de estroncio o de bario"
2817001000,- Óxido de cinc (blanco o flor de cinc)
2817002000,- Peróxido de cinc
2818100000,"- Corindón artificial, aunque no sea de constitución química definida"
2818200000,"- Óxido de aluminio, excepto el corindón artificial"
2818300000,- Hidróxido de aluminio
2819100000,- Trióxido de cromo
2819901000,- - Trióxido de dicromo (sesquióxido de cromo u «óxido verde»)
2819909000,- - Los demás
2820100000,- Dióxido de manganeso
2820900000,- Los demás
2821101000,- - Óxidos
2821102000,- - Hidróxidos
2821200000,- Tierras colorantes
2822000000,Óxidos e hidróxidos de cobalto; óxidos de cobalto comerciales.
2823001000,- Dióxido de titanio (óxido titánico o anhídrido titánico)
2823009000,- Los demás
2824100000,"- Monóxido de plomo (litargirio, masicote)"
2824900000,- Los demás
2825100000,- Hidrazina e hidroxilamina y sus sales inorgánicas
2825200000,- Óxido e hidróxido de litio
2825300000,- Óxidos e hidróxidos de vanadio
2825400000,- Óxidos e hidróxidos de níquel
2825500000,- Óxidos e hidróxidos de cobre
2825600000,- Óxidos de germanio y dióxido de circonio
2825700000,- Óxidos e hidróxidos de molibdeno
2825800000,- Óxidos de antimonio
2825901000,- - Óxidos e hidróxidos de estaño
2825904000,- - Óxido e hidróxido de calcio
2825909010,- - - Óxidos e hidróxidos de bismuto
2825909090,- - - Los demás
2826120000,- - De aluminio
2826191000,- - - De sodio
2826199000,- - - Los demás
2826300000,- Hexafluoroaluminato de sodio (criolita sintética)
2826900000,- Los demás
2827100000,- Cloruro de amonio
2827200000,- Cloruro de calcio
2827310000,- - De magnesio
2827320000,- - De aluminio
2827350000,- - De níquel
2827391000,- - - De cobre
2827393000,- - - De estaño
2827394000,- - - De hierro
2827395000,- - - De cinc
2827399010,- - - - De cobalto
2827399090,- - - - Los demás
2827410000,- - De cobre
2827491000,- - - De aluminio
2827499000,- - - Los demás
2827510000,- - Bromuros de sodio o potasio
2827590000,- - Los demás
2827601000,- - De sodio o de potasio
2827609000,- - Los demás
2828100000,- Hipoclorito de calcio comercial y demás hipocloritos de calcio
2828901100,- - - De sodio
2828901900,- - - Los demás
2828902000,- - Cloritos
2828903000,- - Hipobromitos
2829110000,- - De sodio
2829191000,- - - De potasio
2829199000,- - - Los demás
2829901000,- - Percloratos
2829902000,- - Yodato de potasio
2829909000,- - Los demás
2830101000,- - Sulfuro de sodio
2830102000,- - Hidrogenosulfuro (sulfhidrato) de sodio
2830901000,- - Sulfuro de potasio
2830909000,- - Los demás
2831100000,- De sodio
2831900000,- Los demás
2832100000,- Sulfitos de sodio
2832201000,- - De amonio
2832209000,- - Los demás
2832301000,- - De sodio
2832309000,- - Los demás
2833110000,- - Sulfato de disodio
2833190000,- - Los demás
2833210000,- - De magnesio
2833220000,- - De aluminio
2833240000,- - De níquel
2833250000,- - De cobre
2833270000,- - De bario
2833291000,- - - De hierro
2833293000,- - - De plomo
2833295000,- - - De cromo
2833296000,- - - De cinc
2833299000,- - - Los demás
2833301000,- - De aluminio
2833309000,- - Los demás
2833401000,- - De sodio
2833409000,- - Los demás
2834100000,- Nitritos
2834210000,- - De potasio
2834291000,- - - De magnesio
2834299000,- - - Los demás
2835100000,- Fosfinatos (hipofosfitos) y fosfonatos (fosfitos)
2835220000,- - De monosodio o de disodio
2835240000,- - De potasio
2835250000,- - Hidrogenoortofosfato de calcio («fosfato dicálcico»)
2835260000,- - Los demás fosfatos de calcio
2835291000,- - - De hierro
2835292000,- - - De triamonio
2835299010,- - - - De trisodio
2835299090,- - - - Los demás
2835310000,- - Trifosfato de sodio (tripolifosfato de sodio)
2835391000,- - - Pirofosfatos de sodio
2835399000,- - - Los demás
2836200000,- Carbonato de disodio
2836300000,- Hidrogenocarbonato (bicarbonato) de sodio
2836400000,- Carbonatos de potasio
2836500000,- Carbonato de calcio
2836600000,- Carbonato de bario
2836910000,- - Carbonatos de litio
2836920000,- - Carbonato de estroncio
2836991000,- - - Carbonato de magnesio precipitado
2836992000,- - - Carbonatos de amonio
2836993000,- - - Carbonato de cobalto
2836994000,- - - Carbonato de níquel
2836995000,- - - Sesquicarbonato de sodio
2836999000,- - - Los demás
2837111000,- - - Cianuro
2837112000,- - - Oxicianuro
2837190000,- - Los demás
2837200000,- Cianuros complejos
2839110000,- - Metasilicatos
2839190000,- - Los demás
2839901000,- - De aluminio
2839902000,- - De calcio precipitado
2839903000,- - De magnesio
2839904000,- - De potasio
2839909000,- - Los demás
2840110000,- - Anhidro
2840190000,- - Los demás
2840200000,- Los demás boratos
2840300000,- Peroxoboratos (perboratos)
2841300000,- Dicromato de sodio
2841501000,- - Cromatos de cinc o de plomo
2841502000,- - Cromato de potasio
2841503000,- - Cromato de sodio
2841504000,- - Dicromato de potasio
2841505000,- - Dicromato de talio
2841509000,- - Los demás
2841610000,- - Permanganato de potasio
2841690000,- - Los demás
2841700000,- Molibdatos
2841800000,- Volframatos (tungstatos)
2841901000,- - Aluminatos
2841909000,- - Los demás
2842100000,"- Silicatos dobles o complejos, incluidos los aluminosilicatos, aunque no sean de constitución química definida"
2842901000,- - Arsenitos y arseniatos
2842902100,- - - De amonio y cinc
2842902900,- - - Los demás
2842903000,- - Fosfatos dobles o complejos (fosfosales)
2842909000,- - Las demás
2843100000,- Metal precioso en estado coloidal
2843210000,- - Nitrato de plata
2843290000,- - Los demás
2843300000,- Compuestos de oro
2843900000,- Los demás compuestos; amalgamas
2844100000,"- Uranio natural y sus compuestos; aleaciones, dispersiones (incluido el cermet), productos cerámicos y mezclas, que contengan uranio natural o compuestos de uranio natural"
2844200000,"- Uranio enriquecido en U 235 y sus compuestos; plutonio y sus compuestos; aleaciones, dispersiones (incluido el cermet), productos cerámicos y mezclas, que contengan uranio enriquecido en U 235, plutonio o compuestos de estos productos"
2844300000,"- Uranio empobrecido en U 235 y sus compuestos; torio y sus compuestos; aleaciones, dispersiones (incluido el cermet), productos cerámicos y mezclas, que contengan uranio empobrecido en U 235, torio o compuestos de estos productos"
2844410000,"- - Tritio y sus compuestos; aleaciones, dispersiones (incluido el cermet), productos cerámicos y mezclas, que contengan tritio o sus compuestos"
2844420000,"- - Actinio-225, actinio-227, californio-253, curio-240, curio-241, curio-242, curio-243, curio-244, einstenio-253, einstenio-254, gadolinio-148, polonio-208, polonio-209, polonio-210, radio-223, uranio-230 o uranio-232, y sus compuestos; aleaciones, dispersiones (incluido el cermet), productos cerámicos y mezclas, que contengan estos elementos o compuestos"
2844430000,"- - Los demás elementos e isótopos y compuestos, radiactivos; aleaciones, dispersiones (incluido el cermet), productos cerámicos y mezclas, que contengan estos elementos, isótopos o compuestos"
2844440000,- - Residuos radiactivos
2844500000,- Elementos combustibles (cartuchos) agotados (irradiados) de reactores nucleares
2845100000,- Agua pesada (óxido de deuterio)
2845200000,- Boro enriquecido en boro-10 y sus compuestos
2845300000,- Litio enriquecido en litio-6 y sus compuestos
2845400000,- Helio-3
2845900000,- Los demás
2846100000,- Compuestos de cerio
2846900000,- Los demás
2847000000,"Peróxido de hidrógeno (agua oxigenada), incluso solidificado con urea."
2849100000,- De calcio
2849200000,- De silicio
2849901000,- - De volframio (tungsteno)
2849909000,- - Los demás
2850001000,- Nitruro de plomo
2850002000,- Aziduros (azidas)
2850009000,- Los demás
2852101000,- - Sulfatos de mercurio
2852102100,- - - Merbromina (DCI) (mercurocromo)
2852102910,- - - - Sales y ésteres del ácido láctico
2852102990,- - - - Los demás
2852109010,"- - - Óxidos, hidróxidos y peróxidos"
2852109021,- - - - Cloruro mercurioso
2852109022,- - - - Cloruro mercúrico
2852109023,- - - - Oxicloruros e hidroxicloruros
2852109029,- - - - Los demás
2852109031,- - - - Sulfuro; polisulfuro
2852109032,- - - - Nitratos
2852109033,- - - - Polifosfatos
2852109034,"- - - - Cianuros, oxicianuros y cianuros complejos"
2852109041,"- - - - Fulminato, cianato y tiocianato"
2852109042,- - - - Cromatos y dicromatos
2852109043,- - - - Peroxocromatos
2852109051,"- - - - Silicatos dobles o complejos, incluidos los aluminosilicatos"
2852109052,- - - - Arsenitos y arseniatos
2852109053,- - - - Cloruros dobles o complejos
2852109054,- - - - Fosfatos dobles o complejos (fosfosales)
2852109059,- - - - Las demás sales de los ácidos o peroxoácidos inorgánicos
2852109060,- - - Compuestos inorgánicos u orgánicos de metal precioso
2852109071,- - - - Fosfuros
2852109072,- - - - Carburos
2852109073,"- - - - Hidruros, nitruros, aziduros (azidas), siliciuros y boruros"
2852109090,- - - Los demás compuestos inorgánicos
2852901000,- - Compuestos organomercúricos
2852909010,- - - Polisulfuros
2852909020,- - - Polifosfatos
2852909030,- - - Las demás sales de los ácidos o peroxoácidos inorgánicos (incluidos los aluminosilicatos)
2852909040,- - - Compuestos inorgánicos u orgánicos de metal precioso
2852909050,- - - Fosfuros
2852909060,- - - Carburos
2852909070,"- - - Hidruros, nitruros, aziduros (azidas), siliciuros y boruros"
2852909090,- - - Los demás
2853100000,- Cloruro de cianógeno («chlorcyan»)
2853901000,"- - Agua destilada, de conductibilidad o del mismo grado de pureza; aire líquido y aire purificado"
2853909000,- - Los demás
2901100000,- Saturados
2901210000,- - Etileno
2901220000,- - Propeno (propileno)
2901230000,- - Buteno (butileno) y sus isómeros
2901240000,"- - Buta-1,3-dieno e isopreno"
2901290000,- - Los demás
2902110000,- - Ciclohexano
2902190000,- - Los demás
2902200000,- Benceno
2902300000,- Tolueno
2902410000,- - o-Xileno
2902420000,- - m-Xileno
2902430000,- - p-Xileno
2902440000,- - Mezclas de isómeros del xileno
2902500000,- Estireno
2902600000,- Etilbenceno
2902700000,- Cumeno
2902901000,- - Naftaleno
2902909000,- - Los demás
2903111000,- - - Clorometano (cloruro de metilo)
2903112000,- - - Cloroetano (cloruro de etilo)
2903120000,- - Diclorometano (cloruro de metileno)
2903130000,- - Cloroformo (triclorometano)
2903140000,- - Tetracloruro de carbono
2903150000,"- - Dicloruro de etileno (ISO) (1,2-dicloroetano)"
2903191000,"- - - 1,1,1-Tricloroetano (metil-cloroformo)"
2903199000,- - - Los demás
2903210000,- - Cloruro de vinilo (cloroetileno)
2903220000,- - Tricloroetileno
2903230000,- - Tetracloroetileno (percloroetileno)
2903291000,- - - Cloruro de vinilideno (monómero)
2903299000,- - - Los demás
2903410000,- - Trifluorometano (HFC-23)
2903420000,- - Difluorometano (HFC-32)
2903430000,"- - Fluorometano (HFC-41), 1,2-difluoroetano (HFC-152) y 1,1-difluoroetano (HFC-152a)"
2903440000,"- - Pentafluoroetano (HFC-125), 1,1,1-trifluoroetano (HFC-143a) y 1,1,2-trifluoroetano (HFC-143)"
2903450000,"- - 1,1,1,2-Tetrafluoroetano (HFC-134a) y 1,1,2,2-tetrafluoroetano (HFC-134)"
2903460000,"- - 1,1,1,2,3,3,3-Heptafluoropropano (HFC-227ea), 1,1,1,2,2,3-hexafluoropropano (HFC-236cb), 1,1,1,2,3,3-hexafluoropropano (HFC-236ea) y 1,1,1,3,3,3-hexafluoropropano (HFC-236fa)"
2903470000,"- - 1,1,1,3,3-Pentafluoropropano (HFC-245fa) y 1,1,2,2,3-pentafluoropropano (HFC-245ca)"
2903480000,"- - 1,1,1,3,3-Pentafluorobutano (HFC-365mfc) y 1,1,1,2,2,3,4,5,5,5-decafluoropentano (HFC-43-10mee)"
2903490000,- - Los demás
2903510000,"- - 2,3,3,3-Tetrafluoropropeno (HFO-1234yf), 1,3,3,3-tetrafluoropropeno (HFO-1234ze) y (Z)-1,1,1,4,4,4-hexafluoro-2-buteno (HFO-1336mzz)"
2903591000,"- - - 1,1,3,3,3-Pentafluoro-2-(trifluorometil)prop-1-eno"
2903599000,- - - Los demás
2903610000,- - Bromuro de metilo (bromometano)
2903620000,"- - Dibromuro de etileno (ISO) (1,2-dibromoetano)"
2903690000,- - Los demás
2903710000,- - Clorodifluorometano (HCFC-22)
2903720000,- - Diclorotrifluoroetanos (HCFC-123)
2903730000,"- - Diclorofluoroetanos (HCFC-141, 141b)"
2903740000,"- - Clorodifluoroetanos (HCFC-142, 142b)"
2903750000,"- - Dicloropentafluoropropanos (HCFC-225, 225ca, 225cb)"
2903760000,"- - Bromoclorodifluorometano (Halón-1211), bromotrifluorometano (Halón-1301) y dibromotetrafluoroetanos (Halón-2402)"
2903771100,- - - - Clorotrifluorometano
2903771200,- - - - Diclorodifluorometano
2903771300,- - - - Triclorofluorometano
2903772100,- - - - Cloropentafluoroetanos
2903772200,- - - - Diclorotetrafluoroetanos
2903772300,- - - - Triclorotrifluoroetanos
2903772400,- - - - Tetraclorodifluoroetanos
2903772500,- - - - Pentaclorofluoroetanos
2903773100,- - - - Cloroheptafluoropropanos
2903773200,- - - - Diclorohexafluoropropanos
2903773300,- - - - Tricloropentafluoropropanos
2903773400,- - - - Tetraclorotetrafluoropropanos
2903773500,- - - - Pentaclorotrifluoropropanos
2903773600,- - - - Hexaclorodifluoropropanos
2903773700,- - - - Heptaclorofluoropropanos
2903779000,- - - Los demás
2903780000,- - Los demás derivados perhalogenados
2903791100,- - - - Triclorofluoroetanos
2903791200,- - - - Clorotetrafluoroetanos
2903791900,- - - - Los demás
2903792000,"- - - Derivados del metano, del etano o del propano, halogenados solamente con fluor y bromo"
2903799000,- - - Los demás
2903811000,"- - - Lindano (ISO, DCI) isómero gamma"
2903812000,"- - - Isómeros alfa, beta, delta"
2903819000,- - - Los demás
2903821000,- - - Aldrina (ISO)
2903822000,- - - Clordano (ISO)
2903823000,- - - Heptacloro (ISO)
2903830000,- - Mirex (ISO)
2903891000,- - - Canfecloro (toxafeno)
2903899000,- - - Los demás
2903910000,"- - Clorobenceno, o-diclorobenceno y p-diclorobenceno"
2903921000,- - - Hexaclorobenceno (ISO)
2903922000,"- - - DDT (ISO) (clofenotano (DCI), 1,1,1-tricloro-2,2-bis(p‑clorofenil)etano)"
2903930000,- - Pentaclorobenceno (ISO)
2903940000,- - Hexabromobifenilos
2903991000,- - - Derivados clorados
2903992000,- - - Derivados fluorados
2903993000,- - - Derivados bromados
2903999000,- - - Los demás
2904101000,- - Ácidos naftalenosulfónicos
2904109000,- - Los demás
2904201000,- - Dinitrotolueno
2904202000,- - Trinitrotolueno (TNT)
2904203000,- - Trinitrobutilmetaxileno y dinitrobutilparacimeno
2904204000,- - Nitrobenceno
2904209000,- - Los demás
2904310000,- - Ácido perfluorooctano sulfónico
2904320000,- - Perfluorooctano sulfonato de amonio
2904330000,- - Perfluorooctano sulfonato de litio
2904340000,- - Perfluorooctano sulfonato de potasio
2904350000,- - Las demás sales del ácido perfluorooctano sulfónico
2904360000,- - Fluoruro de perfluorooctano sulfonilo
2904910000,- - Tricloronitrometano (cloropicrina)
2904990000,- - Los demás
2905110000,- - Metanol (alcohol metílico)
2905121000,- - - Alcohol propílico
2905122000,- - - Alcohol isopropílico
2905130000,- - Butan-1-ol (alcohol n-butílico)
2905141000,- - - Isobutílico
2905149000,- - - Los demás
2905161000,- - - 2-Etilhexanol
2905169000,- - - Los demás alcoholes octílicos
2905170000,"- - Dodecan-1-ol (alcohol laurílico), hexadecan-1-ol (alcohol cetílico) y octadecan-1-ol (alcohol estearílico)"
2905191000,- - - Metilamílico
2905192000,- - - Los demás alcoholes hexílicos (hexanoles); alcoholes heptílicos (heptanoles)
2905193000,- - - Alcoholes nonílicos (nonanoles)
2905194000,- - - Alcoholes decílicos (decanoles)
2905195000,"- - - 3,3-dimetilbutan-2-ol (alcohol pinacolílico)"
2905196000,- - - Pentanol (alcohol amílico) y sus isómeros
2905199000,- - - Los demás
2905220000,- - Alcoholes terpénicos acíclicos
2905290000,- - Los demás
2905310000,- - Etilenglicol (etanodiol)
2905320000,"- - Propilenglicol (propano-1,2-diol)"
2905391000,- - - Butilenglicol (butanodiol)
2905399000,- - - Los demás
2905410000,"- - 2-Etil-2-(hidroximetil)propano-1,3-diol (trimetilolpropano)"
2905420000,- - Pentaeritritol (pentaeritrita)
2905430000,- - Manitol
2905440000,- - D-glucitol (sorbitol)
2905450000,- - Glicerol
2905490000,- - Los demás
2905510000,- - Etclorvinol (DCI)
2905590000,- - Los demás
2906110000,- - Mentol
2906120000,"- - Ciclohexanol, metilciclohexanoles y dimetilciclohexanoles"
2906130000,- - Esteroles e inositoles
2906190000,- - Los demás
2906210000,- - Alcohol bencílico
2906290000,- - Los demás
2907111000,- - - Fenol (hidroxibenceno)
2907112000,- - - Sales
2907120000,- - Cresoles y sus sales
2907131000,- - - Nonilfenol
2907139000,- - - Los demás
2907150000,- - Naftoles y sus sales
2907190000,- - Los demás
2907210000,- - Resorcinol y sus sales
2907220000,- - Hidroquinona y sus sales
2907230000,"- - 4,4'-Isopropilidendifenol (bisfenol A, difenilolpropano) y sus sales"
2907291000,- - - Fenoles-alcoholes
2907299000,- - - Los demás
2908110000,- - Pentaclorofenol (ISO)
2908190000,- - Los demás
2908910000,- - Dinoseb (ISO) y sus sales
2908920000,"- - 4,6-Dinitro-o-cresol (DNOC (ISO)) y sus sales"
2908991000,"- - - Derivados solamente sulfonados, sus sales y sus ésteres"
2908992200,- - - - Dinitrofenol
2908992300,- - - - Ácido pícrico (trinitrofenol)
2908992900,- - - - Los demás
2908999000,- - - Los demás
2909110000,- - Eter dietílico (óxido de dietilo)
2909191000,- - - Metil terc-butil éter
2909199000,- - - Los demás
2909200000,"- Éteres ciclánicos, ciclénicos, cicloterpénicos, y sus derivados halogenados, sulfonados, nitrados o nitrosados"
2909301000,- - Anetol
2909309000,- - Los demás
2909410000,"- - 2,2'-Oxidietanol (dietilenglicol)"
2909430000,- - Éteres monobutílicos del etilenglicol o del dietilenglicol
2909440000,- - Los demás éteres monoalquílicos del etilenglicol o del dietilenglicol
2909491000,- - - Dipropilenglicol
2909492000,- - - Trietilenglicol
2909493000,- - - Glicerilguayacol
2909494000,- - - Éter metílico del propilenglicol
2909495000,- - - Los demás éteres de los propilenglicoles
2909496000,- - - Los demás éteres de los etilenglicoles
2909499000,- - - Los demás
2909501000,"- - Guayacol, eugenol e isoeugenol; sulfoguayacolato de potasio"
2909509000,- - Los demás
2909601000,- - Peróxido de metiletilcetona
2909609000,- - Los demás
2910100000,- Oxirano (óxido de etileno)
2910200000,- Metiloxirano (óxido de propileno)
2910300000,"- 1-Cloro-2,3-epoxipropano (epiclorhidrina)"
2910400000,"- Dieldrina (ISO, DCI)"
2910500000,- Endrina (ISO)
2910900000,- Los demás
2911000000,"Acetales y hemiacetales, incluso con otras funciones oxigenadas, y sus derivados halogenados, sulfonados, nitrados o nitrosados."
2912110000,- - Metanal (formaldehído)
2912120000,- - Etanal (acetaldehído)
2912192000,- - - Citral y citronelal
2912193000,- - - Glutaraldehído
2912199000,- - - Los demás
2912210000,- - Benzaldehído (aldehído benzoico)
2912291000,- - - Aldehídos cinámico y fenilacético
2912299000,- - - Los demás
2912410000,- - Vainillina (aldehído metilprotocatéquico)
2912420000,- - Etilvainillina (aldehído etilprotocatéquico)
2912491000,- - - Aldehídos-alcoholes
2912499000,- - - Los demás
2912500000,- Polímeros cíclicos de los aldehídos
2912600000,- Paraformaldehído
2913000000,"Derivados halogenados, sulfonados, nitrados o nitrosados de los productos de la partida 29.12."
2914110000,- - Acetona
2914120000,- - Butanona (metiletilcetona)
2914130000,- - 4-Metilpentan-2-ona (metilisobutilcetona)
2914190000,- - Las demás
2914221000,- - - Ciclohexanona
2914222000,- - - Metilciclohexanonas
2914230000,- - Iononas y metiliononas
2914292000,- - - Isoforona
2914293000,- - - Alcanfor
2914299000,- - - Las demás
2914310000,- - Fenilacetona (fenilpropan-2-ona)
2914390000,- - Las demás
2914401000,- - 4-Hidroxi-4-metilpentan-2-ona (diacetona alcohol)
2914409000,- - Las demás
2914500000,- Cetonas-fenoles y cetonas con otras funciones oxigenadas
2914610000,- - Antraquinona
2914620000,- - Coenzima Q10 (ubidecarenona (DCI))
2914690000,- - Las demás
2914710000,- - Clordecona (ISO)
2914790000,- - Los demás
2915110000,- - Ácido fórmico
2915121000,- - - Formiato de sodio
2915129000,- - - Las demás
2915130000,- - Ésteres del ácido fórmico
2915210000,- - Ácido acético
2915240000,- - Anhídrido acético
2915291000,"- - - Acetatos de calcio, plomo, cobre, cromo, aluminio o hierro"
2915292000,- - - Acetato de sodio
2915299010,- - - - Acetato de cobalto
2915299090,- - - - Las demás
2915310000,- - Acetato de etilo
2915320000,- - Acetato de vinilo
2915330000,- - Acetato de n-butilo
2915360000,- - Acetato de dinoseb (ISO)
2915391000,- - - Acetato de 2-etoxietilo
2915392100,- - - - Acetato de propilo
2915392200,- - - - Acetato de isopropilo
2915393000,- - - Acetatos de amilo y de isoamilo
2915399000,- - - Los demás
2915401000,- - Ácidos
2915402000,- - Sales y ésteres
2915501000,- - Ácido propiónico
2915502100,- - - Sales
2915502200,- - - Ésteres
2915601100,- - - Ácidos butanoicos
2915601900,- - - Los demás
2915602000,"- - Ácidos pentanoicos, sus sales y sus ésteres"
2915701000,"- - Ácido palmítico, sus sales y sus ésteres"
2915702100,- - - Ácido esteárico
2915702200,- - - Sales
2915702900,- - - Ésteres
2915902000,- - Ácidos bromoacéticos
2915903100,- - - Cloruro de acetilo
2915903900,- - - Los demás
2915904000,- - Octanoato de estaño
2915905000,- - Ácido láurico
2915909000,- - Los demás
2916111000,- - - Ácido acrílico
2916112000,- - - Sales
2916121000,- - - Acrilato de butilo
2916129000,- - - Los demás
2916130000,- - Ácido metacrílico y sus sales
2916141000,- - - Metacrilato de metilo
2916149000,- - - Los demás
2916151000,- - - Ácido oleico
2916152000,- - - Sales y ésteres del ácido oleico
2916159000,- - - Los demás
2916160000,- - Binapacril (ISO)
2916191000,- - - Ácido sórbico y sus sales
2916192000,- - - Derivados del ácido acrílico
2916199000,- - - Los demás
2916201000,- - Aletrina (ISO)
2916202000,- - Permetrina (ISO) (DCI)
2916209000,- - Los demás
2916311000,- - - Ácido benzoico
2916313000,- - - Benzoato de sodio
2916314000,"- - - Benzoato de naftilo, benzoato de amonio, benzoato de potasio, benzoato de calcio, benzoato de metilo y benzoato de etilo"
2916319000,- - - Los demás
2916321000,- - - Peróxido de benzoilo
2916322000,- - - Cloruro de benzoilo
2916340000,- - Ácido fenilacético y sus sales
2916390000,- - Los demás
2917111000,- - - Ácido oxálico
2917112000,- - - Sales y ésteres
2917121000,- - - Ácido adípico
2917122000,- - - Sales y ésteres
2917131000,"- - - Ácido azelaico (DCI), sus sales y sus ésteres"
2917132000,"- - - Ácido sebácico, sus sales y sus ésteres"
2917140000,- - Anhídrido maleico
2917191000,- - - Ácido maleico
2917192000,"- - - Sales, ésteres y demás derivados del ácido maleico"
2917193000,- - - Ácido fumárico
2917199000,- - - Los demás
2917200000,"- Ácidos policarboxílicos ciclánicos, ciclénicos o cicloterpénicos, sus anhídridos, halogenuros, peróxidos, peroxiácidos y sus derivados"
2917320000,- - Ortoftalatos de dioctilo
2917330000,- - Ortoftalatos de dinonilo o de didecilo
2917341000,- - - Ortoftalatos de dimetilo o de dietilo
2917342000,- - - Ortoftalatos de dibutilo
2917349000,- - - Los demás
2917350000,- - Anhídrido ftálico
2917361000,- - - Ácido tereftálico
2917362000,- - - Sales
2917370000,- - Tereftalato de dimetilo
2917392000,- - - Ácido ortoftálico y sus sales
2917393000,"- - - Ácido isoftálico, sus ésteres y sus sales"
2917394000,- - - Anhídrido trimelítico
2917399000,- - - Los demás
2918111000,- - - Ácido láctico
2918112000,- - - Lactato de calcio
2918119000,- - - Los demás
2918120000,- - Ácido tartárico
2918130000,- - Sales y ésteres del ácido tartárico
2918140000,- - Ácido cítrico
2918153000,- - - Citrato de sodio
2918159000,- - - Los demás
2918161000,- - - Ácido glucónico
2918162000,- - - Gluconato de calcio
2918163000,- - - Gluconato de sodio
2918169000,- - - Los demás
2918170000,"- - Ácido 2,2-difenil-2-hidroxiacético (ácido bencílico)"
2918180000,- - Clorobencilato (ISO)
2918192000,- - - Derivados del ácido glucónico
2918199000,- - - Los demás
2918211000,- - - Ácido salicílico
2918212000,- - - Sales
2918221000,- - - Ácido o-acetilsalicílico
2918222000,- - - Sales y ésteres
2918230000,- - Los demás ésteres del ácido salicílico y sus sales
2918291100,- - - - p-Hidroxibenzoato de metilo
2918291200,- - - - p-Hidroxibenzoato de propilo
2918291900,- - - - Los demás
2918299000,- - - Los demás
2918300000,"- Ácidos carboxílicos con función aldehído o cetona, pero sin otra función oxigenada, sus anhídridos, halogenuros, peróxidos, peroxiácidos y sus derivados"
2918910000,"- - 2,4,5-T (ISO) (ácido 2,4,5‑triclorofenoxiacético), sus sales y sus ésteres"
2918991100,"- - - - 2,4-D (ISO)"
2918991200,- - - - Sales
2918992000,"- - - Ésteres del 2,4-D"
2918993000,- - - Dicamba (ISO)
2918994000,- - - MCPA (ISO)
2918995000,"- - - 2,4-DB (Ácido 4-(2,4-diclorofenoxi) butírico)"
2918996000,- - - Diclorprop (ISO)
2918997000,"- - - Diclofop-metilo (2-(4-(2,4-diclorofenoxi)fenoxi) propionato de metilo)"
2918999100,- - - - Naproxeno sódico
2918999200,"- - - - Ácido 2,4 diclorofenoxipropiónico"
2918999900,- - - - Los demás
2919100000,"- Fosfato de tris(2,3-dibromopropilo)"
2919901100,- - - Glicerofosfato de sodio
2919901900,- - - Los demás
2919902000,- - Dimetil-dicloro-vinil-fosfato (DDVP)
2919903000,- - Clorfenvinfos (ISO)
2919909000,- - Los demás
2920111000,- - - Paratión (ISO) (paratión etílico)
2920112000,- - - Paratión-metilo (ISO) (metil paratión)
2920192000,- - - Benzotíofosfato de O-etil-o-p-nitrofenilo (EPN)
2920199000,- - - Los demás
2920210000,- - Fosfito de dimetilo
2920220000,- - Fosfito de dietilo
2920230000,- - Fosfito de trimetilo
2920240000,- - Fosfito de trietilo
2920290000,- - Los demás
2920300000,- Endosulfán (ISO)
2920901000,- - Nitroglicerina (nitroglicerol)
2920902000,- - Pentrita (tetranitropentaeritritol)
2920909000,- - Los demás
2921110000,"- - Mono-, di- o trimetilamina y sus sales"
2921120000,"- - Clorhidrato de 2-cloroetil (N,N-dimetilamina)"
2921130000,"- - Clorhidrato de 2-cloroetil (N,N-dietilamina)"
2921140000,"- - Clorhidrato de 2-cloroetil (N,N-diisopropilamina)"
2921191000,- - - Bis(2-cloroetil)etilamina
2921192000,- - - Clormetina (DCI) (bis(2-cloro-etil)metilamina)
2921193000,- - - Triclormetina (DCI) (tris(2-cloroetil)amina)
2921194100,"- - - - 2-Cloro N,N – dimetiletilamina hidrocloruro (DMC)"
2921194200,- - - - 2-Clorotrietilamina clorhidrato
2921194900,- - - - Los demás
2921195000,- - - Dietilamina y sus sales
2921199000,- - - Los demás
2921210000,- - Etilendiamina y sus sales
2921220000,- - Hexametilendiamina y sus sales
2921290000,- - Los demás
2921300000,"- Monoaminas y poliaminas, ciclánicas, ciclénicas o cicloterpénicas, y sus derivados; sales de estos productos"
2921410000,- - Anilina y sus sales
2921421000,- - - Cloroanilinas
2921422000,"- - - N-metil-N,2,4,6-tetranitroanilina (tetril)"
2921429000,- - - Los demás
2921430000,- - Toluidinas y sus derivados; sales de estos productos
2921440000,- - Difenilamina y sus derivados; sales de estos productos
2921450000,"- - 1-Naftilamina (alfa-naftilamina), 2-naftilamina (beta-naftilamina), y sus derivados; sales de estos productos"
2921461000,- - - Anfetamina (DCI)
2921462000,"- - - Benzfetamina (DCI), dexanfetamina (DCI), etilanfetamina (DCI) y fencanfamina (DCI)"
2921463000,"- - - Lefetamina (DCI), levanfetamina (DCI), mefenorex (DCI) y fentermina (DCI)"
2921469000,- - - Los demás
2921491000,- - - Xilidinas
2921499000,- - - Los demás
2921510000,"- - o-, m- y p-Fenilendiamina, diaminotoluenos, y sus derivados; sales de estos productos"
2921590000,- - Los demás
2922111000,- - - Monoetanolamina
2922112000,- - - Sales
2922121000,- - - Dietanolamina
2922122000,- - - Sales
2922141000,- - - Dextropropoxifeno (DCI)
2922142000,- - - Sales
2922150000,- - Trietanolamina
2922160000,- - Perfluorooctano sulfonato de dietanolamonio
2922171000,- - - Metildietanolamina
2922172000,- - - Etildietanolamina
2922180000,"- - 2-(N,N-Diisopropilamino)etanol"
2922192100,"- - - - N,N-dimetil-2-aminoetanol y sus sales protonadas"
2922192200,"- - - - N,N-dietil-2-aminoetanol y sus sales protonadas"
2922192900,- - - - Los demás
2922195000,- - - Sales de trietanolamina
2922199000,- - - Los demás
2922210000,- - Ácidos aminohidroxinaftalensulfónicos y sus sales
2922290000,- - Los demás
2922311000,- - - Anfepramona (DCI)
2922312000,- - - Metadona (DCI)
2922313000,- - - Normetadona (DCI)
2922319000,- - - Los demás
2922390000,- - Los demás
2922410000,- - Lisina y sus ésteres; sales de estos productos
2922421000,- - - Glutamato monosódico
2922429000,- - - Los demás
2922430000,- - Ácido antranílico y sus sales
2922441000,- - - Tilidina (DCI)
2922449000,- - - Los demás
2922491000,"- - - Glicina (DCI), sus sales y ésteres"
2922493000,"- - - Alaninas (DCI), fenilalanina (DCI), leucina (DCI), isoleucina (DCI) y ácido aspártico (DCI)"
2922494100,- - - - Ácido etilendiaminotetracético (EDTA) (ácido edético (DCI))
2922494200,- - - - Sales
2922499000,- - - Los demás
2922503000,"- - 2-Amino-1-(2,5-dimetoxi-4-metil)-fenilpropano (STP, DOM)"
2922504000,"- - Aminoácidos-fenoles, sus sales y derivados"
2922509000,- - Los demás
2923100000,- Colina y sus sales
2923200000,- Lecitinas y demás fosfoaminolípidos
2923300000,- Perfluorooctano sulfonato de tetraetilamonio
2923400000,- Perfluorooctano sulfonato de didecildimetilamonio
2923901000,- - Derivados de la colina
2923909000,- - Los demás
2924110000,- - Meprobamato (DCI)
2924120000,"- - Fluoroacetamida (ISO), fosfamidón (ISO) y monocrotofós (ISO)"
2924190000,- - Los demás
2924211000,- - - Diuron (ISO)
2924219000,- - - Las demás
2924230000,- - Ácido 2-acetamidobenzoico (ácido N-acetilantranílico) y sus sales
2924240000,- - Etinamato (DCI)
2924250000,- - Alaclor (ISO)
2924291000,- - - Acetil-p-aminofenol (paracetamol) (DCI)
2924292000,- - - Lidocaína (DCI)
2924293000,"- - - Carbaril (ISO), carbarilo (DCI)"
2924294000,- - - Propanil (ISO)
2924295000,- - - Metalaxyl (ISO)
2924296000,- - - Aspartamo (DCI)
2924297000,- - - Atenolol (DCI)
2924298000,"- - - Butacloro (2’-cloro-2’,6’ dietil-N-(butoximetil) acetanilida)"
2924299000,- - - Los demás
2925110000,- - Sacarina y sus sales
2925120000,- - Glutetimida (DCI)
2925190000,- - Los demás
2925210000,- - Clordimeformo (ISO)
2925291000,"- - - Guanidinas, derivados y sales"
2925299000,- - - Los demás
2926100000,- Acrilonitrilo
2926200000,- 1-Cianoguanidina (diciandiamida)
2926301000,- - Fenproporex (DCI) y sus sales
2926302000,"- - Intermedio de la metadona (DCI) (4-ciano-2-dimetilamino-4,4-difenilbutano)"
2926400000,- alfa-Fenilacetoacetonitrilo
2926902000,- - Acetonitrilo
2926903000,- - Cianhidrina de acetona
2926904000,- - 2-Ciano-N-[(etilamino)carbonil]-2-(metoxiamino) acetamida (cymoxanil)
2926905000,- - Cipermetrina
2926909000,- - Los demás
2927000000,"Compuestos diazoicos, azoicos o azoxi."
2928001000,- Etil-metil-cetoxima (butanona oxima)
2928002000,- Foxima (ISO)(DCI)
2928009000,- Los demás
2929101000,- - Toluen-diisocianato
2929109000,- - Los demás
2929901000,"- - Dihalogenuros de N,N-diaquil (metil, etil, n-propil o isopropil) fosforamidatos"
2929902000,"- - N,N-dialquil (metil, etil, n-propil o isopropil) fosforamidatos de dialquilo (metilo, etilo, n-propilo o isopropilo)"
2929903000,- - Ciclamato de sodio (DCI)
2929909000,- - Los demás
2930100000,"- 2-(N,N-Dimetilamino)etanotiol"
2930201000,- - Etildipropiltiocarbamato
2930202000,"- - Butilato (ISO), tiobencarb, vernolato"
2930209000,- - Los demás
2930301000,- - Disulfuro de tetrametiltiourama (ISO) (DCI)
2930309000,- - Los demás
2930400000,- Metionina
2930600000,"- 2-(N,N-Dietilamino)etanotiol"
2930700000,- Sulfuro de bis(2-hidroxietilo) (tiodiglicol (DCI))
2930800000,"- Aldicarb (ISO), captafol (ISO) y metamidofos (ISO)"
2930901100,- - - Metiltiofanato (ISO)
2930901900,- - - Los demás
2930902100,"- - - N,N-Dialquil (metil, etil, n-propil, o isopropil) aminoetano-2-tioles y sus sales protonadas"
2930902900,- - - Los demás
2930903000,- - Malatión (ISO)
2930905100,- - - Isopropilxantato de sodio (ISO)
2930905900,- - - Los demás
2930907000,"- - Fosforotioato de O,O-dietilo y de S-[2-(dietilamino) etilo], y sus sales alquiladas o protonadas"
2930908000,- - Etilditiofosfonato de O-etilo y de S-fenilo (fonofós)
2930909200,"- - - Sales, ésteres y derivados de la metionina"
2930909310,- - - - Dimetoato (ISO)
2930909320,- - - - Fenthión (ISO)
2930909400,"- - - Hidrogenoalquil (metil, etil, n-propil o isopropil) fosfonotioatos de [S-2-(dialquil(metil, etil, n-propil o isopropil)amino)etilo], sus ésteres de O-alquilo (hasta 10 carbonos, incluyendo cicloalquilos); sus sales alquiladas o protonadas"
2930909500,- - - Sulfuro de 2-cloroetilo y de clorometilo; sulfuro de bis(2-cloroetilo)
2930909600,"- - - Bis(2-cloroetiltio)metano; 1,2-bis(2-cloroetiltio)etano; 1,3-bis(2-cloroetiltio)-n-propano; 1,4-bis(2-cloroetiltio)-n-butano; 1,5-bis(2-cloroetiltio)-n-pentano"
2930909700,- - - Óxido de bis-(2-cloro-etiltiometilo); óxido de bis-(2-cloroetiltioetilo)
2930909800,"- - - Los demás que contengan un átomo de fósforo unido a un grupo metilo, etilo, n-propilo o isopropilo, sin otros átomos de carbono"
2930909900,- - - Los demás
2931100000,- Tetrametilplomo y tetraetilplomo
2931200000,- Compuestos de tributilestaño
2931410000,- - Metilfosfonato de dimetilo
2931420000,- - Propilfosfonato de dimetilo
2931430000,- - Etilfosfonato de dietilo
2931440000,- - Ácido metilfosfónico
2931450000,- - Sal de ácido metilfosfónico y de (aminoiminometil)urea (1 : 1)
2931460000,"- - 2,4,6-Trióxido de 2,4,6-tripropil-1,3,5,2,4,6-trioxatrifosfinano"
2931470000,"- - Metilfosfonato de (5-etil-2-metil-2-óxido-1,3,2-dioxafosfinano-5-il)metil metilo"
2931480000,"- - 3,9-Dióxido de 3,9-dimetil-2,4,8,10-tetraoxa-3,9-difosfaspiro[5.5] undecano"
2931491100,- - - - Glyfosato (ISO)
2931491200,- - - - Sales
2931492000,"- - - N-N-dialquil (metil, etil, n-propil o isopropil) fosforoamidocianidatos de O-alquilo (hasta 10 carbonos, incluyendo cicloalquilos)"
2931493000,"- - - Hidrogenoalquil (metil, etil, n-propil o isopropil)fosfonitos de [O-2- (dialquil(metil, etil, n-propil o isopropil)amino)etilo]; sus ésteres de O-alquilo (hasta 10 carbonos, incluyendo cicloalquilos); sus sales alquiladas o protonadas"
2931494000,"- - - Los demás que contengan un átomo de fósforo unido a un grupo metilo,etilo, n-propilo o isopropilo, sin otros átomos de carbono"
2931499000,- - - Los demás
2931510000,- - Dicloruro metilfosfónico
2931520000,- - Dicloruro propilfosfónico
2931530000,- - Metilfosfonotionato de O-(3-cloropropil)-O-[4-nitro-3-(trifluorometil)fenilo]
2931540000,- - Triclorfón (ISO)
2931591000,"- - - Alquil (metil, etil, n-propil o isopropil) fosfonofluoridatos de O-alquilo   (hasta 10 carbonos, incluyendo cicloalquilos)"
2931592000,"- - - Difluoruros de alquil (metil, etil, n-propil o isopropil)fosfonilo"
2931593000,- - - Metilfosfonocloridato de O-isopropilo; metilfosfonocloridato de O-pinacolilo
2931599000,- - - Los demás
2931901000,- - 2-clorovinildicloroarsina; bis(2-clorovinil)cloroarsina; tris(2-clorovinil)arsina
2931909000,- - Los demás
2932110000,- - Tetrahidrofurano
2932120000,- - 2-Furaldehído (furfural)
2932131000,- - - Alcohol furfurílico
2932132000,- - - Alcohol tetrahidrofurfurílico
2932140000,- - Sucralosa
2932190000,- - Los demás
2932201000,"- - Cumarina, metilcumarinas y etilcumarinas"
2932209100,- - - Warfarina (ISO) (DCI)
2932209900,- - - Las demás
2932910000,- - Isosafrol
2932920000,"- - 1-(1,3-Benzodioxol-5-il)propan-2-ona"
2932930000,- - Piperonal
2932940000,- - Safrol
2932950000,- - Tetrahidrocannabinoles (todos los isómeros)
2932960000,- - Carbofurano (carbofurán) (ISO)
2932991000,- - - Butóxido de piperonilo
2932992000,- - - Eucaliptol
2932999000,- - - Los demás
2933111000,- - - Fenazona (DCI) (antipirina)
2933113000,"- - - Dipirona (4-Metilamino-1,5 dimetil-2-fenil-3-pirazolona metansulfonato de sodio)"
2933119000,- - - Los demás
2933191000,- - - Fenilbutazona (DCI)
2933199000,- - - Los demás
2933210000,- - Hidantoína y sus derivados
2933290000,- - Los demás
2933310000,- - Piridina y sus sales
2933320000,- - Piperidina y sus sales
2933331000,- - - Bromazepam (DCI)
2933332000,- - - Fentanilo (DCI)
2933333000,- - - Petidina (DCI)
2933334000,- - - Intermedio A de la petidina (DCI): (4-ciano-1-metil-4-fenil-piperidina o 1-metil-4-fenil-4 cianopiperidina)
2933335000,"- - - Alfentanilo (DCI), anileridina (DCI), bezitramida (DCI), difenoxilato (DCI), difenoxina (DCI), dipipanona (DCI), fenciclidina (DCI) (PCP), fenoperidina (DCI), ketobemidona (DCI), metilfenidato (DCI), pentazocina (DCI), pipradrol (DCI), piritramida (DCI), propiram (DCI) y trimeperidina (DCI)"
2933339000,- - - Los demás
2933340000,- - Los demás fentanilos y sus derivados
2933350000,- - Quinuclidin-3-ol
2933360000,- - 4-Anilino-N-fenetilpiperidina (ANPP)
2933370000,- - N-Fenetil-4piperidona (NPP)
2933391100,- - - - Picloram (ISO)
2933391200,- - - - Sales
2933392000,- - - Dicloruro de paraquat
2933393000,- - - Hidracida del ácido isonicotínico
2933396000,- - - Benzilato de 3-quinuclidinilo
2933399000,- - - Los demás
2933410000,- - Levorfanol (DCI) y sus sales
2933491000,"- - - 6-Etoxi-1,2-dihidro-2,2,4-trimetilquinolina (etoxiquina)"
2933499000,- - - Los demás
2933520000,- - Malonilurea (ácido barbitúrico) y sus sales
2933531000,- - - Fenobarbital (DCI)
2933532000,"- - - Alobarbital (DCI), amobarbital (DCI), barbital (DCI), butalbital (DCI) y butobarbital"
2933533000,"- - - Ciclobarbital (DCI), metilfenobarbital (DCI) y pentobarbital (DCI)"
2933534000,"- - - Secbutabarbital (DCI), secobarbital (DCI) y vinilbital (DCI)"
2933539000,- - - Los demás
2933540000,- - Los demás derivados de la malonilurea (ácido barbitúrico); sales de estos productos
2933551000,- - - Loprazolam (DCI)
2933552000,- - - Meclocualona (DCI)
2933553000,- - - Metacualona (DCI)
2933554000,- - - Zipeprol (DCI)
2933559000,- - - Los demás
2933591100,"- - - - Piperazina (dietilendiamina) y 2,5-dimetil-piperazina (dimetil-2,5-dietilendiamina)"
2933591200,- - - - Ciprofloxacina (DCI) y sus sales
2933591300,- - - - Hidroxizina (DCI)
2933591900,- - - - Los demás
2933592000,- - - Amprolio (DCI)
2933594000,- - - Tiopental sódico (DCI)
2933599000,- - - Los demás
2933610000,- - Melamina
2933691000,- - - Atrazina (ISO)
2933699000,- - - Los demás
2933710000,- - 6-Hexanolactama (épsilon-caprolactama)
2933720000,- - Clobazam (DCI) y metiprilona (DCI)
2933791000,- - - Primidona (DCI)
2933799000,- - - Los demás
2933911000,- - - Alprazolam (DCI)
2933912000,- - - Diazepam (DCI)
2933913000,- - - Lorazepam (DCI)
2933914000,- - - Triazolam (DCI)
2933915000,"- - - Camazepam (DCI), clordiazepóxido (DCI), clonazepam (DCI), clorazepato, delorazepam (DCI), estazolam (DCI), fludiazepam (DCI) y flunitrazepam (DCI)"
2933916000,"- - - Flurazepam (DCI), halazepam (DCI), loflazepato de etilo (DCI), lormetazepam (DCI), mazindol (DCI), medazepam (DCI), midazolam (DCI), nimetazepam (DCI)"
2933917000,"- - - Nitrazepam (DCI), nordazepam (DCI), oxazepam (DCI), pinazepam (DCI), prazepam (DCI), pirovalerona (DCI), temazepam (DCI) y tetrazepam (DCI)"
2933919000,- - - Los demás
2933920000,- - Azinfos-metil (ISO)
2933991000,- - - Parbendazol (DCI)
2933992000,- - - Albendazol (DCI)
2933999010,- - - - Triadimefón
2933999090,- - - - Los demás:
2934101000,- - Tiabendazol (ISO)
2934109000,- - Los demás
2934200010,- - Mercaptobenzotiazol
2934200090,- - Los demás
2934300010,- - Fenotiazina
2934300090,- - Los demás
2934911000,"- - - Aminorex (DCI), brotizolam (DCI), clotiazepam (DCI), cloxazolam (DCI) y dextromoramida (DCI)"
2934912000,"- - - Haloxazolam (DCI), ketazolam (DCI), mesocarbo (DCI), oxazolam (DCI) y pemolina (DCI)"
2934913000,"- - - Fenmetrazina (DCI), fendimetrazina (DCI) y sufentanil (DCI)"
2934919000,- - - Los demás
2934920000,- - Los demás fentanilos y sus derivados
2934991000,- - - Sultonas y sultamas
2934992000,- - - Ácido 6-aminopenicilánico
2934993000,- - - Ácidos nucleicos y sus sales
2934994000,- - - Levamisol (DCI)
2934999000,- - - Los demás
2935100000,- N-Metilperfluorooctano sulfonamida
2935200000,- N-Etilperfluorooctano sulfonamida
2935300000,- N-Etil-N-(2-hidroxietil)perfluorooctano sulfonamida
2935400000,- N-(2-Hidroxietil)-N-metilperfluorooctano sulfonamida
2935500000,- Las demás perfluorooctano sulfonamidas
2935901000,- - Sulpirida (DCI)
2935909000,- - Las demás
2936210000,- - Vitaminas A y sus derivados
2936220000,- - Vitamina B1 y sus derivados
2936230000,- - Vitamina B2 y sus derivados
2936240000,- - Ácido D- o DL-pantoténico (vitamina B5) y sus derivados
2936250000,- - Vitamina B6 y sus derivados
2936260000,- - Vitamina B12 y sus derivados
2936270000,- - Vitamina C y sus derivados
2936280000,- - Vitamina E y sus derivados
2936291000,- - - Vitamina B9 y sus derivados
2936292000,- - - Vitamina K y sus derivados
2936293000,- - - Vitamina PP y sus derivados
2936299000,- - - Las demás vitaminas y sus derivados
2936900000,"- Los demás, incluidos los concentrados naturales"
2937110000,"- - Somatotropina, sus derivados y análogos estructurales"
2937120000,- - Insulina y sus sales
2937191000,- - - Oxitocina (DCI)
2937199000,- - - Los demás
2937211000,- - - Hidrocortisona
2937212000,- - - Prednisolona (DCI) (dehidrohidrocortisona)
2937219010,- - - - Prednisona (dehidrocortisona)
2937219020,- - - - Cortisona
2937221000,- - - Betametasona (DCI)
2937222000,- - - Dexametasona (DCI)
2937223000,- - - Triamcinolona (DCI)
2937224000,- - - Fluocinonida (DCI)
2937229010,- - - - De la hidrocortisona
2937229090,- - - - Las demás
2937231000,- - - Progesterona (DCI) y sus derivados
2937232000,- - - Estriol (hidrato de foliculina)
2937239000,- - - Los demás
2937291000,- - - Ciproterona (DCI)
2937292000,- - - Finasteride (DCI)
2937299010,- - - - Corticosterona y sus ésteres
2937299020,- - - - Pregnenolona (DCI) y epoxipregnenolona
2937299030,- - - - Ésteres y sales de la hidrocortisona
2937299040,- - - - Acetato de desoxicorticosterona (DCIM); acetato de cloroprednisona (DCIM)
2937299090,- - - - Los demás
2937500000,"- Prostaglandinas, tromboxanos y leucotrienos, sus derivados y análogos estructurales"
2937900000,- Los demás
2938100000,- Rutósido (rutina) y sus derivados
2938902000,- - Saponinas
2938909000,- - Los demás
2939111000,- - - Concentrado de paja de adormidera y sus sales
2939112000,- - - Codeína y sus sales
2939113000,- - - Dihidrocodeína (DCI) y sus sales
2939114000,- - - Heroína y sus sales
2939115000,- - - Morfina y sus sales
2939116000,"- - - Buprenorfina (DCI), etilmorfina, etorfina (DCI), hidrocodona (DCI), hidromorfona (DCI); sales de estos productos"
2939117000,"- - - Folcodina (DCI), nicomorfina (DCI), oxicodona (DCI), oximorfona (DCI), tebacona (DCI) y tebaína; sales de estos productos"
2939191000,"- - - Papaverina, sus sales y derivados"
2939199000,- - - Los demás
2939200000,- Alcaloides de la quina (chinchona) y sus derivados; sales de estos productos
2939300000,- Cafeína y sus sales
2939410000,- - Efedrina y sus sales
2939420000,- - Seudoefedrina (DCI) y sus sales
2939430000,- - Catina (DCI) y sus sales
2939440000,- - Norefedrina y sus sales
2939451000,- - - Levometanfetamina y sus sales
2939452000,- - - Metanfetamina (DCI) y sus sales
2939453000,- - - Racemato de metanfetamina y sus sales
2939491000,- - - Ésteres y demás derivados de la levometanfetamina
2939492000,- - - Ésteres y demás derivados de la metanfetamina (DCI)
2939493000,- - - Ésteres y demás derivados de racemato de metanfetamina
2939499000,- - - Los demás
2939510000,- - Fenetilina (DCI) y sus sales
2939590000,- - Los demás
2939610000,- - Ergometrina (DCI) y sus sales
2939620000,- - Ergotamina (DCI) y sus sales
2939630000,- - Ácido lisérgico y sus sales
2939690000,- - Los demás
2939721000,"- - - Cocaína; sus sales, ésteres y demás derivados"
2939722000,"- - - Ecgonina; sus sales, ésteres y demás derivados"
2939791000,- - - Escopolamina; sus sales y derivados
2939799000,- - - Los demás
2939800000,- Los demás
2940000000,"Azúcares químicamente puros, excepto la sacarosa, lactosa, maltosa, glucosa y fructosa (levulosa); éteres, acetales y ésteres de azúcares y sus sales, excepto los productos de las partidas 29.37, 29.38 o 29.39."
2941101000,- - Ampicilina (DCI) y sus sales
2941102000,- - Amoxicilina (DCI) y sus sales
2941103000,"- - Oxacilina (DCI), cloxacilina (DCI), dicloxacilina (DCI) y sus sales"
2941104000,"- - Derivados de ampicilina, amoxicilina y dicloxacilina"
2941109000,- - Los demás
2941200000,- Estreptomicinas y sus derivados; sales de estos productos
2941301000,- - Oxitetraciclina (ISO) (DCI) y sus derivados; sales de estos productos
2941302000,- - Clorotetraciclina y sus derivados; sales de estos productos
2941309000,- - Los demás
2941400000,- Cloranfenicol y sus derivados; sales de estos productos
2941500000,- Eritromicina y sus derivados; sales de estos productos
2941901000,- - Neomicina (DCI) y sus derivados; sales de estos productos
2941902000,- - Actinomicina y sus derivados; sales de estos productos
2941903000,- - Bacitracina (DCI) y sus derivados; sales de estos productos
2941904000,- - Gramicidina (DCI) y sus derivados; sales de estos productos
2941905000,- - Tirotricina (DCI) y sus derivados; sales de estos productos
2941906010,- - - Cefalexina (DCI)
2941906090,- - - Los demás
2941909000,- - Los demás
2942000000,Los demás compuestos orgánicos.
3001201000,- - De hígado
3001202000,- - De bilis
3001209000,- - Los demás
3001901000,- - Heparina y sus sales
3001909000,- - Las demás
3002121100,- - - - Antiofídico
3002121200,- - - - Antidiftérico
3002121300,- - - - Antitetánico
3002121900,- - - - Los demás
3002122100,- - - - Plasma humano
3002122900,- - - - Las demás
3002131000,- - - Para tratamiento oncológico o VIH
3002139000,- - - Los demás
3002141000,- - - Para tratamiento oncológico o VIH
3002149000,- - - Los demás
3002151000,- - - Para tratamiento oncológico o VIH
3002159000,- - - Los demás
3002411000,- - - Antipoliomielítica
3002412000,- - - Antirrábica
3002413000,- - - Antisarampionosa
3002414000,- - - AntiCOVID-19
3002419000,- - - Las demás
3002421000,- - - Antiaftosa
3002429000,- - - Las demás
3002491000,- - - Cultivos de microorganismos
3002492000,- - - Saxitoxina
3002493000,- - - Ricina
3002499000,- - - Los demás
3002510000,- - Productos de terapia celular
3002590000,- - Los demás
3002903000,- - Sangre humana
3002909000,- - Los demás
3003100000,"- Que contengan penicilinas o derivados de estos productos con la estructura del ácido penicilánico, o estreptomicinas o derivados de estos productos"
3003200000,"- Los demás, que contengan antibióticos"
3003310000,- - Que contengan insulina
3003390000,- - Los demás
3003410000,- - Que contengan efedrina o sus sales
3003420000,- - Que contengan seudoefedrina (DCI) o sus sales
3003430000,- - Que contengan norefedrina o sus sales
3003490000,- - Los demás
3003600000,"- Los demás, que contengan los principios activos contra la malaria (paludismo) descritos en la Nota 2 de subpartida del presente Capítulo"
3003901000,- - Para uso humano
3003902000,- - Para uso veterinario
3004101000,- - Para uso humano
3004102000,- - Para uso veterinario
3004201100,- - - Para tratamiento oncológico o VIH
3004201900,- - - Los demás
3004202000,- - Para uso veterinario
3004310000,- - Que contengan insulina
3004321100,- - - - Para tratamiento oncológico o VIH
3004321900,- - - - Los demás
3004322000,- - - Para uso veterinario
3004391100,- - - - Para tratamiento oncológico o VIH
3004391900,- - - - Los demás
3004392000,- - - Para uso veterinario
3004411000,- - - Para uso humano
3004412000,- - - Para uso veterinario
3004421000,- - - Para uso humano
3004422000,- - - Para uso veterinario
3004431000,- - - Para uso humano
3004432000,- - - Para uso veterinario
3004491000,- - - Para uso humano
3004492000,- - - Para uso veterinario
3004501000,- - Para uso humano
3004502000,- - Para uso veterinario
3004600000,"- Los demás, que contengan los principios activos contra la malaria (paludismo) descritos en la Nota 2 de subpartida del presente Capítulo"
3004901000,- - Sustitutos sintéticos del plasma humano
3004902100,- - - Anestésicos
3004902200,- - - Parches impregnados con nitroglicerina
3004902300,- - - Para la alimentación vía parenteral
3004902400,- - - Para tratamiento oncológico o VIH
3004902900,- - - Los demás
3004903000,- - Los demás medicamentos para uso veterinario
3005101000,- - Esparadrapos y venditas
3005109000,- - Los demás
3005901000,- - Algodón hidrófilo
3005902000,- - Vendas
3005903100,- - - Impregnadas de yeso u otras substancias propias para el tratamiento de fracturas
3005903900,- - - Las demás
3005909000,- - Los demás
3006101000,"- - Catguts estériles y ligaduras estériles similares, para suturas quirúrgicas (incluidos los hilos reabsorbibles estériles para cirugía u odontología)"
3006102000,- - Adhesivos estériles para tejidos orgánicos
3006109000,- - Los demás
3006301000,- - Preparaciones opacificantes a base de sulfato de bario
3006302000,- - Las demás preparaciones opacificantes
3006303000,- - Reactivos de diagnóstico
3006401000,- - Cementos y demás productos de obturación dental
3006402000,- - Cementos para la refección de huesos
3006500000,- Botiquines equipados para primeros auxilios
3006600000,"- Preparaciones químicas anticonceptivas a base de hormonas, de otros productos de la partida 29.37 o de espermicidas"
3006700000,"- Preparaciones en forma de gel, concebidas para ser utilizadas en medicina o veterinaria como lubricante para ciertas partes del cuerpo en operaciones quirúrgicas o exámenes médicos o como nexo entre el cuerpo y los instrumentos médicos"
3006910000,- - Dispositivos identificables para uso en estomas
3006920000,- - Desechos farmacéuticos
3006930000,"´- - Placebos y kits para ensayos clínicos ciegos (o doble ciego), destinados para ensayos clínicos reconocidos, presentados en forma de dosis"
3101001000,- Guano de aves marinas
3101009000,- Los demás
3102101000,"- - Con un porcentaje de nitrógeno superior o igual a 45,0 % pero inferior o igual a 46,6 % en peso"
3102109000,- - Las demás
3102210000,- - Sulfato de amonio
3102290000,- - Las demás
3102300010,"- - Con un contenido de nitrógeno total inferior o igual a 34,5 % y densidad aparente superior a 0,85 g/ml (calidad fertilizante)"
3102300090,- - Los demás
3102400000,- Mezclas de nitrato de amonio con carbonato de calcio u otras materias inorgánicas sin poder fertilizante
3102500000,- Nitrato de sodio
3102600000,- Sales dobles y mezclas entre sí de nitrato de calcio y nitrato de amonio
3102800000,- Mezclas de urea con nitrato de amonio en disolución acuosa o amoniacal
3102901000,- - Mezclas de nitrato de calcio con nitrato de magnesio
3102909000,- - Los demás
3103110000,- - Con un contenido de pentóxido de difósforo (P2O5) superior o igual al 35 % en peso
3103190000,- - Los demás
3103900010,- - Escorias de desfosforación
3103900090,- - Los demás
3104202000,"- - Con un contenido de potasio, superior o igual a 58,0 % pero inferior o igual a 63,1 % en peso, expresado en óxido de potasio"
3104209000,- - Las demás
3104300000,- Sulfato de potasio
3104901000,- - Sulfato de magnesio y potasio
3104909010,"- - - Carnalita, silvinita y demás sales de potasio, naturales, en bruto"
3104909090,- - - Los demás
3105100000,- Productos de este Capítulo en tabletas o formas similares o en envases de un peso bruto inferior o igual a 10 kg
3105200000,"- Abonos minerales o químicos con los tres elementos fertilizantes: nitrógeno, fósforo y potasio"
3105300000,- Hidrogenoortofosfato de diamonio (fosfato diamónico)
3105400000,"- Dihidrogenoortofosfato de amonio (fosfato monoamónico), incluso mezclado con el hidrogenoortofosfato de diamonio (fosfato diamónico)"
3105510000,- - Que contengan nitratos y fosfatos
3105590000,- - Los demás
3105600000,- Abonos minerales o químicos con los dos elementos fertilizantes: fósforo y potasio
3105901000,- - Nitrato sódico potásico (salitre)
3105902000,- - Los demás abonos minerales o químicos con los dos elementos fertilizantes: nitrógeno y potasio
3105909000,- - Los demás
3201100000,- Extracto de quebracho
3201200000,- Extracto de mimosa (acacia)
3201902000,- - Tanino de quebracho
3201903000,- - Extractos de roble o de castaño
3201909010,- - - Extractos de mangle o de dividivi
3201909090,- - - Los demás
3202100000,- Productos curtientes orgánicos sintéticos
3202901000,- - Preparaciones enzimáticas para precurtido
3202909000,- - Los demás
3203001100,- - De campeche
3203001200,- - Clorofilas
3203001300,- - Indigo natural
3203001400,"- - De achiote (onoto, bija)"
3203001500,- - De marigold (xantófila)
3203001600,- - De maíz morado (antocianina)
3203001700,- - De cúrcuma (curcumina)
3203001900,- - Las demás
3203002100,- - De cochinilla
3203002900,- - Las demás
3204110000,- - Colorantes dispersos y preparaciones a base de estos colorantes
3204120000,"- - Colorantes ácidos, incluso metalizados, y preparaciones a base de estos colorantes; colorantes para mordiente y preparaciones a base de estos colorantes"
3204130000,- - Colorantes básicos y preparaciones a base de estos colorantes
3204140000,- - Colorantes directos y preparaciones a base de estos colorantes
3204151000,- - - Indigo sintético
3204159000,- - - Los demás
3204160000,- - Colorantes reactivos y preparaciones a base de estos colorantes
3204170000,- - Colorantes pigmentarios y preparaciones a base de estos colorantes
3204180000,- - Colorantes carotenoides y preparaciones a base de estos colorantes
3204190000,"- - Las demás, incluidas las mezclas de materias colorantes de dos o más de las subpartidas 3204.11 a 3204.19"
3204200000,- Productos orgánicos sintéticos de los tipos utilizados para el avivado fluorescente
3204900000,- Los demás
3205000000,Lacas colorantes; preparaciones a que se refiere la Nota 3 de este Capítulo a base de lacas colorantes.
3206110000,"- - Con un contenido de dióxido de titanio superior o igual al 80 % en peso, calculado sobre materia seca"
3206190000,- - Los demás
3206200000,- Pigmentos y preparaciones a base de compuestos de cromo
3206410000,- - Ultramar y sus preparaciones
3206420000,- - Litopón y demás pigmentos y preparaciones a base de sulfuro de cinc
3206492000,- - - Pigmentos y preparaciones a base de compuestos de cadmio
3206493000,- - - Pigmentos y preparaciones a base de hexacianoferratos (ferrocianuros o ferricianuros)
3206494000,- - - Pigmentos y preparaciones a base de negros de origen mineral
3206499000,- - - Los demás
3206500000,- Productos inorgánicos de los tipos utilizados como luminóforos
3207100000,"- Pigmentos, opacificantes y colores preparados y preparaciones similares"
3207201000,- - Composiciones vitrificables
3207209000,- - Los demás
3207300000,- Abrillantadores (lustres) líquidos y preparaciones similares
3207401000,- - Frita de vidrio
3207409000,- - Los demás
3208100000,- A base de poliésteres
3208200000,- A base de polímeros acrílicos o vinílicos
3208900000,- Los demás
3209100000,- A base de polímeros acrílicos o vinílicos
3209900000,- Los demás
3210001000,- Pinturas marinas anticorrosivas y antiincrustantes
3210002000,- Pigmentos al agua de los tipos utilizados para el acabado del cuero
3210009000,- Los demás
3211000000,Secativos preparados.
3212100000,- Hojas para el marcado a fuego
3212901000,"- - Pigmentos (incluidos el polvo y escamillas metálicos) dispersos en medios no acuosos, líquidos o en pasta, de los tipos utilizados para la fabricación de pinturas"
3212902000,- - Tintes y demás materias colorantes presentados en formas o en envases para la venta al por menor
3213101000,"- - Pinturas al agua (témpera, acuarela)"
3213109000,- - Los demás
3213900000,- Los demás
3214101000,"- - Masilla, cementos de resina y demás mástiques"
3214102000,- - Plastes (enduidos) utilizados en pintura
3214900000,- Los demás
3215110000,- - Negras
3215190000,- - Las demás
3215901000,- - Para copiadoras hectográficas y mimeógrafos
3215902000,- - Para bolígrafos
3215909000,- - Las demás
3301120000,- - De naranja
3301130000,- - De limón
3301191000,"- - - De lima (Citrus aurantifolia, Citrus latifolia)"
3301199000,- - - Los demás
3301240000,- - De menta piperita (Mentha piperita)
3301250000,- - De las demás mentas
3301291000,- - - De anís
3301292000,- - - De eucalipto
3301293000,- - - De lavanda (espliego) o de lavandín
3301299000,- - - Los demás
3301300000,- Resinoides
3301901000,- - Destilados acuosos aromáticos y disoluciones acuosas de aceites esenciales
3301902000,- - Oleorresinas de extracción
3301909000,- - Los demás
3302101000,"- - Cuyo grado alcohólico volumétrico sea superior al 0,5 % vol"
3302109000,- - Las demás
3302900000,- Las demás
3303000000,Perfumes y aguas de tocador.
3304100000,- Preparaciones para el maquillaje de los labios
3304200000,- Preparaciones para el maquillaje de los ojos
3304300000,- Preparaciones para manicuras o pedicuros
3304910000,"- - Polvos, incluidos los compactos"
3304990000,- - Las demás
3305100000,- Champúes
3305200000,- Preparaciones para ondulación o desrizado permanentes
3305300000,- Lacas para el cabello
3305900000,- Las demás
3306100000,- Dentífricos
3306200000,- Hilo utilizado para limpieza de los espacios interdentales (hilo dental)
3306900000,- Los demás
3307100000,- Preparaciones para afeitar o para antes o después del afeitado
3307200000,- Desodorantes corporales y antitraspirantes
3307300000,- Sales perfumadas y demás preparaciones para el baño
3307410000,- - «Agarbatti» y demás preparaciones odoríferas que actúan por combustión
3307490000,- - Las demás
3307901000,- - Disoluciones para lentes de contacto o para ojos artificiales
3307909000,- - Los demás
3401110000,- - De tocador (incluso los medicinales)
3401191000,"- - - En barras, panes, trozos o piezas troqueladas o moldeadas"
3401199000,- - - Los demás
3401200000,- Jabón en otras formas
3401300000,"- Productos y preparaciones orgánicos tensoactivos para el lavado de la piel, líquidos o en crema, acondicionados para la venta al por menor, aunque contengan jabón"
3402310000,- - Ácidos alquilbenceno sulfónicos lineales y sus sales
3402391000,- - - Sulfatos o sulfonatos de alcoholes grasos
3402399000,- - - Los demás
3402411000,- - - Sales de aminas grasas
3402419000,- - - Los demás
3402421000,- - - Obtenidos por condensación del óxido de etileno con mezclas de alcoholes lineales de once carbones o más
3402429000,- - - Los demás
3402491000,- - - Proteínas alquilbetaínicas o sulfobetaínicas
3402499000,- - - Los demás
3402500000,- Preparaciones acondicionadas para la venta al por menor
3402901000,- - Detergentes para la industria textil
3402909100,- - - Preparaciones tensoactivas a base de nonyl oxibenceno sulfonato de sodio
3402909900,- - - Los demás
3403110000,"- - Preparaciones para el tratamiento de materias textiles, cueros y pieles, peletería u otras materias"
3403190000,- - Las demás
3403910000,"- - Preparaciones para el tratamiento de materias textiles, cueros y pieles, peletería u otras materias"
3403990000,- - Las demás
3404200000,- De poli(oxietileno) (polietilenglicol)
3404903000,- - De lignito modificado químicamente
3404904010,- - - Artificiales
3404904020,- - - Preparadas
3404909010,- - - Artificiales
3404909020,- - - Preparadas
3405100000,"- Betunes, cremas y preparaciones similares para el calzado o para cueros y pieles"
3405200000,"- Encáusticos y preparaciones similares para la conservación de muebles de madera, parqués u otras manufacturas de madera"
3405300000,"- Abrillantadores (lustres) y preparaciones similares para carrocerías, excepto las preparaciones para lustrar metal"
3405400000,"- Pastas, polvos y demás preparaciones para fregar"
3405900000,- Las demás
3406000000,"Velas, cirios y artículos similares."
3407001000,- Pastas para modelar
3407002000,- «Ceras para odontología» o «compuestos para impresión dental»
3407009000,- Las demás preparaciones para odontología a base de yeso fraguable
3501100000,- Caseína
3501901000,- - Colas de caseína
3501909000,- - Los demás
3502110000,- - Seca
3502190000,- - Las demás
3502200000,"- Lactoalbúmina, incluidos los concentrados de dos o más proteínas del lactosuero"
3502901000,- - Albúminas
3502909000,- - Albuminatos y demás derivados de las albúminas
3503001000,- Gelatinas y sus derivados
3503002000,- Ictiocola; demás colas de origen animal
3504001000,- Peptonas y sus derivados
3504009000,- Los demás
3505100000,- Dextrina y demás almidones y féculas modificados
3505200000,- Colas
3506100000,"- Productos de cualquier clase utilizados como colas o adhesivos, acondicionados para la venta al por menor como colas o adhesivos, de peso neto inferior o igual a 1 kg"
3506910000,- - Adhesivos a base de polímeros de las partidas 39.01 a 39.13 o de caucho
3506990000,- - Los demás
3507100000,- Cuajo y sus concentrados
3507901300,- - - Pancreatina
3507901900,- - - Los demás
3507903000,- - Papaína
3507904000,- - Las demás enzimas y sus concentrados
3507905000,- - Preparaciones enzimáticas para ablandar la carne
3507906000,- - Preparaciones enzimáticas para clarificar bebidas
3507909000,- - Las demás
3601000000,Pólvora.
3602001100,- - Dinamitas
3602001900,- - Los demás
3602002010,"- - Con un contenido de nitrógeno  total superior o igual a 34,5 % y densidad aparente superior o igual a 0,65 g/ml e inferior o igual a 0,85 g/ml (grado anfo)"
3602002090,- - Los demás
3602009000,- Los demás
3603100000,- Mechas de seguridad
3603200000,- Cordones detonantes
3603300000,- Cebos fulminantes
3603400000,- Cápsulas fulminantes
3603500000,- Inflamadores
3603600000,- Detonadores eléctricos
3604100000,- Artículos para fuegos artificiales
3604900000,- Los demás
3605000000,"Fósforos (cerillas), excepto los artículos de pirotecnia de la partida 36.04."
3606100000,"- Combustibles líquidos y gases combustibles licuados en recipientes de los tipos utilizados para cargar o recargar encendedores o mecheros, de capacidad inferior o igual a 300 cm3"
3606900010,- - Ferrocerio y demás aleaciones pirofóricas en cualquier forma
3606900090,- - Los demás
3701100000,- Para rayos X
3701200000,- Películas autorrevelables
3701301000,- - Placas metálicas para artes gráficas
3701309000,- - Las demás
3701910000,- - Para fotografía en colores (policroma)
3701990000,- - Las demás
3702100000,- Para rayos X
3702310000,- - Para fotografía en colores (policroma)
3702320000,"- - Las demás, con emulsión de halogenuros de plata"
3702390000,- - Las demás
3702410000,"- - De anchura superior a 610 mm y longitud superior a 200 m, para fotografía en colores (policroma)"
3702420000,"- - De anchura superior a 610 mm y longitud superior a 200 m, excepto para fotografía en colores"
3702430000,- - De anchura superior a 610 mm y de longitud inferior o igual a 200 m
3702440000,- - De anchura superior a 105 mm pero inferior o igual a 610 mm
3702520000,- - De anchura inferior o igual a 16 mm
3702530000,"- - De anchura superior a 16 mm pero inferior o igual a 35 mm y longitud inferior o igual a 30 m, para diapositivas"
3702540000,"- - De anchura superior a 16 mm pero inferior o igual a 35 mm y longitud inferior o igual a 30 m, excepto para diapositivas"
3702550000,- - De anchura superior a 16 mm pero inferior o igual a 35 mm y longitud superior a 30 m
3702560000,- - De anchura superior a 35 mm
3702960000,- - De anchura inferior o igual a 35 mm y longitud inferior o igual a 30 m
3702970000,- - De anchura inferior o igual a 35 mm y longitud superior a 30 m
3702980000,- - De anchura superior a 35 mm
3703100000,- En rollos de anchura superior a 610 mm
3703200000,"- Los demás, para fotografía en colores (policroma)"
3703900000,- Los demás
3704000000,"Placas, películas, papel, cartón y textiles, fotográficos, impresionados pero sin revelar."
3705000010,-          Para la reproducción offset
3705000090,-          Las demás
3706100000,- De anchura superior o igual a 35 mm
3706900000,- Las demás
3707100000,- Emulsiones para sensibilizar superficies
3707900000,- Los demás
3801100000,- Grafito artificial
3801200000,- Grafito coloidal o semicoloidal
3801300000,- Pastas carbonosas para electrodos y pastas similares para el revestimiento interior de hornos
3801900000,- Las demás
3802100000,- Carbón activado
3802901000,"- - Harinas silíceas fósiles (por ejemplo: «Kieselguhr», tripolita, diatomita) activadas"
3802902000,"- - Negro de origen animal, incluido el agotado"
3802909000,- - Los demás
3803000000,"«Tall oil», incluso refinado."
3804001000,"- Lignosulfitos, incluidos los lignosulfonatos"
3804009000,- Los demás
3805100000,"- Esencias de trementina, de madera de pino o de pasta celulósica al sulfato (sulfato de trementina)"
3805901000,- - Aceite de pino
3805909000,- - Los demás
3806100000,- Colofonias y ácidos resínicos
3806200000,"- Sales de colofonias, de ácidos resínicos o de derivados de colofonias o de ácidos resínicos, excepto las sales de aductos de colofonias"
3806300000,- Gomas éster
3806903000,- - Esencia y aceites de colofonia
3806904000,- - Gomas fundidas
3806909000,- - Los demás
3807000000,"Alquitranes de madera; aceites de alquitrán de madera; creosota de madera; metileno (nafta de madera); pez vegetal; pez de cervecería y preparaciones similares a base de colofonia, de ácidos resínicos o de pez vegetal."
3808520000,"- - DDT (ISO) (clofenotano (DCI)), acondicionado en envases con un contenido en peso neto inferior o igual a 300 g"
3808591100,- - - - Presentados en formas o en envases para la venta al por menor o en artículos
3808591900,- - - - Los demás
3808599011,- - - - - Presentados en formas o en envases para la venta al por menor o en artículos
3808599019,- - - - - Los demás
3808599090,- - - - Los demás
3808610000,- - Acondicionados en envases con un contenido en peso neto inferior o igual a 300 g
3808620000,"- - Acondicionados en envases con un contenido en peso neto superior a 300 g pero inferior o igual a 7,5 kg"
3808690000,- - Los demás
3808911200,- - - - Que contengan bromometano (bromuro de metilo) o bromoclorometano
3808911400,- - - - Que contengan permetrina o cipermetrina o demás sustitutos sintéticos del piretro (piretroides)
3808911500,- - - - Que contengan mirex o endrina
3808911900,- - - - Los demás
3808919100,- - - - Que contengan piretro natural (piretrinas)
3808919400,- - - - Que contengan dimetoato
3808919500,- - - - Que contengan bromometano (bromuro de metilo) o bromoclorometano
3808919700,- - - - Que contengan permetrina o cipermetrina o demás sustitutos sintéticos del piretro (piretroides)
3808919800,- - - - Que contengan mirex o endrina
3808919900,- - - - Los demás
3808921100,- - - - Que contengan bromometano (bromuro de metilo) o bromoclorometano
3808921200,"- - - - Que contengan mancozeb, maneb, propineb o zineb"
3808921900,- - - - Los demás
3808929100,- - - - Que contengan compuestos de cobre
3808929200,"- - - - Que contengan mancozeb, maneb, propineb o zineb"
3808929300,- - - - Que contengan bromometano (bromuro de metilo) o bromoclorometano
3808929400,- - - - Que contengan pyrazofos
3808929900,- - - - Los demás
3808931100,- - - - Que contengan bromometano (bromuro de metilo) o bromoclorometano
3808931900,- - - - Los demás
3808939100,- - - - Que contengan bromometano (bromuro de metilo) o bromoclorometano
3808939300,- - - - Que contengan butaclor
3808939900,- - - - Los demás
3808941100,- - - - Que contengan bromometano (bromuro de metilo) o bromoclorometano
3808941900,- - - - Los demás
3808949100,- - - - Que contengan bromometano (bromuro de metilo) o bromoclorometano
3808949900,- - - - Los demás
3808991100,- - - - Que contengan bromometano (bromuro de metilo) o bromoclorometano
3808991900,- - - - Los demás
3808999100,- - - - Que contengan bromometano (bromuro de metilo) o bromoclorometano
3808999900,- - - - Los demás
3809100000,- A base de materias amiláceas
3809910000,- - De los tipos utilizados en la industria textil o industrias similares
3809920000,- - De los tipos utilizados en la industria del papel o industrias similares
3809930000,- - De los tipos utilizados en la industria del cuero o industrias similares
3810101000,- - Preparaciones para el decapado de metal
3810102000,"- - Pastas y polvos para soldar a base de aleaciones de estaño, de plomo o de antimonio"
3810109000,- - Los demás
3810901000,- - Flujos y demás preparaciones auxiliares para soldar metal
3810902000,- - Preparaciones de los tipos utilizados para recubrir o rellenar electrodos o varillas de soldadura
3811110000,- - A base de compuestos de plomo
3811190000,- - Las demás
3811211000,"- - - Mejoradores de viscosidad, incluso mezclados con otros aditivos"
3811212000,"- - - Detergentes y dispersantes, incluso mezclados con otros aditivos, excepto mejoradores de viscosidad"
3811219000,- - - Los demás
3811290000,- - Los demás
3811900000,- Los demás
3812100000,- Aceleradores de vulcanización preparados
3812200000,- Plastificantes compuestos para caucho o plástico
3812310000,"- - Mezclas de oligómeros de 2,2,4-trimetil-1,2-dihidroquinoleína (TMQ)"
3812391000,- - - Preparaciones antioxidantes
3812399000,- - - Los demás
3813001200,"- - Que contengan bromoclorodifluorometano, bromotrifluoro­metano o dibromotetrafluoroetanos"
3813001300,"- - Que contengan hidrobromofluorocarburos del metano, del etano o del propano (HBFC)"
3813001400,"- - Que contengan hidroclorofluorocarburos del metano, del etano o del propano (HCFC)"
3813001500,- - Que contengan bromoclorometano
3813001900,- - Los demás
3813002000,- Granadas y bombas extintoras
3814001000,"- Que contengan clorofluorocarburos del metano, del etano o del propano (CFC), incluso si contienen hidroclorofluorocarburos (HCFC)"
3814002000,"- Que contengan hidroclorofluorocarburos del metano, del etano o del propano (HCFC), pero que no contengan clorofluorocarburos (CFC)"
3814003000,"- Que contengan tetracloruro de carbono, bromoclorometano o 1,1,1-tricloroetano (metil cloroformo)"
3814009000,- Los demás
3815110000,- - Con níquel o sus compuestos como sustancia activa
3815120000,- - Con metal precioso o sus compuestos como sustancia activa
3815191000,- - - Con titanio o sus compuestos como sustancia activa
3815199000,- - - Los demás
3815900000,- Los demás
3816000000,"Cementos, morteros, hormigones y preparaciones similares, refractarios, incluido el aglomerado de dolomita, excepto los productos de la partida 38.01."
3817001000,-         Dodecilbenceno
3817002000,-         Mezclas de alquilnaftalenos
3817009010,- - Tridecilbenceno
3817009090,- - Las demás
3818000000,"Elementos químicos dopados para uso en electrónica, en discos, obleas («wafers») o formas análogas; compuestos químicos dopados para uso en electrónica."
3819000000,"Líquidos para frenos hidráulicos y demás líquidos preparados para transmisiones hidráulicas, sin aceites de petróleo ni de mineral bituminoso o con un contenido inferior al 70 % en peso de dichos aceites."
3820000000,Preparaciones anticongelantes y líquidos preparados para descongelar.
3821000010,-         Para el desarrollo o mantenimiento de microorganismos (incluidos los virus y organismos similares
3821000020,"-         Para el desarrollo o mantenimiento de células vegetales, humanas o animales"
3822110000,- - Para la malaria (paludismo)
3822120000,- - Para el Zika y demás enfermedades transmitidas por mosquitos del género Aedes
3822130000,- - Para la determinación de los grupos o los factores sanguíneos
3822190000,- - Los demás
3822900000,- Los demás
3823110000,- - Ácido esteárico
3823120000,- - Ácido oleico
3823130000,- - Ácidos grasos del «tall oil»
3823190000,- - Los demás
3823701000,- - Alcohol laurílico
3823702000,- - Alcohol cetílico
3823703000,- - Alcohol estearílico
3823709000,- - Los demás
3824100000,- Preparaciones aglutinantes para moldes o núcleos de fundición
3824300000,- Carburos metálicos sin aglomerar mezclados entre sí o con aglutinantes metálicos
3824400000,"- Aditivos preparados para cementos, morteros u hormigones"
3824500000,"- Morteros y hormigones, no refractarios"
3824600000,"- Sorbitol, excepto el de la subpartida 2905.44"
3824810000,- - Que contengan oxirano (óxido de etileno)
3824820000,"- - Que contengan bifenilos polibromados (PBB), bifenilos policlorados (PCB) o terfenilos policlorados (PCT)"
3824830000,"- - Que contengan fosfato de tris(2,3-dibromopropilo)"
3824840000,"- - Que contengan aldrina (ISO), canfecloro (ISO) (toxafeno), clordano (ISO), clordecona (ISO), DDT (ISO) (clofenotano (DCI), 1,1,1-tricloro-2,2-bis(p- clorofenil)etano), dieldrina (ISO, DCI), endosulfán (ISO), endrina (ISO), heptacloro (ISO) o mirex (ISO)"
3824850000,"- - Que contengan 1,2,3,4,5,6-hexaclorociclohexano (HCH (ISO)), incluido el lindano (ISO, DCI)"
3824860000,- - Que contengan pentaclorobenceno (ISO) o hexaclorobenceno (ISO)
3824870000,"- - Que contengan ácido perfluorooctano sulfónico o sus sales, perfluorooctano sulfonamidas o fluoruro de perfluorooctano sulfonilo"
3824880000,"- - Que contengan éteres tetra-, penta-, hexa-, hepta- u octabromodifenílicos"
3824890000,- - Que contengan parafinas cloradas de cadena corta
3824910000,"- - Mezclas y preparaciones constituidas esencialmente de metilfosfonato de (5-etil-2-metil-2-óxido-1,3,2-dioxafosfinan-5-il)metil metilo y metilfosfonato de bis[(5-etil-2-metil-2-óxido-1,3,2-dioxafosfinan-5-il)metilo]"
3824920000,- - Ésteres de poliglicol de ácido metilfosfónico
3824991000,- - - Sulfonatos de petróleo
3824992100,- - - - Cloroparafinas
3824992200,- - - - Mezclas de polietilenglicoles de bajo peso molecular
3824993100,- - - - Preparaciones desincrustantes
3824993200,- - - - Preparaciones enológicas; preparaciones para clarificar líquidos
3824994000,- - - Conos de fusión para control de temperaturas; cal sodada; gel de sílice coloreada; pastas a base de gelatina para usos gráficos
3824995000,"- - - Ácidos nafténicos, sus sales insolubles en agua y sus ésteres"
3824996000,- - - Preparaciones para fluidos de perforación de pozos («lodos»)
3824997000,"- - - Preparaciones para concentración de minerales, excepto las que contengan xantatos"
3824998000,- - - Anabólicos; mezcla de sulfato de sodio y cromato de sodio
3824999100,"- - - - Maneb, zineb, mancozeb"
3824999200,"- - - - Ferritas con aglomerantes, en polvo o gránulos"
3824999300,- - - - Intercambiadores de iones
3824999400,- - - - Endurecedores compuestos
3824999500,"- - - - Ácido fosfórico, sin aislar, incluso en concentración con contenido inferior o igual al 54 % en peso de P2O5"
3824999600,- - - - Correctores líquidos acondicionados en envases para la venta al por menor
3824999700,- - - - Propineb
3824999800,- - - - Preparaciones de óxido de plomo y plomo metálico (“óxido gris”; “óxido negro”) para fabricar placas para acumuladores
3824999911,"- - - - - - Mezclas constituidas esencialmente de alquil (metil, etil, n-propil o isopropil) fosfonofluoridatos de O-alquilo (< C10’ incluyendo cicloalquilos)"
3824999912,"- - - - - - Mezclas constituidas esencialmente de N,N-dialquil (metil, etil, n-propil o isopropil) fosforoamidocianidatos de O-alquilo (< C10’ incluyendo cicloalquilos)"
3824999913,"-          - - - - - Mezclas constituidas esencialmente de difluoruros de alquil (metil, etil, n-propil o isopropil) fosfonilo"
3824999914,"-          - - - - - Mezclas constituidas esencialmente de dihalogenuros de N,N-dialquil (metil, etil, n-propil o isopropil) fosforoamídicos"
3824999915,"- - - - - - Mezclas constituidas esencialmente de N,N-dialquil (metil, etil, n-propil o isopropil) fosforoamidatos de dialquilo (metilo, etilo, n-propilo o isopropilo)"
3824999920,"-          - - - - Mezclas constituidas esencialmente de hidrogenoalquil (metil, etil, n-propil o isopropil) fosfonotioatos de [S-2-(dialquil (metil, etil, n-propil o isopropil) amino) etilo] y sus ésteres de O-alquilo (< C10’ incluyendo cicloalquilos); mezclas constituidas esencialmente de sus sales alquiladas o protonadas"
3824999930,"-           - - - - Mezclas constituidas esencialmente de hidrogenoalquil (metil, etil, n-propil o isopropil) fosfonitos de [O-2-(dialquil (metil, etil, n-propil o isopropil) amino) etilo] y sus ésteres de O-alquilo (< C10’ incluyendo cicloalquilos); mezclas constituidas esencialmente de sus sales alquiladas o protonadas"
3824999941,"-          - - - - - Mezclas constituidas esencialmente de aminas N,N-dialquil (metil, etil, n-propil o isopropil) 2-cloroetilo o sus sales protonadas"
3824999942,"-          - - - - - Mezclas constituidas esencialmente de N,N-dialquil (metil, etil, n-propil o isopropil) aminoetano-2-tioles o sus sales protonadas"
3824999951,"-           - - - - - Mezclas constituidas esencialmente de N,N-dimetil-2-aminoetanoles o de N,N-dietil-2-aminoetanol o sus sales protonadas"
3824999959,-           - - - - - Los demás
3824999960,"-           - - - - Las demás mezclas constituidas esencialmente de productos químicos que contengan un átomo de fósforo al cual se encuentre unido un grupo metilo, etilo, n-propilo o isopropilo, sin otros átomos de carbono"
3824999971,-           - - - - - Que contengan hidrocarburos acíclicos perhalogenados únicamente con flúor y cloro
3824999979,-           - - - - - Las demás
3824999991,-            - - - - - Aceites de fusel; aceites de Dippel
3824999999,-           - - - - - Los demás
3825100000,- Desechos municipales
3825200000,- Lodos de depuración
3825300000,- Desechos clínicos
3825410000,- - Halogenados
3825490000,- - Los demás
3825500000,"- Desechos de soluciones decapantes, fluidos hidráulicos, líquidos para frenos y líquidos anticongelantes"
3825610000,- - Que contengan principalmente componentes orgánicos
3825690000,- - Los demás
3825900000,- Los demás
3826000000,"Biodiésel y sus mezclas, sin aceites de petróleo o de mineral bituminoso o con un contenido inferior al 70 % en peso."
3827110010,- - - Que  contengan perclorofluorocarburos
3827110090,- - - Los demás
3827120000,- - Que contengan hidrobromofluorocarburos (HBFC)
3827130000,- - Que contengan tetracloruro de carbono
3827140000,"- - Que contengan 1,1,1-tricloroetano (metilcloroformo)"
3827200000,"- Que contengan bromoclorodifluorometano (Halón-1211), bromotrifluorometano (Halón-1301) o dibromotetrafluoroetanos (Halón-2402)"
3827310000,- - Que contengan sustancias de las subpartidas 2903.41 a 2903.48
3827320000,"- - Las demás, que contengan sustancias de las subpartidas 2903.71 a 2903.75"
3827390000,- - Las demás
3827400000,- Que contengan bromuro de metilo (bromometano) o bromoclorometano
3827510000,- - Que contengan trifluorometano (HFC-23)
3827590000,- - Las demás
3827610000,"- - Con un contenido de 1,1,1-trifluoroetano (HFC-143a), superior o igual al 15 % en masa"
3827620000,"- - Las demás, no comprendidas en subpartidas anteriores, con un contenido de pentafluoroetano (HFC-125) superior o igual al 55 % en masa, pero que no contengan derivados fluorados de los hidrocarburos acíclicos no saturados (HFO)"
3827630000,"- - Las demás, no comprendidas en subpartidas anteriores, con un contenido de pentafluoroetano (HFC-125) superior o igual al 40 % en masa"
3827640000,"- - Las demás, no comprendidas en subpartidas anteriores, con un contenido de 1,1,1,2-tetrafluoroetano (HFC-134a) superior o igual al 30 % en masa, pero que no contengan derivados fluorados de los hidrocarburos acíclicos no saturados (HFO)"
3827650000,"- - Las demás, no comprendidas en subpartidas anteriores, con un contenido de difluorometano (HFC-32) superior o igual al 20 % en masa y de pentafluoroetano (HFC-125) superior o igual al 20 % en masa"
3827680000,"- - Las demás, no comprendidas en subpartidas anteriores, que contengan sustancias de las subpartidas 2903.41 a 2903.48"
3827690000,- - Las demás
3827900010,- - Que contengan hidrocarburos acíclicos perhalogenados únicamente con flúor y cloro
3827900020,"- - Las demás, que contengan derivados perhalogenados de hidrocarburos acíclicos con dos halógenos diferentes, por lo menos"
3827900090,- - Las demás
3901100000,"- Polietileno de densidad inferior a 0,94"
3901200000,"- Polietileno de densidad superior o igual a 0,94"
3901300000,- Copolímeros de etileno y acetato de vinilo
3901400000,"- Copolímeros de etileno y alfa-olefina de densidad inferior a 0,94"
3901901000,- - Copolímeros de etileno con otras olefinas
3901909000,- - Los demás
3902100000,- Polipropileno
3902200000,- Poliisobutileno
3902300000,- Copolímeros de propileno
3902900000,- Los demás
3903110000,- - Expandible
3903190000,- - Los demás
3903200000,- Copolímeros de estireno-acrilonitrilo (SAN)
3903300000,- Copolímeros de acrilonitrilo-butadieno-estireno (ABS)
3903900000,- Los demás
3904101000,- - Obtenido por polimerización en emulsión
3904102000,- - Obtenido por polimerización en suspensión
3904109000,- - Los demás
3904210000,- - Sin plastificar
3904220000,- - Plastificados
3904301000,- - Sin mezclar con otras sustancias
3904309000,- - Los demás
3904400000,- Los demás copolímeros de cloruro de vinilo
3904500000,- Polímeros de cloruro de vinilideno
3904610000,- - Politetrafluoroetileno
3904690000,- - Los demás
3904900000,- Los demás
3905120000,- - En dispersión acuosa
3905190000,- - Los demás
3905210000,- - En dispersión acuosa
3905290000,- - Los demás
3905300000,"- Poli(alcohol vinílico), incluso con grupos acetato sin hidrolizar"
3905910000,- - Copolímeros
3905991000,- - - Polivinilbutiral
3905992000,- - - Polivinilpirrolidona
3905999000,- - - Los demás
3906100000,- Poli(metacrilato de metilo)
3906901000,- - Poliacrilonitrilo
3906902100,"- - - Poliacrilato de sodio cuya capacidad de absorción de una solución acuosa de cloruro de sodio al 1 %, sea superior o igual a 20 veces su propio peso"
3906902900,- - - Los demás
3906909000,- - Los demás
3907100000,- Poliacetales
3907210000,- - Metilfosfonato de bis(polioxietileno)l
3907291000,- - - Polietilenglicol
3907292000,- - - Polipropilenglicol
3907293000,- - - Poliéteres polioles derivados del óxido de propileno
3907299000,- - - Los demás
3907301000,- - Líquidas
3907309000,- - Las demás
3907400000,- Policarbonatos
3907500000,- Resinas alcídicas
3907611000,- - - Con dióxido de titanio
3907619000,- - - Los demás
3907691000,- - - Con dióxido de titanio
3907699000,- - - Los demás
3907700000,- Poli(ácido láctico)
3907910000,- - No saturados
3907990000,- - Los demás
3908101000,- - Poliamida -6 (policaprolactama)
3908109000,- - Las demás
3908900000,- Las demás
3909101000,- - Urea formaldehído para moldeo
3909109000,- - Los demás
3909201000,- - Melamina formaldehído
3909209000,- - Los demás
3909310000,"- - Poli(metilenfenilisocianato) (MDI en bruto, MDI polimérico)"
3909390000,- - Las demás
3909400000,- Resinas fenólicas
3909500000,- Poliuretanos
3910001000,- Dispersiones (emulsiones o suspensiones) o disoluciones
3910009000,- Las demás
3911101000,- - Resinas de cumarona-indeno
3911109000,- - Los demás
3911200000,"- Poli(1,3-fenilen metilfosfonato)"
3911900000,- Los demás
3912110000,- - Sin plastificar
3912120000,- - Plastificados
3912201000,- - Colodiones y demás disoluciones y dispersiones (emulsiones o suspensiones)
3912209000,- - Los demás
3912310000,- - Carboximetilcelulosa y sus sales
3912390010,- - - Sin plastificar
3912390020,- - - Plastificados
3912900000,- Los demás
3913100000,"- Ácido algínico, sus sales y sus ésteres"
3913901000,- - Caucho clorado
3913903000,- - Los demás derivados químicos del caucho natural
3913904000,- - Los demás polímeros naturales modificados
3913909000,- - Los demás
3914000000,"Intercambiadores de iones a base de polímeros de las partidas 39.01 a 39.13, en formas primarias."
3915100000,- De polímeros de etileno
3915200000,- De polímeros de estireno
3915300000,- De polímeros de cloruro de vinilo
3915900000,- De los demás plásticos
3916100000,- De polímeros de etileno
3916200000,- De polímeros de cloruro de vinilo
3916900000,- De los demás plásticos
3917100000,- Tripas artificiales de proteínas endurecidas o de plásticos celulósicos
3917211000,"- - - Para sistemas de riego por goteo, por aspersión u otros"
3917219000,- - - Los demás
3917220000,- - De polímeros de propileno
3917231000,"- - - Para sistemas de riego por goteo, por aspersión u otros"
3917239000,- - - Los demás
3917291000,- - - De fibra vulcanizada
3917299100,"- - - - Para sistemas de riego por goteo, por aspersión u otros"
3917299900,- - - - Los demás
3917310000,"- - Tubos flexibles para una presión superior o igual a 27,6 MPa"
3917321000,"- - - Tripas artificiales, excepto las de la subpartida 3917.10.00"
3917329100,"- - - - Para sistemas de riego por goteo, por aspersión u otros"
3917329900,- - - - Los demás
3917331000,"- - - Para sistemas de riego por goteo, por aspersión u otros"
3917339000,- - - Los demás
3917391000,"- - - Para sistemas de riego por goteo, por aspersión u otros"
3917399000,- - - Los demás
3917400000,- Accesorios
3918101000,- - Revestimientos para suelos
3918109000,- - Los demás
3918901000,- - Revestimientos para suelos
3918909000,- - Los demás
3919100000,- En rollos de anchura inferior o igual a 20 cm
3919901100,- - - En rollos de anchura inferior o igual a 1 m
3919901900,- - - Los demás
3919909000,- - Las demás
3920100000,- De polímeros de etileno
3920201000,- - De polipropileno metalizada hasta de 25 micrones de espesor
3920209000,- - Las demás
3920301000,- - De espesor inferior o igual a 5 mm
3920309000,- - Las demás
3920430000,- - Con un contenido de plastificantes superior o igual al 6 % en peso
3920490000,- - Las demás
3920510000,- - De poli(metacrilato de metilo)
3920590000,- - Las demás
3920610000,- - De policarbonatos
3920620000,- - De poli(tereftalato de etileno)
3920630000,- - De poliésteres no saturados
3920690000,- - De los demás poliésteres
3920710000,- - De celulosa regenerada
3920730000,- - De acetato de celulosa
3920790000,- - De los demás derivados de la celulosa
3920911000,- - - Para la fabricación de vidrios de seguridad
3920919000,- - - Las demás
3920920000,- - De poliamidas
3920930000,- - De resinas amínicas
3920940000,- - De resinas fenólicas
3920990000,- - De los demás plásticos
3921110000,- - De polímeros de estireno
3921120000,- - De polímeros de cloruro de vinilo
3921130000,- - De poliuretanos
3921140000,- - De celulosa regenerada
3921191000,"- - - Lámina constituida por una mezcla de polietileno y polipropileno, con simple soporte de tela sin tejer de polipropileno"
3921199000,- - - Los demás
3921901000,- - Obtenidas por estratificación con papel
3921909000,- - Las demás
3922101000,- - Bañeras de plástico reforzado con fibra de vidrio
3922109000,- - Los demás
3922200000,- Asientos y tapas de inodoros
3922900000,- Los demás
3923101000,"- - Para casetes, CD, DVD y similares"
3923109000,- - Los demás
3923210000,- - De polímeros de etileno
3923291000,- - - Bolsas colectoras de sangre
3923292000,- - - Bolsas para el envasado de soluciones parenterales
3923299000,- - - Los demás
3923302000,- - Preformas
3923309100,"- - - De capacidad superior o igual a 18, itros (5 gal.)"
3923309900,- - - Los demás
3923401000,- - Casetes sin cinta
3923409000,- - Los demás
3923501000,- - Tapones de silicona
3923509000,- - Los demás
3923900000,- Los demás
3924101000,- - Biberones
3924109000,- - Los demás
3924900000,- Los demás
3925100000,"- Depósitos, cisternas, cubas y recipientes análogos, de capacidad superior a 300 l"
3925200000,"- Puertas, ventanas, y sus marcos, contramarcos y umbrales"
3925300000,"- Contraventanas, persianas (incluidas las venecianas) y artículos similares, y sus partes"
3925900000,- Los demás
3926100000,- Artículos de oficina y artículos escolares
3926200000,"- Prendas y complementos (accesorios), de vestir, incluidos los guantes, mitones y manoplas"
3926300000,"- Guarniciones para muebles, carrocerías o similares"
3926400000,- Estatuillas y demás artículos de adorno
3926901000,- - Boyas y flotadores para redes de pesca
3926902000,"- - Ballenas y sus análogos para corsés, prendas de vestir y sus complementos"
3926903000,"- - Tornillos, pernos, arandelas y accesorios análogos de uso general"
3926904000,- - Juntas o empaquetaduras
3926906000,- - Protectores antirruidos
3926907000,- - Máscaras especiales para la protección de trabajadores
3926909010,- - - De fibra vulcanizada en formas distintas a la cuadrada o rectangular
3926909090,- - - Los demás
4001100000,"- Látex de caucho natural, incluso prevulcanizado"
4001210000,- - Hojas ahumadas
4001220000,- - Cauchos técnicamente especificados (TSNR)
4001291000,- - - Hojas de crepé
4001292000,- - - Caucho granulado reaglomerado
4001299000,- - - Los demás
4001300000,"- Balata, gutapercha, guayule, chicle y gomas naturales análogas"
4002111000,- - - De caucho estireno-butadieno (SBR)
4002112000,- - - De caucho estireno-butadieno carboxilado (XSBR)
4002191100,- - - - En formas primarias
4002191200,"- - - - En placas, hojas o tiras"
4002192100,- - - - En formas primarias
4002192200,"- - - - En placas, hojas o tiras"
4002201000,- - Látex
4002209100,- - - En formas primarias
4002209200,"- - - En placas, hojas o tiras"
4002311000,- - - Látex
4002319100,- - - - En formas primarias
4002319200,"- - - - En placas, hojas o tiras"
4002391000,- - - Látex
4002399100,- - - - En formas primarias
4002399200,"- - - - En placas, hojas o tiras"
4002410000,- - Látex
4002491000,- - - En formas primarias
4002492000,"- - - En placas, hojas o tiras"
4002510000,- - Látex
4002591000,- - - En formas primarias
4002592000,"- - - En placas, hojas o tiras"
4002601000,- - Látex
4002609100,- - - En formas primarias
4002609200,"- - - En placas, hojas o tiras"
4002701000,- - Látex
4002709100,- - - En formas primarias
4002709200,"- - - En placas, hojas o tiras"
4002800000,- Mezclas de los productos de la partida 40.01 con los de esta partida
4002910000,- - Látex
4002991010,- - - - Caucho facticio derivado de los aceites
4002991090,- - - - Los demás
4002992000,"- - - En placas, hojas o tiras"
4003000000,"Caucho regenerado en formas primarias o en placas, hojas o tiras."
4004000000,"Desechos, desperdicios y recortes, de caucho sin endurecer, incluso en polvo o gránulos."
4005100000,- Caucho con adición de negro de humo o de sílice
4005200010,- - Amoniacales para sellar envases
4005200090,- - Los demás
4005911000,- - - Bases para gomas de mascar
4005919000,- - - Las demás
4005991000,- - - Bases para gomas de mascar
4005999000,- - - Los demás
4006100000,- Perfiles para recauchutar
4006900000,- Los demás
4007000000,"Hilos y cuerdas, de caucho vulcanizado."
4008111000,- - - Sin combinar con otras materias
4008112000,- - - Combinadas con otras materias
4008190000,- - Los demás
4008211000,- - - Sin combinar con otras materias
4008212100,- - - - De los tipos utilizados para artes gráficas
4008212900,- - - - Las demás
4008290000,- - Los demás
4009110000,- - Sin accesorios
4009120000,- - Con accesorios
4009210000,- - Sin accesorios
4009220000,- - Con accesorios
4009310000,- - Sin accesorios
4009320000,- - Con accesorios
4009410000,- - Sin accesorios
4009420000,- - Con accesorios
4010110000,- - Reforzadas solamente con metal
4010120000,- - Reforzadas solamente con materia textil
4010191000,- - - Reforzadas solamente con plástico
4010199000,- - - Las demás
4010310000,"- - Correas de transmisión sin fin, estriadas, de sección trapezoidal, de circunferencia exterior superior a 60 cm pero inferior o igual a 180 cm"
4010320000,"- - Correas de transmisión sin fin, sin estriar, de sección trapezoidal, de circunferencia exterior superior a 60 cm pero inferior o igual a 180 cm"
4010330000,"- - Correas de transmisión sin fin, estriadas, de sección trapezoidal, de circunferencia exterior superior a 180 cm pero inferior o igual a 240 cm"
4010340000,"- - Correas de transmisión sin fin, sin estriar, de sección trapezoidal, de circunferencia exterior superior a 180 cm pero inferior o igual a 240 cm"
4010350000,"- - Correas de transmisión sin fin, con muescas (sincrónicas), de circunferencia exterior superior a 60 cm pero inferior o igual a 150 cm"
4010360000,"- - Correas de transmisión sin fin, con muescas (sincrónicas), de circunferencia exterior superior a 150 cm pero inferior o igual a 198 cm"
4010390000,- - Las demás
4011101000,- - Radiales
4011109000,- - Los demás
4011201000,- - Radiales
4011209000,- - Los demás
4011300000,- De los tipos utilizados en aeronaves
4011400000,- De los tipos utilizados en motocicletas
4011500000,- De los tipos utilizados en bicicletas
4011700000,- De los tipos utilizados en vehículos y máquinas agrícolas o forestales
4011800000,"- De los tipos utilizados en vehículos y máquinas para la construcción, minería o mantenimiento industrial"
4011900000,- Los demás
4012110000,- - De los tipos utilizados en automóviles de turismo (incluidos los del tipo familiar («break» o «station wagon») y los de carreras)
4012120000,- - De los tipos utilizados en autobuses o camiones
4012130000,- - De los tipos utilizados en aeronaves
4012190000,- - Los demás
4012200000,- Neumáticos (llantas neumáticas) usados
4012901000,- - Protectores («flaps»)
4012902000,- - Bandajes (llantas) macizos
4012903000,- - Bandajes (llantas) huecos
4012904100,- - - Para recauchutar
4012904900,- - - Las demás
4013100000,"- De los tipos utilizados en automóviles de turismo (incluidos los del tipo familiar («break» o «station wagon») y los de carreras), en autobuses o camiones"
4013200000,- De los tipos utilizados en bicicletas
4013900000,- Las demás
4014100000,- Preservativos
4014900000,- Los demás
4015120000,"- - De los tipos utilizados con fines médicos, quirúrgicos, odontológicos o veterinarios"
4015191000,- - - Antirradiaciones
4015199000,- - - Los demás
4015901000,- - Antirradiaciones
4015902000,- - Trajes para buzos
4015909000,- - Los demás
4016100000,- De caucho celular
4016910000,- - Revestimientos para el suelo y alfombras
4016920000,- - Gomas de borrar
4016930000,- - Juntas o empaquetaduras
4016940000,"- - Defensas, incluso inflables, para el atraque de los barcos"
4016951000,- - - Tanques y recipientes plegables (contenedores)
4016952000,- - - Bolsas para máquinas vulcanizadoras y reencauchadoras de neumá­ticos (llantas neumáticas)
4016959000,- - - Los demás
4016991000,- - - Otros artículos para usos técnicos
4016992100,- - - - Guardapolvos para palieres
4016992900,- - - - Los demás
4016993000,- - - Tapones
4016994000,- - - Parches para reparar cámaras de aire y neumáticos (llantas neumáticas)
4016996000,- - - Mantillas para artes gráficas
4016999000,- - - Las demás
4017000000,"Caucho endurecido (por ejemplo, ebonita) en cualquier forma, incluidos los desechos y desperdicios; manufacturas de caucho endurecido."
4101200000,"- Cueros y pieles enteros, sin dividir, de peso unitario inferior o igual a 8 kg para los secos, a 10 kg para los salados secos y a 16 kg para los frescos, salados verdes (húmedos) o conservados de otro modo"
4101500000,"- Cueros y pieles enteros, de peso unitario superior a 16 kg"
4101900000,"- Los demás, incluidos los crupones, medios crupones y faldas"
4102100000,- Con lana
4102210000,- - Piquelados
4102290000,- - Los demás
4103200000,- De reptil
4103300000,- De porcino
4103900000,- Los demás
4104110000,- - Plena flor sin dividir; divididos con la flor
4104190000,- - Los demás
4104410000,- - Plena flor sin dividir; divididos con la flor
4104490000,- - Los demás
4105100000,- En estado húmedo (incluido el «wet-blue»)
4105300000,- En estado seco («crust»)
4106210000,- - En estado húmedo (incluido el «wet-blue»)
4106220000,- - En estado seco («crust»)
4106310000,- - En estado húmedo (incluido el «wet-blue»)
4106320000,- - En estado seco («crust»)
4106400000,- De reptil
4106910000,- - En estado húmedo (incluido el «wet-blue»)
4106920000,- - En estado seco («crust»)
4107110000,- - Plena flor sin dividir
4107120000,- - Divididos con la flor
4107190000,- - Los demás
4107910000,- - Plena flor sin dividir
4107920000,- - Divididos con la flor
4107990000,- - Los demás
4112000000,"Cueros preparados después del curtido o secado y cueros y pieles apergaminados, de ovino, depilados, incluso divididos, excepto los de la partida 41.14."
4113100000,- De caprino
4113200000,- De porcino
4113300000,- De reptil
4113900000,- Los demás
4114100000,- Cueros y pieles agamuzados (incluido el agamuzado combinado al aceite)
4114200000,- Cueros y pieles charolados y sus imitaciones de cueros o pieles chapados; cueros y pieles metalizados
4115100000,"- Cuero regenerado a base de cuero o fibras de cuero, en placas, hojas o tiras, incluso enrolladas"
4115200000,"- Recortes y demás desperdicios de cuero o piel, preparados, o de cuero regenerado, no utilizables para la fabricación de manufacturas de cuero; aserrín, polvo y harina de cuero"
4201000000,"Artículos de talabartería o guarnicionería para todos los animales (incluidos los tiros, traíllas, rodilleras, bozales, sudaderos, alforjas, abrigos para perros y artículos similares), de cualquier materia."
4202111000,"- - - Baúles, maletas (valijas) y maletines, incluidos los de aseo, y continentes similares"
4202119000,- - - Los demás
4202121000,"- - - Baúles, maletas (valijas) y maletines, incluidos los de aseo, y continentes similares"
4202129000,- - - Los demás
4202190000,- - Los demás
4202210000,- - Con la superficie exterior de cuero natural o cuero regenerado
4202220000,- - Con la superficie exterior de hojas de plástico o materia textil
4202290000,- - Los demás
4202310000,- - Con la superficie exterior de cuero natural o cuero regenerado
4202320000,- - Con la superficie exterior de hojas de plástico o materia textil
4202390000,- - Los demás
4202911000,- - - Sacos de viaje y mochilas
4202919000,- - - Los demás
4202920000,- - Con la superficie exterior de hojas de plástico o materia textil
4202991000,- - - Sacos de viaje y mochilas
4202999000,- - - Los demás
4203100000,- Prendas de vestir
4203210000,- - Diseñados especialmente para la práctica del deporte
4203290000,- - Los demás
4203300000,"- Cintos, cinturones y bandoleras"
4203400000,- Los demás complementos (accesorios) de vestir
4205001000,- Correas de transmisión
4205009010,- - Artículos para usos técnicos de cuero natural o cuero regenerado
4205009090,- - Los demás
4206001000,- Cuerdas de tripa
4206002000,- Tripas para embutidos
4206009000,- Las demás
4301100000,"- De visón, enteras, incluso sin la cabeza, cola o patas"
4301300000,"- De cordero llamadas astracán, «Breitschwanz», «caracul», «persa» o similares, de cordero de Indias, de China, de Mongolia o del Tíbet, enteras, incluso sin la cabeza, cola o patas"
4301600000,"- De zorro, enteras, incluso sin la cabeza, cola o patas"
4301800000,"- Las demás pieles, enteras, incluso sin la cabeza, cola o patas"
4301900000,"- Cabezas, colas, patas y demás trozos utilizables en peletería"
4302110000,- - De visón
4302190000,- - Las demás
4302200000,"- Cabezas, colas, patas y demás trozos, desechos y recortes, sin ensamblar"
4302300000,"- Pieles enteras y trozos y recortes de pieles, ensamblados"
4303101000,- - De alpaca
4303109000,- - Las demás
4303901000,- - De alpaca
4303909000,- - Las demás
4304000000,Peletería facticia o artificial y artículos de peletería facticia o artificial.
4401110000,- - De coníferas
4401120000,- - Distinta de la de coníferas
4401210000,- - De coníferas
4401220000,- - Distinta de la de coníferas
4401310000,- - «Pellets» de madera
4401320000,- - Briquetas de madera
4401390000,- - Los demás
4401410000,- - Aserrín
4401490000,- - Los demás
4402100000,- De bambú
4402200000,- De cáscaras o de huesos (carozos) de frutos
4402900000,- Los demás
4403110000,- - De coníferas
4403120000,- - Distinta de la de coníferas
4403210000,"- - De pino (Pinus spp.), cuya menor dimensión de la sección transversal sea superior o igual a 15 cm"
4403220000,"- - Las demás, de pino (Pinus spp.)"
4403230000,"- - De abeto (Abies spp.) y de pícea (Picea spp.), cuya menor dimensión de la sección transversal sea superior o igual a 15 cm"
4403240000,"- - Las demás, de abeto (Abies spp.) y de pícea (Picea spp.)"
4403250000,"- - Las demás, cuya menor dimensión de la sección transversal sea superior o igual a 15 cm"
4403260000,- - Las demás
4403410000,"- - Dark Red Meranti, Light Red Meranti y Meranti Bakau"
4403420000,- - Teca
4403491000,"- - - De ipé (cañahuate, ébano verde, lapacho, polvillo, roble morado, tahuari negro, tajibo) (Tabebuia spp.)"
4403499000,- - - Las demás
4403910000,"- - De encina, roble, alcornoque y demás belloteros (Quercus spp.)"
4403930000,"- - De haya (Fagus spp.), cuya menor dimensión de la sección transversal sea superior o igual a 15 cm"
4403940000,"- - Las demás, de haya (Fagus spp.)"
4403950000,"- - De abedul (Betula spp.), cuya menor dimensión de la sección transversal sea superior o igual a 15 cm"
4403960000,"- - Las demás, de abedul (Betula spp.)"
4403970000,- - De álamo (Populus spp.)
4403980000,- - De eucalipto (Eucalyptus spp.)
4403990000,- - Las demás
4404100000,- De coníferas
4404200000,- Distinta de la de coníferas
4405000000,Lana de madera; harina de madera.
4406110000,- - De coníferas
4406120000,- - Distinta de la de coníferas
4406910000,- - De coníferas
4406920000,- - Distinta de la de coníferas
4407111000,- - - Tablillas para fabricación de lápices
4407119000,- - - Las demás
4407120000,- - De abeto (Abies spp.) y de pícea (Picea spp.)
4407130000,"- - De P-P-A («S-P-F») (pícea (Picea spp.), pino (Pinus spp.) y abeto (Abies spp.))"
4407140000,- - De «Hem-fir» (tsuga-abeto) (hemlock occidental (tsuga del pacífico) (Tsuga heterophylla) y abeto (Abies spp.))
4407191000,- - - Tablillas para fabricación de lápices
4407199000,- - - Las demás
4407210000,- - Mahogany (Swietenia spp.)
4407220000,"- - Virola, Imbuia y Balsa"
4407230000,- - Teca
4407250000,"- - Dark Red Meranti, Light Red Meranti y Meranti Bakau"
4407260000,"- - White Lauan, White Meranti, White Seraya, Yellow Meranti y Alan"
4407270000,- - Sapelli
4407280000,- - Iroko
4407291000,"- - - De ipé (cañahuate, ébano verde, lapacho, polvillo, roble morado, tahuari negro, tajibo) (Tabebuia spp.)"
4407299000,- - - Las demás
4407910000,"- - De encina, roble, alcornoque y demás belloteros (Quercus spp.)"
4407920000,- - De haya (Fagus spp.)
4407930000,- - De arce (Acer spp.)
4407940000,- - De cerezo (Prunus spp.)
4407950000,- - De fresno (Fraxinus spp.)
4407960000,- - De abedul (Betula spp.)
4407970000,- - De álamo (Populus spp.)
4407990000,- - Las demás
4408101000,- - Tablillas para fabricación de lápices
4408109000,- - Las demás
4408310000,"- - Dark Red Meranti, Light Red Meranti y Meranti Bakau"
4408391000,"- - - De ipé (cañahuate, ébano verde, lapacho, polvillo, roble morado, tahuari negro, tajibo) (Tabebuia spp.)"
4408399000,- - - Las demás
4408900000,- Las demás
4409101000,"- - Tablillas y frisos para parqués, sin ensamblar"
4409102000,- - Madera moldurada
4409109000,- - Las demás
4409210000,- - De bambú
4409221010,"- - - - Tablillas y frisos para parqués, sin ensamblar"
4409221020,- - - - Madera moldurada
4409221090,- - - - Los demás
4409229010,"- - - - Tablillas y frisos para parqués, sin ensamblar"
4409229020,- - - - Madera moldurada
4409229090,- - - - Los demás
4409291000,"- - - Tablillas y frisos para parqués, sin ensamblar"
4409292000,- - - Madera moldurada
4409299000,- - - Las demás
4410110000,- - Tableros de partículas
4410120000,- - Tableros llamados «oriented strand board» (OSB)
4410190000,- - Los demás
4410900000,- Los demás
4411120000,- - De espesor inferior o igual a 5 mm
4411130000,- - De espesor superior a 5 mm pero inferior o igual a 9 mm
4411140000,- - De espesor superior a 9 mm
4411920000,"- - De densidad superior a 0,8 g/cm³"
4411930000,"- - De densidad superior a 0,5 g/cm³ pero inferior o igual a 0,8 g/cm³"
4411940000,"- - De densidad inferior o igual a 0,5 g/cm³"
4412100000,- De bambú
4412310000,"- - Que tengan, por lo menos, una hoja externa de maderas tropicales"
4412330000,"- - Las demás, que tengan, por lo menos, una hoja externa de madera distinta de la de coníferas, de las especies: aliso (Alnus spp.), fresno (Fraxinus spp.), haya (Fagus spp.), abedul (Betula spp.), cerezo (Prunus spp.), castaño (Castanea spp.), olmo (Ulmus spp.), eucalipto (Eucalyptus spp.), caria o pacana (Carya spp.), castaño de indias (Aesculus spp.), tilo (Tilia spp.), arce (Acer spp.), roble (Quercus spp.), plátano (Platanus spp.), álamo (Populus spp.), algarrobo negro (Robinia spp.), árbol de tulipán (Liriodendron spp.) o nogal (Juglans spp.)"
4412340000,"- - Las demás, que tengan, por lo menos, una hoja externa de madera distinta de la de coníferas, no especificadas en la subpartida 4412.33"
4412390000,"- - Las demás, con las dos hojas externas de madera de coníferas"
4412410000,"- - Que tenga, por lo menos, una hoja externa de maderas tropicales"
4412420000,"- - Las demás, que tengan, por lo menos, una hoja externa de madera distinta de la de coníferas"
4412490000,"- - Las demás, con las dos hojas externas de madera de coníferas"
4412510000,"- - Que tengan, por lo menos, una hoja externa de maderas tropicales"
4412520000,"- - Los demás, que tengan, por lo menos, una hoja externa de madera distinta de la de coníferas"
4412590000,"- - Los demás, con las dos hojas externas de madera de coníferas"
4412910000,"- - Que tengan, por lo menos, una hoja externa de maderas tropicales"
4412920000,"- - Las demás, que tengan, por lo menos, una hoja externa de madera distinta de la de coníferas"
4412990000,"- - Las demás, con las dos hojas externas de madera de coníferas"
4413000000,"Madera densificada en bloques, tablas, tiras o perfiles."
4414100000,- De maderas tropicales
4414900000,- Los demás
4415100000,"- Cajones, cajas, jaulas, tambores y envases similares; carretes para cables"
4415200000,"- Paletas, paletas caja y demás plataformas para carga; collarines para paletas"
4416000000,"Barriles, cubas, tinas y demás manufacturas de tonelería y sus partes, de madera, incluidas las duelas."
4417001000,- Herramientas
4417009000,- Los demás
4418110000,- - De maderas tropicales
4418190000,- - Los demás
4418210000,- - De maderas tropicales
4418290000,- - Los demás
4418300000,"- Postes y vigas, distintos de los productos de las subpartidas 4418.81 a 4418.89"
4418400000,- Encofrados para hormigón
4418500000,- Tablillas para cubierta de tejados o fachadas («shingles» y «shakes»)
4418730000,"- - De bambú o que tengan, por lo menos, la capa superior de bambú"
4418740000,"- - Los demás, para suelos en mosaico"
4418750000,"- - Los demás, multicapas"
4418790000,- - Los demás
4418810000,- - Madera laminada-encolada (llamada «glulam»)
4418820000,- - Madera laminada cruzada (contralaminada) (llamada «CLT» o «X-lam»)
4418830000,- - Vigas en I
4418890000,- - Los demás
4418911000,- - - Tableros celulares
4418919000,- - - Las demás
4418920000,- - Tableros celulares de madera
4418990000,- - Los demás
4419110000,"- - Tablas para pan, tablas para cortar y artículos similares"
4419120000,- - Palillos
4419190000,- - Los demás
4419200000,- De maderas tropicales
4419900000,- Los demás
4420110000,- - De maderas tropicales
4420190000,- - Los demás
4420900000,- Los demás
4421100000,- Perchas para prendas de vestir
4421200000,- Ataúdes
4421911000,"- - - Canillas, carretes, bobinas para la hilatura o el tejido y para hilo de coser, y artículos similares, de madera torneada"
4421912000,- - - Mondadientes
4421913000,"- - - Palitos y cucharitas planas, del tipo de los utilizados para dulces y helados"
4421914000,- - - Madera preparada para fósforos
4421919000,- - - Las demás
4421991000,"- - - Canillas, carretes, bobinas para la hilatura o el tejido y para hilo de coser, y artículos similares, de madera torneada"
4421992000,- - - Mondadientes
4421993000,"- - - Palitos y cucharitas planas, del tipo de los utilizados para dulces y helados"
4421994000,- - - Madera preparada para fósforos
4421999000,- - - Las demás
4501100000,- Corcho natural en bruto o simplemente preparado
4501900000,- Los demás
4502000000,"Corcho natural, descortezado o simplemente escuadrado o en bloques, placas, hojas o tiras, cuadradas o rectangulares (incluidos los esbozos con aristas vivas para tapones)."
4503100000,- Tapones
4503900000,- Las demás
4504100000,"- Bloques, placas, hojas y tiras; baldosas y revestimientos similares de pared, de cualquier forma; cilindros macizos, incluidos los discos"
4504901000,- - Tapones
4504902000,- - Juntas o empaquetaduras y arandelas
4504909000,- - Las demás
4601210000,- - De bambú
4601220000,- - De roten (ratán)
4601290000,- - Los demás
4601920000,- - De bambú
4601930000,- - De roten (ratán)
4601940000,- - De las demás materias vegetales
4601990000,- - Los demás
4602110000,- - De bambú
4602120000,- - De roten (ratán)
4602190000,- - Los demás
4602900000,- Los demás
4701000000,Pasta mecánica de madera.
4702000000,Pasta química de madera para disolver.
4703110000,- - De coníferas
4703190000,- - Distinta de la de coníferas
4703210000,- - De coníferas
4703290000,- - Distinta de la de coníferas
4704110000,- - De coníferas
4704190000,- - Distinta de la de coníferas
4704210000,- - De coníferas
4704290000,- - Distinta de la de coníferas
4705000000,Pasta de madera obtenida por la combinación de procedimientos mecánico y químico.
4706100000,- Pasta de línter de algodón
4706200000,- Pasta de fibras obtenidas de papel o cartón reciclado (desperdicios y desechos)
4706300010,-           - Mecánicas
4706300020,- - Químicas
4706300030,- - Obtenidas por la combinación de procedimiento mecánico y químico
4706910000,- - Mecánicas
4706920000,- - Químicas
4706930000,- - Obtenidas por la combinación de procedimientos mecánico y químico
4707100000,- Papel o cartón Kraft crudo o papel o cartón corrugado
4707200000,- Los demás papeles o cartones obtenidos principalmente a partir de pasta química blanqueada sin colorear en la masa
4707300000,"- Papel o cartón obtenido principalmente a partir de pasta mecánica (por ejemplo: diarios, periódicos e impresos similares)"
4707900000,"- Los demás, incluidos los desperdicios y desechos sin clasificar"
4801000000,Papel prensa en bobinas (rollos) o en hojas.
4802100000,- Papel y cartón hechos a mano (hoja a hoja)
4802200010,"- - En tiras o bobinas (rollos) de anchura superior a 15 cm, o en hojas cuadradas o rectangulares con un lado superior a 36 cm y el otro superior a 15 cm, medidos  sin plegar, excepto los de pasta obtenido por procedimiento químico-mecánico"
4802200090,- - Los demás
4802400000,- Papel soporte para papeles de decorar paredes
4802540010,"- - - Papel soporte para papel carbón (carbónico) en tiras o bobinas (rollos) de anchura superior a 15 cm, o en hojas cuadradas o rectangulares con un lado superior a 36 cm y el otro superior a 15 cm, sin plegar, excepto los de pasta obtenido por procedimiento químico-mecánico"
4802540090,- - - Los demás
4802551010,"- - - - De anchura superior 15 cm, excepto los de pasta obtenido por procedimiento químico-mecánico"
4802551090,- - - - Los demás
4802552000,- - - Otros papeles de seguridad
4802559000,- - - Los demás
4802561010,"- - - - En hojas cuadradas o rectangulares con un lado superior a 360 mm y el otro superior a 150 mm, medidos sin plegar, excepto los de pasta obtenido por procedimiento químico-mecánico"
4802561090,- - - - Los demás
4802562000,- - - Otros papeles de seguridad
4802569000,- - - Los demás
4802571010,- - - - De pasta obtenido por procedimiento químico-mecánico
4802571090,- - - - Los demás
4802572000,- - - Otros papeles de seguridad
4802579000,- - - Los demás
4802581010,"- - - - Papel de fibras obtenidas por procedimiento químico-mecánico inferior o igual al 10 % en peso del contenido total de fibras, de peso superior o igual a 225 g/m2 y anchura superior a 15 cm"
4802581090,- - - - Los demás
4802589010,"- - - - Papel de fibras obtenidas por procedimiento químico-mecánico inferior o igual al 10 % en peso del contenido total de fibras, de peso superior o igual a 225 g/m2, en tiras de anchura superior a 15 cm, o en hojas cuadradas o rectangulares con un lado superior a 36 cm y el otro superior a 15 cm, medidos  sin plegar"
4802589090,- - - - Los demás
4802611000,"- - - De peso inferior a 40 g/m2, que cumpla con las demás especificaciones de la Nota 4 de este Capítulo"
4802619010,"- - - - Con un contenido total de fibras obtenidas por procedimiento mecánico superior al 10 % en peso del contenido total  de fibra, de anchura superior a 15 cm, excepto el papel de seguridad"
4802619020,"- - - - De anchura superior a 15 cm, pero inferior o igual a 36 cm"
4802619030,"- - - - Con un contenido total de fibras obtenidas por procedimiento químico-mecánico superior al 10 % en peso del contenido total de fibra, de anchura superior a 15 cm, y peso superior o igual a 225 g/m2, excepto el papel de seguridad"
4802619040,"- - - - Papel soporte para papel carbón (carbónico) de anchura superior a 15 cm, excepto los de pasta obtenido por procedimiento químico-mecánico"
4802619090,- - - - Los demás
4802620010,"- - - Con un contenido total de fibras obtenidas por procedimiento mecánico superior al 10 % en peso del contenido total de fibra, en hojas cuadradas o rectangulares con un lado superior a 360 mm y el otro superior a 150 mm, medidos sin plegar, excepto el papel de seguridad"
4802620020,"- - - Con un contenido total de fibras obtenidas por procedimiento químico-mecánico superior al 10 % en peso del contenido total de fibra, en hojas cuadradas o rectangulares con un lado superior a 360 mm y el otro superior a 150 mm, medidos sin plegar, y peso superior o igual a 225 g/m2, excepto el papel de seguridad"
4802620030,"- - - Papel soporte para papel carbón (carbónico) en hojas cuadradas o rectangulares con un lado superior a 360 mm y el otro superior a 150 mm, sin plegar, excepto los de pasta obtenido por procedimiento químico-mecánico"
4802620090,- - - Los demás
4802691000,"- - - De peso inferior a 40 g/m2, que cumpla con las demás especificaciones de la Nota 4 de este Capítulo"
4802699010,"- - - - Con un contenido total de fibras obtenidas por procedimiento mecánico superior al 10 % en peso del contenido total de fibra, en hojas cuadradas o rectangulares con un lado superior a 435 mm y el otro superior a 297 mm, medidos sin plegar, excepto el papel de seguridad"
4802699020,"- - - - Con un contenido total de fibras obtenidas por procedimiento químico-mecánico superior al 10 % en peso del contenido total de fibra, en hojas cuadradas o rectangulares con un lado superior a 435 mm y el otro superior a 297 mm, medidos sin plegar, y peso superior o igual a 225 g/m2, excepto el papel de seguridad"
4802699030,"- - - - Papel soporte para papel carbón (carbónico) en tiras de anchura superior a 150 mm, excepto los de pasta obtenido por procedimiento químico-mecánico"
4802699040,- - - - Los demás papeles soporte para papel carbón
4802699090,- - - - Los demás
4803001000,- Guata de celulosa y napa de fibras de celulosa
4803009000,- Los demás
4804110000,- - Crudos
4804190000,- - Los demás
4804210000,- - Crudo
4804290000,- - Los demás
4804310010,- - - Para la fabricación de lijas
4804310090,- - - Los demás
4804390000,- - Los demás
4804411000,"- - - Absorbentes, de los tipos utilizados para la fabricación de laminados plásticos decorativos"
4804419010,- - - - Para la fabricación de lijas
4804419090,- - - - Los demás
4804420000,- - Blanqueados uniformemente en la masa y con un contenido de fibras de madera obtenidas por procedimiento químico superior al 95 % en peso del contenido total de fibra
4804490000,- - Los demás
4804510020,- - - Para la fabricación de lijas
4804510090,- - - Los demás
4804520000,- - Blanqueados uniformemente en la masa y con un contenido de fibras de madera obtenidas por procedimiento químico superior al 95 % en peso del contenido total de fibra
4804590000,- - Los demás
4805110000,- - Papel semiquímico para acanalar
4805120010,- - - De pasta obtenida por procedimiento químico-mecánico y peso superior o igual a 225 g/m2
4805120090,- - - Los demás
4805190010,- - - De pasta obtenida por procedimiento químico-mecánico y peso superior o igual a 225 g/m2
4805190090,- - - Los demás
4805240000,- - De peso inferior o igual a 150 g/m2
4805250010,- - - De pasta obtenida por procedimiento químico-mecánico y peso superior o igual a 225 g/m2
4805250090,- - - Los demás
4805300000,- Papel sulfito para envolver
4805401000,"- - Elaborados con 100 % en peso de fibra de algodón o de abacá, sin encolado y exento de compuestos minerales"
4805402000,"- - Con un contenido de fibra de algodón superior o igual al 70 % pero inferior al 100 %, en peso"
4805409000,- - Los demás
4805500000,"- Papel y cartón fieltro, papel y cartón lana"
4805911000,"- - - Absorbentes, de los tipos utilizados para la fabricación de laminados plásticos decorativos"
4805912000,- - - Para aislamiento eléctrico
4805913000,"- - - Papel y cartón, multicapas (excepto los de las subpartidas 4805.12.00, 4805.19.00, 4805.24.00 o 4805.25.00)"
4805919010,- - - - Para juntas o empaquetaduras
4805919020,- - - - Para la fabricación de lijas
4805919090,- - - - Los demás
4805921000,- - - Para aislamiento eléctrico
4805922000,"- - - Papel y cartón, multicapas (excepto los de las subpartidas 4805.12.00, 4805.19.00, 4805.24.00 o 4805.25.00)"
4805929000,- - - Los demás
4805931000,- - - Para aislamiento eléctrico
4805932000,"- - - Papel y cartón multicapas (excepto los de las subpartidas 4805.12.00, 4805.19.00, 4805.24.00 o 4805.25.00)"
4805933000,- - - Cartones rígidos con peso específico superior a 1
4805939000,- - - Los demás
4806100000,- Papel y cartón sulfurizados (pergamino vegetal)
4806200000,- Papel resistente a las grasas («greaseproof»)
4806300000,- Papel vegetal (papel calco)
4806400000,- Papel cristal y demás papeles calandrados transparentes o traslúcidos
4807000000,"Papel y cartón obtenidos por pegado de hojas planas, sin estucar ni recubrir en la superficie y sin impregnar, incluso reforzados interiormente, en bobinas (rollos) o en hojas."
4808100000,"- Papel y cartón corrugados, incluso perforados"
4808400000,"- Papel Kraft rizado («crepé») o plisado, incluso gofrado, estampado o perforado"
4808900000,- Los demás
4809200000,- Papel autocopia
4809900010,- - Para clisés de mimeógrafo
4809900090,- - Los demás
4810131100,- - - - De peso inferior o igual a 60 g/m2
4810131900,- - - - Los demás
4810132000,- - - De peso superior a 150 g/m2
4810141000,"- - - En las que un lado sea superior a 360 mm y el otro sea superior a 150 mm, medidos sin plegar"
4810149000,- - - Los demás
4810190000,- - Los demás
4810220000,- - Papel estucado o cuché ligero (liviano) («L.W.C.»)
4810290000,- - Los demás
4810310000,"- - Blanqueados uniformemente en la masa y con un contenido de fibras de madera obtenidas por procedimiento químico superior al 95 % en peso del contenido total de fibra, de peso inferior o igual a 150 g/m2"
4810320000,"- - Blanqueados uniformemente en la masa y con un contenido de fibras de madera obtenidas por procedimiento químico superior al 95 % en peso del contenido total de fibra, de peso superior a 150 g/m2"
4810390000,- - Los demás
4810920000,- - Multicapas
4810990000,- - Los demás
4811101010,"- - - En tiras o bobinas (rollos) de anchura superior a 15 cm; o en hojas cuadradas o rectangulares con un lado superior a 36 cm y el otro superior a 15 cm, medidos sin plegar"
4811101090,- - - Los demás
4811109000,- - Los demás
4811411000,"- - - En bobinas (rollos), de anchura superior a 15 cm o en hojas en las que un lado sea superior a 36 cm y el otro sea superior a 15 cm, medidos sin plegar"
4811419000,- - - Los demás
4811491000,"- - - En bobinas (rollos), de anchura superior a 15 cm o en hojas en las que un lado sea superior a 36 cm y el otro sea superior a 15 cm, medidos sin plegar"
4811499000,- - - Los demás
4811511010,"- - - - En tiras o bobinas (rollos) de anchura superior a 15 cm; o en hojas cuadradas o rectangulares con un lado superior a 36 cm y el otro superior a 15 cm, medidos sin plegar"
4811511090,- - - - Los demás
4811512000,"- - - Recubierto o revestido por ambas caras, de plástico, de los tipos utilizados en la industria alimentaria, incluso impresos"
4811519000,- - - Los demás
4811591010,"- - - - En tiras o bobinas (rollos) de anchura superior a 15 cm; o en hojas cuadradas o rectangulares con un lado superior a 36 cm y el otro superior a 15 cm, medidos sin plegar"
4811591090,- - - - Los demás
4811592000,"- - - Con lámina intermedia de aluminio, de los tipos utilizados para envasar productos en la industria alimentaria, incluso impresos"
4811593000,"- - - Papel impregnado con resinas melamínicas, incluso decorado o impreso"
4811594010,"- - - - En tiras o bobinas (rollos) de anchura superior a 15 cm; o en hojas cuadradas o rectangulares con un lado superior a 36 cm y el otro superior a 15 cm, medidos sin plegar"
4811594090,- - - - Los demás
4811595000,"- - - Recubierto o revestido por ambas caras, de plástico, de los tipos utilizados en la industria alimentaria, incluso impresos"
4811596000,- - - Papeles filtro
4811599000,- - - Los demás
4811601010,"- - - En tiras o bobinas (rollos) de anchura superior a 15 cm; o en hojas cuadradas o rectangulares con un lado superior a 36 cm y el otro superior a 15 cm, medidos sin plegar"
4811601090,- - - Los demás
4811609000,- - Los demás
4811901000,"- - Barnizados, con peso específico superior a 1, incluso gofrados"
4811902010,"- - - En tiras o bobinas (rollos) de anchura superior a 15 cm; o en hojas cuadradas o rectangulares con un lado superior a 36 cm y el otro superior a 15 cm, medidos sin plegar"
4811902090,- - - Los demás
4811905000,"- - Pautados, rayados o cuadriculados"
4811908010,"- - - En tiras o bobinas (rollos) de anchura superior a 15 cm; o en hojas cuadradas o rectangulares con un lado superior a 36 cm y el otro superior a 15 cm, medidos sin plegar"
4811908090,- - - Los demás
4811909000,- - Los demás
4812000000,"Bloques y placas, filtrantes, de pasta de papel."
4813100000,- En librillos o en tubos
4813200000,- En bobinas (rollos) de anchura inferior o igual a 5 cm
4813900000,- Los demás
4814200000,"- Papel para decorar y revestimientos similares de paredes, constituidos por papel recubierto o revestido, en la cara vista, con una capa de plástico graneada, gofrada, coloreada, impresa con motivos o decorada de otro modo"
4814900010,"- - Papel para decorar y revestimientos similares de paredes, constituidos por papel revestido en la cara vista con materia trenzable, incluso tejida en forma plana o paralelizada"
4814900090,- - Los demás
4816200000,- Papel autocopia
4816900000,- Los demás
4817100000,- Sobres
4817200000,"- Sobres carta, tarjetas postales sin ilustrar y tarjetas para correspondencia"
4817300000,"- Cajas, bolsas y presentaciones similares de papel o cartón, con un surtido de artículos de correspondencia"
4818100000,- Papel higiénico
4818200000,"- Pañuelos, toallitas de desmaquillar y toallas"
4818300000,- Manteles y servilletas
4818500000,"- Prendas y complementos (accesorios), de vestir"
4818900000,- Los demás
4819100000,- Cajas de papel o cartón corrugado
4819200000,"- Cajas y cartonajes, plegables, de papel o cartón, sin corrugar"
4819301000,- - Multipliegos
4819309000,- - Los demás
4819400000,- Los demás sacos (bolsas); bolsitas y cucuruchos
4819500000,"- Los demás envases, incluidas las fundas para discos"
4819600000,"- Cartonajes de oficina, tienda o similares"
4820100000,"- Libros registro, libros de contabilidad, talonarios (de notas, pedidos o recibos), bloques memorandos, bloques de papel de cartas, agendas y artículos similares"
4820200000,- Cuadernos
4820300000,"- Clasificadores, encuadernaciones (excepto las cubiertas para libros), carpetas y cubiertas para documentos"
4820401000,- - Formularios llamados «continuos»
4820409000,- - Los demás
4820500000,- Álbumes para muestras o para colecciones
4820900010,- - Formatos llamados «continuos» sin impresión
4820900090,- - Los demás
4821100000,- Impresas
4821900000,- Las demás
4822100000,- De los tipos utilizados para el bobinado de hilados textiles
4822900000,- Los demás
4823200010,"- - Sin estucar ni recubrir, en tiras o bobinas (rollos) de anchura superior a 15 cm pero inferior o igual a 36 cm"
4823200090,- - Los demás
4823400000,"- Papel diagrama para aparatos registradores, en bobinas (rollos), hojas o discos"
4823610000,- - De bambú
4823690000,- - Los demás
4823700000,"- Artículos moldeados o prensados, de pasta de papel"
4823902000,- - Papeles para aislamiento eléctrico
4823904000,- - Juntas o empaquetaduras
4823905000,- - Cartones para mecanismos Jacquard y similares
4823906000,"- - Patrones, modelos y plantillas"
4823909010,"- - - Papel y cartón Kraft, de gramaje superior a 150 g/m2 pero inferior a 225 g/m2, crudos, absorbentes, del tipo de los utilizados para la fabricación de laminados plásticos decorativos, en  tiras o bobinas de anchura superior a 15 cm pero inferior o igual a 36 cm"
4823909020,"- - - Papel y cartón Kraft sin estucar ni recubrir, de gramaje inferior o igual a 150 g/m2, del tipo de los utilizados para la fabricación de laminados plásticos decorativos, en tiras o bobinas de anchura superior a 15 cm pero inferior o igual a 36 cm"
4823909030,"- - - Papel y cartón sin estucar ni recubrir, del tipo de los utilizados para juntas o empaquetaduras, en tiras o bobinas de anchura superior a 15 cm pero inferior o igual a 36 cm"
4823909040,"- - - Papel y cartón sulfurizados (pergamino vegetal), en tiras o bobinas de anchura superior a 15 cm pero inferior o igual a 36 cm"
4823909050,"- - - Papel vegetal (papel calco), en tiras o bobinas de anchura superior a 15 cm pero inferior o igual a 36 cm."
4823909060,"- - - Papel cristal y demás papeles calandrados, transparentes o translucidos en tiras o bobinas de anchura superior a 15 cm pero inferior o igual a 36 cm."
4823909070,"- - - Papel sin estucar ni recubrir, en tiras o bobinas (rollos) de anchura superior a 15 cm pero inferior o igual a 36 cm, que no hayan sido sometidos a trabajos complementarios o tratamientos distintos de los especificados en la Nota 3 de este Capítulo, de pasta obtenida por procedimiento químico-mecánico y peso superior o igual a 225 g/m2"
4823909091,"-           - - - Cubresuelos con soporte de papel o cartón, incluso recortados"
4823909099,- - - - Los demás
4901101000,"- - Horóscopos, fotonovelas, tiras cómicas o historietas"
4901109000,- - Los demás
4901910000,"- - Diccionarios y enciclopedias, incluso en fascículos"
4901991000,"- - - Horóscopos, fotonovelas, tiras cómicas o historietas"
4901999000,- - - Los demás
4902100000,- Que se publiquen cuatro veces por semana como mínimo
4902901000,"- - Horóscopos, fotonovelas, tiras cómicas o historietas"
4902909000,- - Los demás
4903000000,"Albumes o libros de estampas y cuadernos para dibujar o colorear, para niños."
4904000000,"Música manuscrita o impresa, incluso con ilustraciones o encuadernada."
4905200000,- En forma de libros o folletos
4905900000,- Los demás
4906000000,"Planos y dibujos originales hechos a mano, de arquitectura, ingeniería, industriales, comerciales, topográficos o similares; textos manuscritos; reproducciones fotográficas sobre papel sensibilizado y copias con papel carbón (carbónico), de los planos, dibujos o textos antes mencionados."
4907001000,"- Sellos (estampillas) de correos, timbres fiscales y análogos, sin obliterar, que tengan o estén destinados a tener curso legal en el país en el que su valor facial sea reconocido; papel timbrado"
4907002000,- Billetes de banco
4907003000,- Talonarios de cheques de viajero de establecimientos de crédito extranjeros
4907009000,- Los demás
4908100000,- Calcomanías vitrificables
4908901000,- - Para transferencia continua sobre tejidos
4908909000,- - Las demás
4909000000,"Tarjetas postales impresas o ilustradas; tarjetas impresas con felicitaciones o comunicaciones personales, incluso con ilustraciones, adornos o aplicaciones, o con sobres."
4910000000,"Calendarios de cualquier clase impresos, incluidos los tacos de calendario."
4911100000,"- Impresos publicitarios, catálogos comerciales y similares"
4911910000,"- - Estampas, grabados y fotografías"
4911990000,- - Los demás
5001000000,Capullos de seda aptos para el devanado.
5002000000,Seda cruda (sin torcer).
5003000000,"Desperdicios de seda (incluidos los capullos no aptos para el devanado, desperdicios de hilados e hilachas)."
5004000000,Hilados de seda (excepto los hilados de desperdicios de seda) sin acondicionar para la venta al por menor.
5005000000,Hilados de desperdicios de seda sin acondicionar para la venta al por menor.
5006000000,"Hilados de seda o de desperdicios de seda, acondicionados para la venta al por menor; «pelo de Mesina» («crin de Florencia»)."
5007100000,- Tejidos de borrilla
5007200000,"- Los demás tejidos con un contenido de seda o de desperdicios de seda, distintos de la borrilla, superior o igual al 85 % en peso"
5007900000,- Los demás tejidos
5101110000,- - Lana esquilada
5101190000,- - Las demás
5101210000,- - Lana esquilada
5101290000,- - Las demás
5101300000,- Carbonizada
5102110000,- - De cabra de Cachemira
5102191000,- - - De alpaca o de llama (incluido el guanaco)
5102192000,- - - De conejo o de liebre
5102199000,- - - Los demás
5102200000,- Pelo ordinario
5103100000,- Borras del peinado de lana o pelo fino
5103200000,- Los demás desperdicios de lana o pelo fino
5103300000,- Desperdicios de pelo ordinario
5104000000,Hilachas de lana o de pelo fino u ordinario.
5105100000,- Lana cardada
5105210000,- - «Lana peinada a granel»
5105291000,- - - Enrollados en bolas («tops»)
5105299000,- - - Las demás
5105310000,- - De cabra de Cachemira
5105391000,- - - De alpaca o de llama (incluido el guanaco)
5105392000,- - - De vicuña
5105399000,- - - Los demás
5105400000,- Pelo ordinario cardado o peinado
5106100000,- Con un contenido de lana superior o igual al 85 % en peso
5106200000,- Con un contenido de lana inferior al 85 % en peso
5107100000,- Con un contenido de lana superior o igual al 85 % en peso
5107200000,- Con un contenido de lana inferior al 85 % en peso
5108100000,- Cardado
5108200000,- Peinado
5109100000,- Con un contenido de lana o pelo fino superior o igual al 85 % en peso
5109900000,- Los demás
5110001000,- Sin acondicionar para la venta al por menor
5110009000,- Los demás
5111111000,- - - De lana
5111112000,- - - De vicuña
5111114000,- - - De alpaca o de llama (incluido el guanaco)
5111119000,- - - Los demás
5111191000,- - - De lana
5111192000,- - - De vicuña
5111194000,- - - De alpaca o de llama (incluido el guanaco)
5111199000,- - - Los demás
5111201000,- - De lana
5111202000,- - De vicuña
5111204000,- - De alpaca o de llama (incluido el guanaco)
5111209000,- - Los demás
5111301000,- - De lana
5111302000,- - De vicuña
5111304000,- - De alpaca o de llama (incluido el guanaco)
5111309000,- - Los demás
5111901000,- - De lana
5111902000,- - De vicuña
5111904000,- - De alpaca o de llama (incluido el guanaco)
5111909000,- - Los demás
5112111000,- - - De lana
5112112000,- - - De vicuña
5112114000,- - - De alpaca o de llama (incluido el guanaco)
5112119000,- - - Los demás
5112191000,- - - De lana
5112192000,- - - De vicuña
5112194000,- - - De alpaca o de llama (incluido el guanaco)
5112199000,- - - Los demás
5112201000,- - De lana
5112202000,- - De vicuña
5112204000,- - De alpaca o de llama (incluido el guanaco)
5112209000,- - Los demás
5112301000,- - De lana
5112302000,- - De vicuña
5112304000,- - De alpaca o de llama (incluido el guanaco)
5112309000,- - Los demás
5112901000,- - De lana
5112902000,- - De vicuña
5112904000,- - De alpaca o de llama (incluido el guanaco)
5112909000,- - Los demás
5113000000,Tejidos de pelo ordinario o de crin.
5201001000,"- De longitud de fibra superior a 34,92 mm (1 3/8 pulgada)"
5201002000,"- De longitud de fibra superior a 28,57 mm (1 1/8 pulgada) pero inferior o igual a 34,92 mm (1 3/8 pulgada)"
5201003000,"- De longitud de fibra superior a 22,22 mm (7/8 pulgada) pero inferior o igual a 28,57 mm (1 1/8 pulgada)"
5201009000,"- De longitud de fibra inferior o igual a 22,22 mm (7/8 pulgada)"
5202100000,- Desperdicios de hilados
5202910000,- - Hilachas
5202990000,- - Los demás
5203000000,Algodón cardado o peinado.
5204110000,- - Con un contenido de algodón superior o igual al 85 % en peso
5204190000,- - Los demás
5204200000,- Acondicionado para la venta al por menor
5205110000,"- - De título superior o igual a 714,29 decitex (inferior o igual al número métrico 14)"
5205120000,"- - De título inferior a 714,29 decitex pero superior o igual a 232,56 decitex (superior al número métrico 14 pero inferior o igual al número métrico 43)"
5205130000,"- - De título inferior a 232,56 decitex pero superior o igual a 192,31 decitex (superior al número métrico 43 pero inferior o igual al número métrico 52)"
5205140000,"- - De título inferior a 192,31 decitex pero superior o igual a 125 decitex (superior al número métrico 52 pero inferior o igual al número métrico 80)"
5205150000,- - De título inferior a 125 decitex (superior al número métrico 80)
5205210000,"- - De título superior o igual a 714,29 decitex (inferior o igual al número métrico 14)"
5205220000,"- - De título inferior a 714,29 decitex pero superior o igual a 232,56 decitex (superior al número métrico 14 pero inferior o igual al número métrico 43)"
5205230000,"- - De título inferior a 232,56 decitex pero superior o igual a 192,31 decitex (superior al número métrico 43 pero inferior o igual al número métrico 52)"
5205240000,"- - De título inferior a 192,31 decitex pero superior o igual a 125 decitex (superior al número métrico 52 pero inferior o igual al número métrico 80)"
5205260000,"- - De título inferior a 125 decitex pero superior o igual a 106,38 decitex (superior al número métrico 80 pero inferior o igual al número métrico 94)"
5205270000,"- - De título inferior a 106,38 decitex pero superior o igual a 83,33 decitex (superior al número métrico 94 pero inferior o igual al número métrico 120)"
5205280000,"- - De título inferior a 83,33 decitex (superior al número métrico 120)"
5205310000,"- - De título superior o igual a 714,29 decitex por hilo sencillo (inferior o igual al número métrico 14 por hilo sencillo)"
5205320000,"- - De título inferior a 714,29 decitex pero superior o igual a 232,56 decitex, por hilo sencillo (superior al número métrico 14 pero inferior o igual al número métrico 43, por hilo sencillo)"
5205330000,"- - De título inferior a 232,56 decitex pero superior o igual a 192,31 decitex, por hilo sencillo (superior al número métrico 43 pero inferior o igual al número métrico 52, por hilo sencillo)"
5205340000,"- - De título inferior a 192,31 decitex pero superior o igual a 125 decitex, por hilo sencillo (superior al número métrico 52 pero inferior o igual al número métrico 80, por hilo sencillo)"
5205350000,- - De título inferior a 125 decitex por hilo sencillo (superior al número métrico 80 por hilo sencillo)
5205410000,"- - De título superior o igual a 714,29 decitex por hilo sencillo (inferior o igual al número métrico 14 por hilo sencillo)"
5205420000,"- - De título inferior a 714,29 decitex pero superior o igual a 232,56 decitex, por hilo sencillo (superior al número métrico 14 pero inferior o igual al número métrico 43, por hilo sencillo)"
5205430000,"- - De título inferior a 232,56 decitex pero superior o igual a 192,31 decitex, por hilo sencillo (superior al número métrico 43 pero inferior o igual al número métrico 52, por hilo sencillo)"
5205440000,"- - De título inferior a 192,31 decitex pero superior o igual a 125 decitex, por hilo sencillo (superior al número métrico 52 pero inferior o igual al número métrico 80, por hilo sencillo)"
5205460000,"- - De título inferior a 125 decitex pero superior o igual a 106,38 decitex, por hilo sencillo (superior al número métrico 80 pero inferior o igual al número métrico 94, por hilo sencillo)"
5205470000,"- - De título inferior a 106,38 decitex pero superior o igual a 83,33 decitex, por hilo sencillo (superior al número métrico 94 pero inferior o igual al número métrico 120, por hilo sencillo)"
5205480000,"- - De título inferior a 83,33 decitex por hilo sencillo (superior al número métrico 120 por hilo sencillo)"
5206110000,"- - De título superior o igual a 714,29 decitex (inferior o igual al número métrico 14)"
5206120000,"- - De título inferior a 714,29 decitex pero superior o igual a 232,56 decitex (superior al número métrico 14 pero inferior o igual al número métrico 43)"
5206130000,"- - De título inferior a 232,56 decitex pero superior o igual a 192,31 decitex (superior al número métrico 43 pero inferior o igual al número métrico 52)"
5206140000,"- - De título inferior a 192,31 decitex pero superior o igual a 125 decitex (superior al número métrico 52 pero inferior o igual al número métrico 80)"
5206150000,- - De título inferior a 125 decitex (superior al número métrico 80)
5206210000,"- - De título superior o igual a 714,29 decitex (inferior o igual al número métrico 14)"
5206220000,"- - De título inferior a 714,29 decitex pero superior o igual a 232,56 decitex (superior al número métrico 14 pero inferior o igual al número métrico 43)"
5206230000,"- - De título inferior a 232,56 decitex pero superior o igual a 192,31 decitex (superior al número métrico 43 pero inferior o igual al número métrico 52)"
5206240000,"- - De título inferior a 192,31 decitex pero superior o igual a 125 decitex (superior al número métrico 52 pero inferior o igual al número métrico 80)"
5206250000,- - De título inferior a 125 decitex (superior al número métrico 80)
5206310000,"- - De título superior o igual a 714,29 decitex por hilo sencillo (inferior o igual al número métrico 14 por hilo sencillo)"
5206320000,"- - De título inferior a 714,29 decitex pero superior o igual a 232,56 decitex, por hilo sencillo (superior al número métrico 14 pero inferior o igual al número métrico 43, por hilo sencillo)"
5206330000,"- - De título inferior a 232,56 decitex pero superior o igual a 192,31 decitex, por hilo sencillo (superior al número métrico 43 pero inferior o igual al número métrico 52, por hilo sencillo)"
5206340000,"- - De título inferior a 192,31 decitex pero superior o igual a 125 decitex, por hilo sencillo (superior al número métrico 52 pero inferior o igual al número métrico 80, por hilo sencillo)"
5206350000,- - De título inferior a 125 decitex por hilo sencillo (superior al número métrico 80 por hilo sencillo)
5206410000,"- - De título superior o igual a 714,29 decitex por hilo sencillo (inferior o igual al número métrico 14 por hilo sencillo)"
5206420000,"- - De título inferior a 714,29 decitex pero superior o igual a 232,56 decitex, por hilo sencillo (superior al número métrico 14 pero inferior o igual al número métrico 43, por hilo sencillo)"
5206430000,"- - De título inferior a 232,56 decitex pero superior o igual a 192,31 decitex, por hilo sencillo (superior al número métrico 43 pero inferior o igual al número métrico 52, por hilo sencillo)"
5206440000,"- - De título inferior a 192,31 decitex pero superior o igual a 125 decitex, por hilo sencillo (superior al número métrico 52 pero inferior o igual al número métrico 80, por hilo sencillo)"
5206450000,- - De título inferior a 125 decitex por hilo sencillo (superior al número métrico 80 por hilo sencillo)
5207100000,- Con un contenido de algodón superior o igual al 85 % en peso
5207900000,- Los demás
5208110000,"- - De ligamento tafetán, de peso inferior o igual a 100 g/m2"
5208120000,"- - De ligamento tafetán, de peso superior a 100 g/m2"
5208130000,"- - De ligamento sarga, incluido el cruzado, de curso inferior o igual a 4"
5208190000,- - Los demás tejidos
5208211000,- - - De peso inferior o igual a 35 g/m2
5208219000,- - - Los demás
5208220000,"- - De ligamento tafetán, de peso superior a 100 g/m2"
5208230000,"- - De ligamento sarga, incluido el cruzado, de curso inferior o igual a 4"
5208290000,- - Los demás tejidos
5208310000,"- - De ligamento tafetán, de peso inferior o igual a 100 g/m2"
5208320000,"- - De ligamento tafetán, de peso superior a 100 g/m2"
5208330000,"- - De ligamento sarga, incluido el cruzado, de curso inferior o igual a 4"
5208390000,- - Los demás tejidos
5208410000,"- - De ligamento tafetán, de peso inferior o igual a 100 g/m2"
5208420000,"- - De ligamento tafetán, de peso superior a 100 g/m2"
5208430000,"- - De ligamento sarga, incluido el cruzado, de curso inferior o igual a 4"
5208490000,- - Los demás tejidos
5208510000,"- - De ligamento tafetán, de peso inferior o igual a 100 g/m2"
5208520000,"- - De ligamento tafetán, de peso superior a 100 g/m2"
5208591000,"- - - De ligamento sarga, incluido el cruzado, de curso inferior o igual a 4"
5208599000,- - - Los demás
5209110000,- - De ligamento tafetán
5209120000,"- - De ligamento sarga, incluido el cruzado, de curso inferior o igual a 4"
5209190000,- - Los demás tejidos
5209210000,- - De ligamento tafetán
5209220000,"- - De ligamento sarga, incluido el cruzado, de curso inferior o igual a 4"
5209290000,- - Los demás tejidos
5209310000,- - De ligamento tafetán
5209320000,"- - De ligamento sarga, incluido el cruzado, de curso inferior o igual a 4"
5209390000,- - Los demás tejidos
5209410000,- - De ligamento tafetán
5209420000,- - Tejidos de mezclilla («denim»)
5209430000,"- - Los demás tejidos de ligamento sarga, incluido el cruzado, de curso inferior o igual a 4"
5209490000,- - Los demás tejidos
5209510000,- - De ligamento tafetán
5209520000,"- - De ligamento sarga, incluido el cruzado, de curso inferior o igual a 4"
5209590000,- - Los demás tejidos
5210110000,- - De ligamento tafetán
5210190000,- - Los demás tejidos
5210210000,- - De ligamento tafetán
5210290000,- - Los demás tejidos
5210310000,- - De ligamento tafetán
5210320000,"- - De ligamento sarga, incluido el cruzado, de curso inferior o igual a 4"
5210390000,- - Los demás tejidos
5210410000,- - De ligamento tafetán
5210490000,- - Los demás tejidos
5210510000,- - De ligamento tafetán
5210590000,- - Los demás tejidos
5211110000,- - De ligamento tafetán
5211120000,"- - De ligamento sarga, incluido el cruzado, de curso inferior o igual a 4"
5211190000,- - Los demás tejidos
5211200000,- Blanqueados
5211310000,- - De ligamento tafetán
5211320000,"- - De ligamento sarga, incluido el cruzado, de curso inferior o igual a 4"
5211390000,- - Los demás tejidos
5211410000,- - De ligamento tafetán
5211420000,- - Tejidos de mezclilla («denim»)
5211430000,"- - Los demás tejidos de ligamento sarga, incluido el cruzado, de curso inferior o igual a 4"
5211490000,- - Los demás tejidos
5211510000,- - De ligamento tafetán
5211520000,"- - De ligamento sarga, incluido el cruzado, de curso inferior o igual a 4"
5211590000,- - Los demás tejidos
5212110000,- - Crudos
5212120000,- - Blanqueados
5212130000,- - Teñidos
5212140000,- - Con hilados de distintos colores
5212150000,- - Estampados
5212210000,- - Crudos
5212220000,- - Blanqueados
5212230000,- - Teñidos
5212240000,- - Con hilados de distintos colores
5212250000,- - Estampados
5301100000,- Lino en bruto o enriado
5301210000,- - Agramado o espadado
5301290000,- - Los demás
5301300000,- Estopas y desperdicios de lino
5302100000,- Cáñamo en bruto o enriado
5302900000,- Los demás
5303100000,"- Yute y demás fibras textiles del líber, en bruto o enriados"
5303903000,- - Yute
5303909000,- - Las demás
5305001100,- - En bruto
5305001900,- - Los demás
5305009010,- - De coco
5305009020,- - De sisal y demás fibras textiles del género Agave
5305009090,- - Los demás
5306100000,- Sencillos
5306201000,- - Acondicionados para la venta al por menor
5306209000,- - Los demás
5307100000,- Sencillos
5307200000,- Retorcidos o cableados
5308100000,- Hilados de coco
5308200000,- Hilados de cáñamo
5308900010,- - Hilados de papel
5308900090,- - Los demás
5309110000,- - Crudos o blanqueados
5309190000,- - Los demás
5309210000,- - Crudos o blanqueados
5309290000,- - Los demás
5310100000,- Crudos
5310900000,- Los demás
5311000000,Tejidos de las demás fibras textiles vegetales; tejidos de hilados de papel.
5401101000,- - Acondicionado para la venta al por menor
5401109000,- - Los demás
5401201000,- - Acondicionado para la venta al por menor
5401209000,- - Los demás
5402110000,- - De aramidas
5402191000,"- - - De nailon 6,6"
5402199000,- - - Los demás
5402200000,"- Hilados de alta tenacidad de poliésteres, incluso texturados"
5402310000,"- - De nailon o demás poliamidas, de título inferior o igual a 50 tex por hilo sencillo"
5402320000,"- - De nailon o demás poliamidas, de título superior a 50 tex por hilo sencillo"
5402330000,- - De poliésteres
5402340000,- - De polipropileno
5402390000,- - Los demás
5402440010,- - - De poliuretano
5402440090,- - - Los demás
5402450000,"- - Los demás, de nailon o demás poliamidas"
5402460000,"- - Los demás, de poliésteres, parcialmente orientados"
5402470000,"- - Los demás, de poliésteres"
5402480000,"- - Los demás, de polipropileno"
5402491000,- - - De poliuretano
5402499000,- - - Los demás
5402510000,- - De nailon o demás poliamidas
5402520000,- - De poliésteres
5402530000,- - De polipropileno
5402590000,- - Los demás
5402610000,- - De nailon o demás poliamidas
5402620000,- - De poliésteres
5402630000,- - De polipropileno
5402690000,- - Los demás
5403100000,- Hilados de alta tenacidad de rayón viscosa
5403310000,"- - De rayón viscosa, sin torsión o con una torsión inferior o igual a 120 vueltas por metro"
5403320000,"- - De rayón viscosa, con una torsión superior a 120 vueltas por metro"
5403330000,- - De acetato de celulosa
5403390000,- - Los demás
5403410000,- - De rayón viscosa
5403420000,- - De acetato de celulosa
5403490000,- - Los demás
5404111000,- - - De poliuretano
5404119000,- - - Los demás
5404120000,"- - Los demás, de polipropileno"
5404191000,- - - De poliuretano
5404199000,- - - Los demás
5404900000,- Las demás
5405000000,"Monofilamentos artificiales de título superior o igual a 67 decitex y cuya mayor dimensión de la sección transversal sea inferior o igual a 1 mm; tiras y formas similares (por ejemplo, paja artificial) de materia textil artificial, de anchura aparente inferior o igual a 5 mm."
5406001000,- Hilados de filamentos sintéticos
5406009000,- Hilados de filamentos artificiales
5407101000,- - Para la fabricación de neumáticos
5407109000,- - Los demás
5407200000,- Tejidos fabricados con tiras o formas similares
5407300000,- Productos citados en la Nota 9 de la Sección XI
5407410000,- - Crudos o blanqueados
5407420000,- - Teñidos
5407430000,- - Con hilados de distintos colores
5407440000,- - Estampados
5407510000,- - Crudos o blanqueados
5407520000,- - Teñidos
5407530000,- - Con hilados de distintos colores
5407540000,- - Estampados
5407610000,- - Con un contenido de filamentos de poliéster sin texturar superior o igual al 85 % en peso
5407690000,- - Los demás
5407711000,- - - Napas tramadas para neumáticos fabricadas con hilados de alcohol polivinílico
5407719000,- - - Los demás
5407720000,- - Teñidos
5407730000,- - Con hilados de distintos colores
5407740000,- - Estampados
5407810000,- - Crudos o blanqueados
5407820000,- - Teñidos
5407830000,- - Con hilados de distintos colores
5407840000,- - Estampados
5407910000,- - Crudos o blanqueados
5407920000,- - Teñidos
5407930000,- - Con hilados de distintos colores
5407940000,- - Estampados
5408100010,- - Para la fabricación de neumáticos
5408100090,- - Los demás
5408210000,- - Crudos o blanqueados
5408220000,- - Teñidos
5408230000,- - Con hilados de distintos colores
5408240000,- - Estampados
5408310000,- - Crudos o blanqueados
5408320000,- - Teñidos
5408330000,- - Con hilados de distintos colores
5408340000,- - Estampados
5501110000,- - De aramidas
5501190000,- - Los demás
5501200000,- De poliésteres
5501301000,- - Obtenidos por extrusión húmeda
5501309000,- - Los demás
5501400000,- De polipropileno
5501900000,- Los demás
5502100000,- De acetato de celulosa
5502901000,- - De rayón viscosa
5502909000,- - Los demás
5503110000,- - De aramidas
5503190000,- - Las demás
5503200000,- De poliésteres
5503301000,- - Obtenidos por extrusión húmeda
5503309000,- - Las demás
5503400000,- De polipropileno
5503901000,- - Vinílicas
5503909000,- - Las demás
5504100000,- De rayón viscosa
5504900000,- Las demás
5505100000,- De fibras sintéticas
5505200000,- De fibras artificiales
5506100000,- De nailon o demás poliamidas
5506200000,- De poliésteres
5506300000,- Acrílicas o modacrílicas
5506400000,- De polipropileno
5506900000,- Las demás
5507000000,"Fibras artificiales discontinuas, cardadas, peinadas o transformadas de otro modo para la hilatura."
5508101000,- - Acondicionados para la venta al por menor
5508109000,- - Los demás
5508201000,- - Acondicionados para la venta al por menor
5508209000,- - Los demás
5509110000,- - Sencillos
5509120000,- - Retorcidos o cableados
5509210000,- - Sencillos
5509220000,- - Retorcidos o cableados
5509310000,- - Sencillos
5509320000,- - Retorcidos o cableados
5509410000,- - Sencillos
5509420000,- - Retorcidos o cableados
5509510000,- - Mezclados exclusiva o principalmente con fibras artificiales discontinuas
5509520000,- - Mezclados exclusiva o principalmente con lana o pelo fino
5509530000,- - Mezclados exclusiva o principalmente con algodón
5509590000,- - Los demás
5509610000,- - Mezclados exclusiva o principalmente con lana o pelo fino
5509620000,- - Mezclados exclusiva o principalmente con algodón
5509690000,- - Los demás
5509910000,- - Mezclados exclusiva o principalmente con lana o pelo fino
5509920000,- - Mezclados exclusiva o principalmente con algodón
5509990000,- - Los demás
5510110000,- - Sencillos
5510120000,- - Retorcidos o cableados
5510200000,- Los demás hilados mezclados exclusiva o principalmente con lana o pelo fino
5510300000,- Los demás hilados mezclados exclusiva o principalmente con algodón
5510900000,- Los demás hilados
5511100000,- De fibras sintéticas discontinuas con un contenido de estas fibras superior o igual al 85 % en peso
5511200000,- De fibras sintéticas discontinuas con un contenido de estas fibras inferior al 85 % en peso
5511300000,- De fibras artificiales discontinuas
5512110000,- - Crudos o blanqueados
5512190000,- - Los demás
5512210000,- - Crudos o blanqueados
5512290000,- - Los demás
5512910000,- - Crudos o blanqueados
5512990000,- - Los demás
5513110000,"- - De fibras discontinuas de poliéster, de ligamento tafetán"
5513120000,"- - De fibras discontinuas de poliéster, de ligamento sarga, incluido el cruzado, de curso inferior o igual a 4"
5513130000,- - Los demás tejidos de fibras discontinuas de poliéster
5513190000,- - Los demás tejidos
5513210000,"- - De fibras discontinuas de poliéster, de ligamento tafetán"
5513231000,"- - - De fibras discontinuas de poliéster, de ligamento sarga, incluido el cruzado, de curso inferior o igual a 4"
5513239000,- - - Los demás
5513290000,- - Los demás tejidos
5513310000,"- - De fibras discontinuas de poliéster, de ligamento tafetán"
5513391000,"- - - De fibras discontinuas de poliéster, de ligamento sarga, incluido el cruzado, de curso inferior o igual a 4"
5513392000,- - - Los demás tejidos de fibras discontinuas de poliéster
5513399000,- - - Los demás
5513410000,"- - De fibras discontinuas de poliéster, de ligamento tafetán"
5513491000,"- - - De fibras discontinuas de poliéster, de ligamento sarga, incluido el cruzado, de curso inferior o igual a 4"
5513492000,- - - Los demás tejidos de fibras discontinuas de poliéster
5513499000,- - - Los demás
5514110000,"- - De fibras discontinuas de poliéster, de ligamento tafetán"
5514120000,"- - De fibras discontinuas de poliéster, de ligamento sarga, incluido el cruzado, de curso inferior o igual a 4"
5514191000,- - - De fibras discontinuas de poliéster
5514199000,- - - Los demás
5514210000,"- - De fibras discontinuas de poliéster, de ligamento tafetán"
5514220000,"- - De fibras discontinuas de poliéster, de ligamento sarga, incluido el cruzado, de curso inferior o igual a 4"
5514230000,- - Los demás tejidos de fibras discontinuas de poliéster
5514290000,- - Los demás tejidos
5514301000,"- - De fibras discontinuas de poliéster, de ligamento tafetán"
5514302000,"- - De fibras discontinuas de poliéster, de ligamento sarga, incluido el cruzado, de curso inferior o igual a 4"
5514303000,- - Los demás tejidos de fibras discontinuas de poliéster
5514309000,- - Los demás tejidos
5514410000,"- - De fibras discontinuas de poliéster, de ligamento tafetán"
5514420000,"- - De fibras discontinuas de poliéster, de ligamento sarga, incluido el cruzado, de curso inferior o igual a 4"
5514430000,- - Los demás tejidos de fibras discontinuas de poliéster
5514490000,- - Los demás tejidos
5515110000,- - Mezcladas exclusiva o principalmente con fibras discontinuas de rayón viscosa
5515120000,- - Mezcladas exclusiva o principalmente con filamentos sintéticos o artificiales
5515130000,- - Mezcladas exclusiva o principalmente con lana o pelo fino
5515190000,- - Los demás
5515210000,- - Mezcladas exclusiva o principalmente con filamentos sintéticos o artificiales
5515220000,- - Mezcladas exclusiva o principalmente con lana o pelo fino
5515290000,- - Los demás
5515910000,- - Mezclados exclusiva o principalmente con filamentos sintéticos o artificiales
5515990000,- - Los demás
5516110000,- - Crudos o blanqueados
5516120000,- - Teñidos
5516130000,- - Con hilados de distintos colores
5516140000,- - Estampados
5516210000,- - Crudos o blanqueados
5516220000,- - Teñidos
5516230000,- - Con hilados de distintos colores
5516240000,- - Estampados
5516310000,- - Crudos o blanqueados
5516320000,- - Teñidos
5516330000,- - Con hilados de distintos colores
5516340000,- - Estampados
5516410000,- - Crudos o blanqueados
5516420000,- - Teñidos
5516430000,- - Con hilados de distintos colores
5516440000,- - Estampados
5516910000,- - Crudos o blanqueados
5516920000,- - Teñidos
5516930000,- - Con hilados de distintos colores
5516940000,- - Estampados
5601210000,- - De algodón
5601220000,- - De fibras sintéticas o artificiales
5601290000,- - Los demás
5601300000,"- Tundizno, nudos y motas de materia textil"
5602100000,- Fieltro punzonado y productos obtenidos mediante costura por cadeneta
5602210000,- - De lana o pelo fino
5602290000,- - De las demás materias textiles
5602900000,- Los demás
5603110000,- - De peso inferior o igual a 25 g/m2
5603121000,"- - - De poliéster, impregnada con caucho estireno-butadieno de peso superior o igual a 43 g/m2, precortados con ancho inferior o igual a 75 mm"
5603129000,- - - Los demás
5603130000,- - De peso superior a 70 g/m2 pero inferior o igual a 150 g/m2
5603140000,- - De peso superior a 150 g/m2
5603910000,- - De peso inferior o igual a 25 g/m2
5603920000,- - De peso superior a 25 g/m2 pero inferior o igual a 70 g/m2
5603930000,- - De peso superior a 70 g/m2 pero inferior o igual a 150 g/m2
5603940000,- - De peso superior a 150 g/m2
5604100000,- Hilos y cuerdas de caucho revestidos de textiles
5604902000,"- - Hilados de alta tenacidad, impregnados o recubiertos, con caucho sin  vulcanizar para la fabricación de neumáticos"
5604909000,- - Los demás
5605000000,"Hilados metálicos e hilados metalizados, incluso entorchados, constituidos por hilados textiles, tiras o formas similares de las partidas 54.04 o 54.05, combinados con metal en forma de hilos, tiras o polvo, o revestidos de metal."
5606000000,"Hilados entorchados, tiras y formas similares de las partidas 54.04 o 54.05, entorchadas (excepto los de la partida 56.05 y los hilados de crin entorchados); hilados de chenilla; hilados «de cadeneta»."
5607210000,- - Cordeles para atar o engavillar
5607290000,- - Los demás
5607410000,- - Cordeles para atar o engavillar
5607490000,- - Los demás
5607500000,- De las demás fibras sintéticas
5607900000,- Los demás
5608110000,- - Redes confeccionadas para la pesca
5608190000,- - Las demás
5608900000,- Las demás
5609001000,"- Eslingas de carga, incluso con accesorios de metal común"
5609009000,- Las demás
5701100000,- De lana o pelo fino
5701900000,- De las demás materias textiles
5702100000,"- Alfombras llamadas «Kelim» o «Kilim», «Schumacks» o «Soumak», «Karamanie» y alfombras similares tejidas a mano"
5702200000,- Revestimientos para el suelo de fibras de coco
5702310000,- - De lana o pelo fino
5702320000,- - De materia textil sintética o artificial
5702390000,- - De las demás materias textiles
5702410000,- - De lana o pelo fino
5702420000,- - De materia textil sintética o artificial
5702490000,- - De las demás materias textiles
5702500000,"- Los demás, sin aterciopelar ni confeccionar"
5702910000,- - De lana o pelo fino
5702920000,- - De materia textil sintética o artificial
5702990000,- - De las demás materias textiles
5703100000,- De lana o pelo fino
5703210000,- - Césped
5703290000,- - Los demás
5703310000,- - Césped
5703390000,- - Los demás
5703900000,- De las demás materias textiles
5704100000,"- De superficie inferior o igual a 0,3 m2"
5704200000,"- De superficie superior a 0,3 m2 pero inferior o igual a 1 m²"
5704900000,- Los demás
5705000000,"Las demás alfombras y revestimientos para el suelo, de materia textil, incluso confeccionados."
5801100000,- De lana o pelo fino
5801210000,"- - Terciopelo y felpa por trama, sin cortar"
5801220000,"- - Terciopelo y felpa por trama, cortados, rayados (pana rayada, «corduroy»)"
5801230000,- - Los demás terciopelos y felpas por trama
5801260000,- - Tejidos de chenilla
5801271000,- - - Sin cortar (rizados)
5801272000,- - - Cortados
5801310000,"- - Terciopelo y felpa por trama, sin cortar"
5801320000,"- - Terciopelo y felpa por trama, cortados, rayados (pana rayada, «corduroy»)"
5801330000,- - Los demás terciopelos y felpas por trama
5801360000,- - Tejidos de chenilla
5801370000,- - Terciopelo y felpa por urdimbre
5801900000,- De las demás materias textiles
5802100000,"- Tejidos con bucles del tipo toalla, de algodón"
5802200000,"- Tejidos con bucles del tipo toalla, de las demás materias textiles"
5802300000,- Superficies textiles con mechón insertado
5803001000,- De algodón
5803009000,- De las demás materias textiles
5804100000,"- Tul, tul-bobinot y tejidos de mallas anudadas"
5804210000,- - De fibras sintéticas o artificiales
5804290000,- - De las demás materias textiles
5804300000,- Encajes hechos a mano
5805000000,"Tapicería tejida a mano (gobelinos, Flandes, Aubusson, Beauvais y similares) y tapicería de aguja (por ejemplo: de «petit point», de punto de cruz), incluso confeccionadas."
5806100000,"- Cintas de terciopelo, de felpa, de tejidos de chenilla o de tejidos con bucles del tipo toalla"
5806200000,"- Las demás cintas, con un contenido de hilos de elastómeros o de hilos de caucho superior o igual al 5 % en peso"
5806310000,- - De algodón
5806321000,"- - - De ancho inferior o igual a 4,1 cm"
5806329000,- - - Las demás
5806390000,- - De las demás materias textiles
5806400000,"- Cintas sin trama, de hilados o fibras paralelizados y aglutinados"
5807100000,- Tejidos
5807900000,- Los demás
5808100000,- Trenzas en pieza
5808900000,- Los demás
5809000000,"Tejidos de hilos de metal y tejidos de hilados metálicos o de hilados textiles metalizados de la partida 56.05, de los tipos utilizados en prendas de vestir, tapicería o usos similares, no expresados ni comprendidos en otra parte."
5810100000,- Bordados químicos o aéreos y bordados con fondo recortado
5810910000,- - De algodón
5810920000,- - De fibras sintéticas o artificiales
5810990000,- - De las demás materias textiles
5811000000,"Productos textiles acolchados en pieza, constituidos por una o varias capas de materia textil combinadas con una materia de relleno y mantenidas mediante puntadas u otro modo de sujeción, excepto los bordados de la partida 58.10."
5901100000,"- Telas recubiertas de cola o materias amiláceas, de los tipos utilizados para encuadernación, cartonaje, estuchería o usos similares"
5901900000,- Los demás
5902101000,- - Cauchutadas
5902109000,- - Las demás
5902201000,- - Cauchutadas
5902209000,- - Las demás
5902900000,- Las demás
5903100000,- Con poli(cloruro de vinilo)
5903200000,- Con poliuretano
5903900000,- Las demás
5904100000,- Linóleo
5904900000,- Los demás
5905000000,Revestimientos de materia textil para paredes.
5906100000,- Cintas adhesivas de anchura inferior o igual a 20 cm
5906910000,- - De punto
5906991000,- - - Tejidos fabricados con hilados de alta tenacidad de nailon o de otras poliamidas o de poliésteres
5906999010,- - - - Especiales para la fabricación de artículos de caucho
5906999090,- - - - Los demás
5907000000,"Las demás telas impregnadas, recubiertas o revestidas; lienzos pintados para decoraciones de teatro, fondos de estudio o usos análogos."
5908000000,"Mechas de materia textil tejida, trenzada o de punto, para lámparas, hornillos, mecheros, velas o similares; manguitos de incandescencia y tejidos de punto tubulares utilizados para su fabricación, incluso impregnados."
5909000000,"Mangueras para bombas y tubos similares, de materia textil, incluso con armadura o accesorios de otras materias."
5910000000,"Correas transportadoras o de transmisión, de materia textil, incluso impregnadas, recubiertas, revestidas o estratificadas con plástico o reforzadas con metal u otra materia."
5911100000,"- Telas, fieltro y tejidos forrados de fieltro, combinados con una o varias capas de caucho, cuero u otra materia, de los tipos utilizados para la fabricación de guarniciones de cardas y productos análogos para otros usos técnicos, incluidas las cintas de terciopelo impregnadas de caucho para forrar enjulios"
5911200000,"- Gasas y telas para cerner, incluso confeccionadas"
5911310000,- - De peso inferior a 650 g/m2
5911320000,- - De peso superior o igual a 650 g/m2
5911400000,"- Telas filtrantes, tejidos gruesos y capachos de los tipos utilizados en las prensas de aceite o para usos técnicos análogos, incluidos los de cabello"
5911901000,- - Juntas o empaquetaduras
5911909000,- - Los demás
6001100000,- Tejidos «de pelo largo»
6001210000,- - De algodón
6001220000,- - De fibras sintéticas o artificiales
6001290000,- - De las demás materias textiles
6001910000,- - De algodón
6001920000,- - De fibras sintéticas o artificiales
6001990000,- - De las demás materias textiles
6002400000,"- Con un contenido de hilados de elastómeros superior o igual al 5 % en peso, sin hilos de caucho"
6002900000,- Los demás
6003100000,- De lana o pelo fino
6003200000,- De algodón
6003300000,- De fibras sintéticas
6003400000,- De fibras artificiales
6003900000,- Los demás
6004100000,"- Con un contenido de hilados de elastómeros superior o igual al 5 % en peso, sin hilos de caucho"
6004900000,- Los demás
6005210000,- - Crudos o blanqueados
6005220000,- - Teñidos
6005230000,- - Con hilados de distintos colores
6005240000,- - Estampados
6005350000,- - Tejidos mencionados en la Nota 1 de subpartida de este Capítulo
6005360000,"- - Los demás, crudos o blanqueados"
6005370000,"- - Los demás, teñidos"
6005380000,"- - Los demás, con hilados de distintos colores"
6005390000,"- - Los demás, estampados"
6005410000,- - Crudos o blanqueados
6005420000,- - Teñidos
6005430000,- - Con hilados de distintos colores
6005440000,- - Estampados
6005900000,- Los demás
6006100000,- De lana o pelo fino
6006210000,- - Crudos o blanqueados
6006220000,- - Teñidos
6006230000,- - Con hilados de distintos colores
6006240000,- - Estampados
6006310000,- - Crudos o blanqueados
6006320000,- - Teñidos
6006330000,- - Con hilados de distintos colores
6006340000,- - Estampados
6006410000,- - Crudos o blanqueados
6006420000,- - Teñidos
6006430000,- - Con hilados de distintos colores
6006440000,- - Estampados
6006900000,- Los demás
6101200000,- De algodón
6101300000,- De fibras sintéticas o artificiales
6101901000,- - De lana o pelo fino
6101909000,- - Los demás
6102100000,- De lana o pelo fino
6102200000,- De algodón
6102300000,- De fibras sintéticas o artificiales
6102900000,- De las demás materias textiles
6103101000,- - De lana o pelo fino
6103102000,- - De fibras sintéticas
6103109000,- - De las demás materias textiles
6103220000,- - De algodón
6103230000,- - De fibras sintéticas
6103291000,- - - De lana o pelo fino
6103299000,- - - Los demás
6103310000,- - De lana o pelo fino
6103320000,- - De algodón
6103330000,- - De fibras sintéticas
6103390000,- - De las demás materias textiles
6103410000,- - De lana o pelo fino
6103420000,- - De algodón
6103430000,- - De fibras sintéticas
6103490000,- - De las demás materias textiles
6104130000,- - De fibras sintéticas
6104191000,- - - De lana o pelo fino
6104192000,- - - De algodón
6104199000,- - - Los demás
6104220000,- - De algodón
6104230000,- - De fibras sintéticas
6104291000,- - - De lana o pelo fino
6104299000,- - - Los demás
6104310000,- - De lana o pelo fino
6104320000,- - De algodón
6104330000,- - De fibras sintéticas
6104390000,- - De las demás materias textiles
6104410000,- - De lana o pelo fino
6104420000,- - De algodón
6104430000,- - De fibras sintéticas
6104440000,- - De fibras artificiales
6104490000,- - De las demás materias textiles
6104510000,- - De lana o pelo fino
6104520000,- - De algodón
6104530000,- - De fibras sintéticas
6104590000,- - De las demás materias textiles
6104610000,- - De lana o pelo fino
6104620000,- - De algodón
6104630000,- - De fibras sintéticas
6104690000,- - De las demás materias textiles
6105100041,"- - - De tejido teñido de un solo color uniforme, incluido los blanqueados"
6105100042,"- - - De tejido con hilados de distintos colores, con motivos de rayas"
6105100049,- - - Las demás
6105100051,"- - - De tejido teñido de un solo color uniforme, incluido los blanqueados"
6105100052,"- - - De tejido con hilados de distintos colores, con motivos de rayas"
6105100059,- - - Las demás
6105100080,"- - Las demás, para hombres"
6105100091,"- - - Con abertura delantera parcial, con cuello y puño de tejido acanalado elástico"
6105100092,- - - Con cuello y abertura delantera parcial
6105100099,- - - Las demás
6105201000,- - De fibras acrílicas o modacrílicas
6105209000,- - De las demás fibras sintéticas o artificiales
6105900000,- De las demás materias textiles
6106100021,"- - - De tejido teñido de un solo color uniforme, incluidos los blanqueados"
6106100022,"- - - De tejido con hilados de distintos colores, con motivos de rayas"
6106100029,- - - Las demás
6106100031,"- - - De tejido teñido de un solo color uniforme, incluidos los blanqueados"
6106100032,"- - - De tejido con hilados de distintos colores, con motivos de rayas"
6106100039,- - - Las demás
6106100090,- - Las demás
6106200000,- De fibras sintéticas o artificiales
6106900000,- De las demás materias textiles
6107110000,- - De algodón
6107120000,- - De fibras sintéticas o artificiales
6107190000,- - De las demás materias textiles
6107210000,- - De algodón
6107220000,- - De fibras sintéticas o artificiales
6107290000,- - De las demás materias textiles
6107910000,- - De algodón
6107991000,- - - De fibras sintéticas o artificiales
6107999000,- - - Los demás
6108110000,- - De fibras sintéticas o artificiales
6108190000,- - De las demás materias textiles
6108210000,- - De algodón
6108220000,- - De fibras sintéticas o artificiales
6108290000,- - De las demás materias textiles
6108310000,- - De algodón
6108320000,- - De fibras sintéticas o artificiales
6108390000,- - De las demás materias textiles
6108910000,- - De algodón
6108920000,- - De fibras sintéticas o artificiales
6108990000,- - De las demás materias textiles
6109100031,"- - - De tejido teñido de un solo color uniforme, incluidos los blanqueados"
6109100032,"- - - De tejido con hilados de distintos colores, con motivos de rayas"
6109100039,- - - Los demás
6109100041,"- - - De tejido teñido de un solo color uniforme, incluidos los blanqueados"
6109100042,"- - - De tejido con hilados de distintos colores, con motivos de rayas"
6109100049,- - - Los demás
6109100050,- - Camisetas interiores
6109901000,- - De fibras acrílicas o modacrílicas
6109909000,- - Las demás
6110111010,"- - - - Con cuello de cisne («Sous pull», «turtle neck»)"
6110111090,- - - - Los demás
6110112000,- - - Chalecos
6110113000,- - - Cárdigan
6110119010,"- - - - Con cuello de cisne («Sous pull», «turtle neck»)"
6110119090,- - - - Los demás
6110120000,- - De cabra de Cachemira
6110191010,"- - - - Con cuello de cisne («Sous pull», «turtle neck»)"
6110191090,- - - - Los demás
6110192000,- - - Chalecos
6110193000,- - - Cárdigan
6110199010,"- - - - Con cuello de cisne («Sous pull», «turtle neck»)"
6110199090,- - - - Los demás
6110201010,"- - - Con cuello de cisne («Sous pull», «turtle neck»)"
6110201090,- - - Los demás
6110202000,- - Chalecos
6110203000,- - Cárdigan
6110209010,"- - - Con cuello de cisne («Sous pull», «turtle neck»)"
6110209090,- - - Los demás
6110301000,- - De fibras acrílicas o modacrílicas
6110309000,- - Las demás
6110900000,- De las demás materias textiles
6111200000,- De algodón
6111300000,- De fibras sintéticas
6111901000,- - De lana o pelo fino
6111909000,- - Las demás
6112110000,- - De algodón
6112120000,- - De fibras sintéticas
6112190000,- - De las demás materias textiles
6112200000,- Monos (overoles) y conjuntos de esquí
6112310000,- - De fibras sintéticas
6112390000,- - De las demás materias textiles
6112410000,- - De fibras sintéticas
6112490000,- - De las demás materias textiles
6113000000,"Prendas de vestir confeccionadas con tejidos de punto de las partidas 59.03, 59.06 o 59.07."
6114200000,- De algodón
6114300000,- De fibras sintéticas o artificiales
6114901000,- - De lana o pelo fino
6114909000,- - Las demás
6115101000,- - Medias de compresión progresiva
6115109000,- - Las demás
6115210000,"- - De fibras sintéticas, de título inferior a 67 decitex por hilo sencillo"
6115220000,"- - De fibras sintéticas, de título superior o igual a 67 decitex por hilo sencillo"
6115290000,- - De las demás materias textiles
6115301000,- - De fibras sintéticas
6115309000,- - Las demás
6115940000,- - De lana o pelo fino
6115950000,- - De algodón
6115960000,- - De fibras sintéticas
6115990000,- - De las demás materias textiles
6116100000,"- Impregnados, recubiertos, revestidos o estratificados, con plástico o caucho"
6116910000,- - De lana o pelo fino
6116920000,- - De algodón
6116930000,- - De fibras sintéticas
6116990000,- - De las demás materias textiles
6117100000,"- Chales, pañuelos de cuello, bufandas, mantillas, velos y artículos similares"
6117801000,- - Rodilleras y tobilleras
6117802000,- - Corbatas y lazos similares
6117809000,- - Los demás
6117901000,- - De fibras sintéticas o artificiales
6117909000,- - Las demás
6201200000,- De lana o pelo fino
6201300000,- De algodón
6201400000,- De fibras sintéticas o artificiales
6201900000,- De las demás materias textiles
6202200000,- De lana o pelo fino
6202300000,- De algodón
6202400000,- De fibras sintéticas o artificiales
6202900000,- De las demás materias textiles
6203110000,- - De lana o pelo fino
6203120000,- - De fibras sintéticas
6203190000,- - De las demás materias textiles
6203220000,- - De algodón
6203230000,- - De fibras sintéticas
6203291000,- - - De lana o pelo fino
6203299000,- - - Los demás
6203310000,- - De lana o pelo fino
6203320000,- - De algodón
6203330000,- - De fibras sintéticas
6203390000,- - De las demás materias textiles
6203410000,- - De lana o pelo fino
6203421010,- - - - Pantalones largos y pantalones con peto
6203421020,- - - - Pantalones cortos (calzones) y shorts
6203422010,- - - - Pantalones largos y pantalones con peto
6203422020,- - - - Pantalones cortos (calzones) y shorts
6203429010,- - - - Pantalones largos y pantalones con peto
6203429020,- - - - Pantalones cortos (calzones) y shorts
6203430000,- - De fibras sintéticas
6203490000,- - De las demás materias textiles
6204110000,- - De lana o pelo fino
6204120000,- - De algodón
6204130000,- - De fibras sintéticas
6204190000,- - De las demás materias textiles
6204210000,- - De lana o pelo fino
6204220000,- - De algodón
6204230000,- - De fibras sintéticas
6204290000,- - De las demás materias textiles
6204310000,- - De lana o pelo fino
6204320000,- - De algodón
6204330000,- - De fibras sintéticas
6204390000,- - De las demás materias textiles
6204410000,- - De lana o pelo fino
6204420000,- - De algodón
6204430000,- - De fibras sintéticas
6204440000,- - De fibras artificiales
6204490000,- - De las demás materias textiles
6204510000,- - De lana o pelo fino
6204520000,- - De algodón
6204530000,- - De fibras sintéticas
6204590000,- - De las demás materias textiles
6204610000,- - De lana o pelo fino
6204620000,- - De algodón
6204630000,- - De fibras sintéticas
6204690000,- - De las demás materias textiles
6205200000,- De algodón
6205300000,- De fibras sintéticas o artificiales
6205901000,- - De lana o pelo fino
6205909000,- - Las demás
6206100000,- De seda o desperdicios de seda
6206200000,- De lana o pelo fino
6206300000,- De algodón
6206400000,- De fibras sintéticas o artificiales
6206900000,- De las demás materias textiles
6207110000,- - De algodón
6207190000,- - De las demás materias textiles
6207210000,- - De algodón
6207220000,- - De fibras sintéticas o artificiales
6207290000,- - De las demás materias textiles
6207910000,- - De algodón
6207991000,- - - De fibras sintéticas o artificiales
6207999000,- - - Los demás
6208110000,- - De fibras sintéticas o artificiales
6208190000,- - De las demás materias textiles
6208210000,- - De algodón
6208220000,- - De fibras sintéticas o artificiales
6208290000,- - De las demás materias textiles
6208910000,- - De algodón
6208920000,- - De fibras sintéticas o artificiales
6208990000,- - De las demás materias textiles
6209200000,- De algodón
6209300000,- De fibras sintéticas
6209901000,- - De lana o pelo fino
6209909000,- - Las demás
6210100000,- Con productos de las partidas 56.02 o 56.03
6210200000,- Las demás prendas de vestir de los tipos citados en la partida 62.01
6210300000,- Las demás prendas de vestir de los tipos citados en la partida 62.02
6210400000,- Las demás prendas de vestir para hombres o niños
6210500000,- Las demás prendas de vestir para mujeres o niñas
6211110000,- - Para hombres o niños
6211120000,- - Para mujeres o niñas
6211200000,- Monos (overoles) y conjuntos de esquí
6211320000,- - De algodón
6211330000,- - De fibras sintéticas o artificiales
6211391000,- - - De lana o pelo fino
6211399000,- - - Las demás
6211420000,- - De algodón
6211430000,- - De fibras sintéticas o artificiales
6211491000,- - - De lana o pelo fino
6211499000,- - - Las demás
6212100000,- Sostenes (corpiños)
6212200000,- Fajas y fajas braga (fajas bombacha)
6212300000,- Fajas sostén (fajas corpiño)
6212900000,- Los demás
6213200000,- De algodón
6213901000,- - De seda o desperdicios de seda
6213909000,- - Las demás
6214100000,- De seda o desperdicios de seda
6214200000,- De lana o pelo fino
6214300000,- De fibras sintéticas
6214400000,- De fibras artificiales
6214900000,- De las demás materias textiles
6215100000,- De seda o desperdicios de seda
6215200000,- De fibras sintéticas o artificiales
6215900000,- De las demás materias textiles
6216001000,- Especiales para la protección de trabajadores
6216009000,- Los demás
6217100000,- Complementos (accesorios) de vestir
6217900000,- Partes
6301100000,- Mantas eléctricas
6301201000,- - De lana
6301202000,- - De pelo de vicuña
6301209000,- - Las demás
6301300000,- Mantas de algodón (excepto las eléctricas)
6301400000,- Mantas de fibras sintéticas (excepto las eléctricas)
6301900000,- Las demás mantas
6302101000,- - De fibras sintéticas o artificiales
6302109000,- - Las demás
6302210000,- - De algodón
6302220000,- - De fibras sintéticas o artificiales
6302290000,- - De las demás materias textiles
6302310000,- - De algodón
6302320000,- - De fibras sintéticas o artificiales
6302390000,- - De las demás materias textiles
6302401000,- - De fibras sintéticas o artificiales
6302409000,- - Las demás
6302510000,- - De algodón
6302530000,- - De fibras sintéticas o artificiales
6302591000,- - - De lino
6302599000,- - - Las demás
6302600000,"- Ropa de tocador o cocina, de tejido con bucles del tipo toalla, de algodón"
6302910000,- - De algodón
6302930000,- - De fibras sintéticas o artificiales
6302991000,- - - De lino
6302999000,- - - Las demás
6303120000,- - De fibras sintéticas
6303191000,- - - De algodón
6303199000,- - - Las demás
6303910000,- - De algodón
6303920000,- - De fibras sintéticas
6303990000,- - De las demás materias textiles
6304110000,- - De punto
6304190000,- - Las demás
6304200000,"- Mosquiteros para camas, especificados en la Nota 1 de subpartida de este Capítulo"
6304910000,- - De punto
6304920000,"- - De algodón, excepto de punto"
6304930000,"- - De fibras sintéticas, excepto de punto"
6304990000,"- - De las demás materias textiles, excepto de punto"
6305101000,- - De yute
6305109000,- - Los demás
6305200000,- De algodón
6305320000,- - Continentes intermedios flexibles para productos a granel
6305331000,- - - De polietileno
6305332000,- - - De polipropileno
6305390000,- - Los demás
6305901000,"- - De pita (cabuya, fique)"
6305909000,- - Las demás
6306120000,- - De fibras sintéticas
6306191000,- - - De algodón
6306199000,- - - Las demás
6306220000,- - De fibras sintéticas
6306290000,- - De las demás materias textiles
6306300000,- Velas
6306400000,- Colchones neumáticos
6306901000,- - De algodón
6306909000,- - De las demás materias textiles
6307100000,"- Paños para fregar o lavar (bayetas, paños rejilla), franelas y artículos similares para limpieza"
6307200000,- Cinturones y chalecos salvavidas
6307901000,- - Patrones de prendas de vestir
6307902000,- - Cinturones de seguridad
6307903000,- - Mascarillas de protección
6307904000,"- - Eslingas de carga, incluso con accesorios de metal común"
6307909000,- - Los demás
6308000000,"Juegos constituidos por piezas de tejido e hilados, incluso con accesorios, para la confección de alfombras, tapicería, manteles o servilletas bordados o de artículos textiles similares, en envases para la venta al por menor."
6309000000,Artículos de prendería.
6310101000,- - Recortes de la industria de la confección
6310109000,- - Los demás
6310900000,- Los demás
6401100000,- Calzado con puntera metálica de protección
6401920000,- - Que cubran el tobillo sin cubrir la rodilla
6401990000,- - Los demás
6402120000,- - Calzado de esquí y calzado para la práctica de «snowboard» (tabla para nieve)
6402190000,- - Los demás
6402200000,- Calzado con la parte superior de tiras o bridas fijadas a la suela por tetones (espigas)
6402910000,- - Que cubran el tobillo
6402991000,- - - Con puntera metálica de protección
6402999000,- - - Los demás
6403120000,- - Calzado de esquí y calzado para la práctica de «snowboard» (tabla para nieve)
6403190000,- - Los demás
6403200000,- Calzado con suela de cuero natural y parte superior de tiras de cuero natural que pasan por el empeine y rodean el dedo gordo
6403400000,"- Los demás calzados, con puntera metálica de protección"
6403510000,- - Que cubran el tobillo
6403590000,- - Los demás
6403911000,"- - - Calzado con palmilla o plataforma de madera, sin plantillas ni puntera metálica de protección"
6403919000,- - - Los demás
6403991000,"- - - Calzado con palmilla o plataforma de madera, sin plantillas ni puntera metálica de protección"
6403999000,- - - Los demás
6404111000,- - - Calzado de deporte
6404112000,"- - - Calzado de tenis, baloncesto, gimnasia, entrenamiento y calzados similares"
6404190000,- - Los demás
6404200000,- Calzado con suela de cuero natural o regenerado
6405100000,- Con la parte superior de cuero natural o regenerado
6405200000,- Con la parte superior de materia textil
6405900000,- Los demás
6406100000,"- Partes superiores de calzado y sus partes, excepto los contrafuertes y punteras duras"
6406200000,"- Suelas y tacones (tacos), de caucho o plástico"
6406901000,- - Plantillas
6406909000,- - Los demás
6501000000,"Cascos sin ahormado ni perfilado del ala, platos (discos) y cilindros aunque estén cortados en el sentido de la altura, de fieltro, para sombreros."
6502001000,- De paja toquilla o de paja mocora
6502009000,- Los demás
6504000000,"Sombreros y demás tocados, trenzados o fabricados por unión de tiras de cualquier materia, incluso guarnecidos."
6505001000,- Redecillas para el cabello
6505002000,"- Sombreros y demás tocados de fieltro, fabricados con cascos o platos de la subpartida 6501.00.00, incluso guarnecidos"
6505009000,- Los demás
6506100000,- Cascos de seguridad
6506910000,- - De caucho o plástico
6506990000,- - De las demás materias
6507000000,"Desudadores, forros, fundas, armaduras, viseras y barboquejos (barbijos), para sombreros y demás tocados."
6601100000,- Quitasoles toldo y artículos similares
6601910000,- - Con astil o mango telescópico
6601990000,- - Los demás
6602000000,"Bastones, bastones asiento, látigos, fustas y artículos similares."
6603200000,"- Monturas ensambladas, incluso con el astil o mango, para paraguas, sombrillas o quitasoles"
6603900000,- Los demás
6701000000,"Pieles y demás partes de ave con sus plumas o plumón; plumas, partes de plumas, plumón y artículos de estas materias, excepto los productos de la partida 05.05 y los cañones y astiles de plumas, trabajados."
6702100000,- De plástico
6702900000,- De las demás materias
6703000000,"Cabello peinado, afinado, blanqueado o preparado de otra forma; lana, pelo u otra materia textil, preparados para la fabricación de pelucas o artículos similares."
6704110000,- - Pelucas que cubran toda la cabeza
6704190000,- - Los demás
6704200000,- De cabello
6704900000,- De las demás materias
6801000000,"Adoquines, encintados (bordillos) y losas para pavimentos, de piedra natural (excepto la pizarra)."
6802100000,"- Losetas, cubos, dados y artículos similares, incluso de forma distinta a la cuadrada o rectangular, en los que la superficie mayor pueda inscribirse en un cuadrado de lado inferior a 7 cm; gránulos, tasquiles (fragmentos) y polvo, coloreados artificialmente"
6802210000,"- - Mármol, travertinos y alabastro"
6802230000,- - Granito
6802291000,- - - Piedras calizas
6802299000,- - - Las demás
6802910000,"- - Mármol, travertinos y alabastro"
6802920000,- - Las demás piedras calizas
6802930000,- - Granito
6802990000,- - Las demás piedras
6803000000,Pizarra natural trabajada y manufacturas de pizarra natural o aglomerada.
6804100000,- Muelas para moler o desfibrar
6804210000,"- - De diamante natural o sintético, aglomerado"
6804220000,- - De los demás abrasivos aglomerados o de cerámica
6804230000,- - De piedras naturales
6804300000,- Piedras de afilar o pulir a mano
6805100000,- Con soporte constituido solamente por tejido de materia textil
6805200000,- Con soporte constituido solamente por papel o cartón
6805300000,- Con soporte de otras materias
6806100000,"- Lana de escoria, de roca y lanas minerales similares, incluso mezcladas entre sí, en masa, hojas o enrolladas"
6806200000,"- Vermiculita dilatada, arcilla dilatada, espuma de escoria y productos minerales similares dilatados, incluso mezclados entre sí"
6806900000,- Los demás
6807100000,- En rollos
6807900000,- Las demás
6808000000,"Paneles, placas, losetas, bloques y artículos similares, de fibra vegetal, paja o viruta, de plaquitas o partículas, o de aserrín o demás desperdicios de madera, aglomerados con cemento, yeso fraguable o demás aglutinantes minerales."
6809110000,- - Revestidos o reforzados exclusivamente con papel o cartón
6809190000,- - Los demás
6809900000,- Las demás manufacturas
6810110000,- - Bloques y ladrillos para la construcción
6810190000,- - Los demás
6810910000,- - Elementos prefabricados para la construcción o ingeniería civil
6810990000,- - Las demás
6811400010,- - Placas onduladas
6811400020,"- - Las demás placas, paneles, losetas, tejas y artículos similares"
6811400090,- - Las demás manufacturas
6811810000,- - Placas onduladas
6811820000,"- - Las demás placas, paneles, losetas, tejas y artículos similares"
6811890000,- - Las demás manufacturas
6812800010,"- - Papel, cartón y fieltro"
6812800020,"- - Crocidolita y elastómeros comprimidos, para juntas o empaquetaduras, en hojas o rollos"
6812800030,- - Crocidolita en fibras trabajada; mezclas a base de crocidolita o a base de crocidolita y carbonato de magnesio
6812800090,- - Las demás
6812910000,"- - Prendas y complementos (accesorios), de vestir, calzado, sombreros y demás tocados"
6812991000,- - - Amianto en fibras trabajado; mezclas a base de amianto o a base de amianto y carbonato de magnesio
6812992000,- - - Hilados
6812993000,"- - - Cuerdas y cordones, incluso trenzados"
6812994000,"- - - Tejidos, incluso de punto"
6812995000,- - - Juntas o empaquetaduras
6812999000,- - - Las demás
6813200000,- Que contengan amianto (asbesto)
6813810000,- - Guarniciones para frenos
6813890000,- - Las demás
6814100000,"- Placas, hojas y tiras de mica aglomerada o reconstituida, incluso con soporte"
6814900000,- Las demás
6815110000,- - Fibras de carbono
6815120000,- - Textiles de fibras de carbono
6815130000,- - Las demás manufacturas de fibras de carbono
6815190000,- - Las demás
6815200000,- Manufacturas de turba
6815910000,"- - Que contengan magnesita, magnesia en forma de periclasa, dolomita incluida la cal dolomítica,  o cromita"
6815990000,- - Las demás
6901000000,"Ladrillos, placas, baldosas y demás piezas cerámicas de harinas silíceas fósiles (por ejemplo: «kieselguhr», tripolita, diatomita) o de tierras silíceas análogas."
6902100000,"- Con un contenido de los elementos Mg (magnesio), Ca (calcio) o Cr (cromo), considerados aislada o conjuntamente, superior al 50 % en peso, expresados en MgO (óxido de magnesio), CaO (óxido de calcio) u Cr2O3 (óxido crómico)"
6902201000,- - Con un contenido de sílice (SiO2) superior al 90 % en peso
6902209000,- - Los demás
6902900000,- Los demás
6903101000,- - Retortas y crisoles
6903109000,- - Los demás
6903201000,- - Retortas y crisoles
6903209000,- - Los demás
6903901000,- - Retortas y crisoles
6903909000,- - Los demás
6904100000,- Ladrillos de construcción
6904900000,- Los demás
6905100000,- Tejas
6905900000,- Los demás
6906000000,"Tubos, canalones y accesorios de tubería, de cerámica."
6907210000,"- - Con un coeficiente de absorción de agua inferior o igual al 0,5 % en peso"
6907220000,"- - Con un coeficiente de absorción de agua superior al 0,5 % pero inferior o"
6907230000,-  - Con un coeficiente de absorción de agua superior al 10 % en peso
6907300000,"- Cubos, dados y artículos similares para mosaicos, excepto los de la subpartida 6907.40"
6907400000,- Piezas de acabado
6909110000,- - De porcelana
6909120000,- - Artículos con una dureza equivalente a 9 o superior en la escala de Mohs
6909190000,- - Los demás
6909900000,- Los demás
6910100000,- De porcelana
6910900000,- Los demás
6911100000,- Artículos para el servicio de mesa o cocina
6911900000,- Los demás
6912000000,"Vajilla y demás artículos de uso doméstico, higiene o tocador, de cerámica, excepto porcelana."
6913100000,- De porcelana
6913900000,- Los demás
6914100000,- De porcelana
6914900000,- Las demás
7001001000,- Desperdicios y desechos
7001003000,- Vidrio en masa
7002100000,- Bolas
7002200000,- Barras o varillas
7002310000,- - De cuarzo o demás sílices fundidos
7002320000,"- - De otro vidrio con un coeficiente de dilatación lineal inferior o igual a 5x10-6 por Kelvin, entre 0 °C y 300 °C"
7002390000,- - Los demás
7003121000,- - - Lisas
7003122000,"- - - Estriadas, onduladas, estampadas o similares"
7003191000,- - - Lisas
7003192000,"- - - Estriadas, onduladas, estampadas o similares"
7003200000,"- Placas y hojas, armadas"
7003300000,- Perfiles
7004200010,- - De espesor inferior o igual a 6 mm
7004200090,- - Los demás
7004900020,- - De espesor inferior o igual a 6 mm
7004900090,- - Los demás
7005100000,"- Vidrio sin armar con capa absorbente, reflectante o antirreflectante"
7005211100,- - - - Flotado
7005211900,- - - - Los demás
7005219000,- - - Las demás
7005291000,- - - De espesor inferior o igual a 6 mm
7005299000,- - - Las demás
7005300000,- Vidrio armado
7006000000,"Vidrio de las partidas 70.03, 70.04 o 70.05, curvado, biselado, grabado, taladrado, esmaltado o trabajado de otro modo, pero sin enmarcar ni combinar con otras materias."
7007110000,"- - De dimensiones y formatos que permitan su empleo en automóviles, aeronaves, barcos u otros vehículos"
7007190000,- - Los demás
7007210000,"- - De dimensiones y formatos que permitan su empleo en automóviles, aeronaves, barcos u otros vehículos"
7007290000,- - Los demás
7008000000,Vidrieras aislantes de paredes múltiples.
7009100000,- Espejos retrovisores para vehículos
7009910000,- - Sin enmarcar
7009920000,- - Enmarcados
7010100000,- Ampollas
7010200000,"- Tapones, tapas y demás dispositivos de cierre"
7010901000,- - De capacidad superior a 1 l
7010902000,"- - De capacidad superior a 0,33 l pero inferior o igual a 1 l"
7010903000,"- - De capacidad superior a 0,15 l pero inferior o igual a 0,33 l"
7010904000,"- - De capacidad inferior o igual a 0,15 l"
7011100000,- Para alumbrado eléctrico
7011200000,- Para tubos de rayos catódicos
7011900000,- Las demás
7013100000,- Artículos de vitrocerámica
7013220000,- - De cristal al plomo
7013280000,- - Los demás
7013330000,- - De cristal al plomo
7013370000,- - Los demás
7013410000,- - De cristal al plomo
7013420000,"- - De vidrio con un coeficiente de dilatación lineal inferior o igual a 5 x 10-6 por Kelvin, entre 0 °C y 300 °C"
7013490000,- - Los demás
7013910000,- - De cristal al plomo
7013990000,- - Los demás
7014000000,"Vidrio para señalización y elementos de óptica de vidrio (excepto los de la partida 70.15), sin trabajar ópticamente."
7015100000,- Cristales correctores para gafas (anteojos)
7015900000,- Los demás
7016100000,"- Cubos, dados y demás artículos similares, de vidrio, incluso con soporte, para mosaicos o decoraciones similares"
7016901000,"- - Vidrieras artísticas (vitrales, incluso de vidrios incoloros)"
7016902000,"- - Vidrio multicelular o vidrio «espuma» en bloques, paneles, placas, coquillas o formas similares"
7016909000,- - Los demás
7017100000,- De cuarzo o demás sílices fundidos
7017200000,"- De otro vidrio con un coeficiente de dilatación lineal inferior o igual a 5x10-6 por Kelvin, entre 0 °C y 300 °C"
7017900000,- Los demás
7018100000,"- Cuentas de vidrio, imitaciones de perlas, de piedras preciosas o semipreciosas y artículos similares de abalorio"
7018200000,- Microesferas de vidrio con un diámetro inferior o igual a 1 mm
7018900010,"- - Ojo de vidrio, excepto los de la partida 90.21"
7018900090,- - Los demás
7019110000,"- - Hilados cortados («chopped strands»), de longitud inferior o igual a 50 mm"
7019120000,- - «Rovings»
7019130000,"- - Los demás hilados, mechas"
7019140000,- - «Mats» unidos mecánicamente
7019150000,- - «Mats» unidos químicamente
7019190000,- - Los demás
7019610000,- - Tejidos planos de «rovings» de malla cerrada
7019620000,- - Las demás telas de «rovings» de malla cerrada
7019630000,"- - Tejidos de hilados de malla cerrada, de ligamento tafetán, sin recubrir ni estratificar"
7019640000,"- - Tejidos de hilados de malla cerrada, de ligamento tafetán, recubiertos o estratificados"
7019650000,"- - Tejidos de malla abierta, de anchura inferior o igual a 30 cm"
7019660000,"- - Tejidos de malla abierta, de anchura superior a 30 cm"
7019690000,- - Las demás
7019710000,- - Velos (capas delgadas)
7019720000,- - Las demás telas de malla cerrada
7019730000,- - Las demás telas de malla abierta
7019800000,- Lana de vidrio y sus manufacturas
7019900000,- Las demás
7020001000,- Ampollas de vidrio para termos o demás recipientes isotérmicos aislados por vacío
7020009000,- Las demás
7101100000,- Perlas finas (naturales)
7101210000,- - En bruto
7101220000,- - Trabajadas
7102100000,- Sin clasificar
7102210000,"- - En bruto o simplemente aserrados, exfoliados o desbastados"
7102290000,- - Los demás
7102310000,"- - En bruto o simplemente aserrados, exfoliados o desbastados"
7102390000,- - Los demás
7103101000,- - Esmeraldas
7103102000,- - Ametrino (bolivianita)
7103109000,- - Las demás
7103911000,- - - Rubíes y zafiros
7103912000,- - - Esmeraldas
7103991000,- - - Ametrino (bolivianita)
7103999000,- - -  Los demás
7104100000,- Cuarzo piezoeléctrico
7104210000,- - Diamantes
7104290000,- - Los demás
7104910000,- - Diamantes
7104990000,- - Los demás
7105100000,- De diamante
7105900000,- Los demás
7106100000,- Polvo
7106911000,- - - Sin alear
7106912000,- - - Aleada
7106920000,- - Semilabrada
7107000000,"Chapado (plaqué) de plata sobre metal común, en bruto o semilabrado."
7108110000,- - Polvo
7108120000,- - Las demás formas en bruto
7108130000,- - Las demás formas semilabradas
7108200000,- Para uso monetario
7109000000,"Chapado (plaqué) de oro sobre metal común o sobre plata, en bruto o semilabrado."
7110110000,- - En bruto o en polvo
7110190000,- - Los demás
7110210000,- - En bruto o en polvo
7110290000,- - Los demás
7110310000,- - En bruto o en polvo
7110390000,- - Los demás
7110410000,- - En bruto o en polvo
7110490000,- - Los demás
7111000000,"Chapado (plaqué) de platino sobre metal común, plata u oro, en bruto o semilabrado."
7112300000,- Cenizas que contengan metal precioso o compuestos de metal precioso
7112910000,"- - De oro o de chapado (plaqué) de oro, excepto las barreduras que contengan otro metal precioso"
7112920000,"- - De platino o de chapado (plaqué) de platino, excepto las barreduras que contengan otro metal precioso"
7112990000,- - Los demás
7113110000,"- - De plata, incluso revestida o chapada de otro metal precioso (plaqué)"
7113190000,"- - De los demás metales preciosos, incluso revestidos o chapados de metal precioso (plaqué)"
7113200000,- De chapado de metal precioso (plaqué) sobre metal común
7114111000,"- - - De ley 0,925"
7114119000,- - - Los demás
7114190000,"- - De los demás metales preciosos, incluso revestidos o chapados de metal precioso (plaqué)"
7114200000,- De chapado de metal precioso (plaqué) sobre metal común
7115100000,- Catalizadores de platino en forma de tela o enrejado
7115900000,- Las demás
7116100000,- De perlas finas (naturales) o cultivadas
7116200000,"- De piedras preciosas o semipreciosas (naturales, sintéticas o reconstituidas)"
7117110000,- - Gemelos y pasadores similares
7117190000,- - Las demás
7117900000,- Las demás
7118100000,"- Monedas sin curso legal, excepto las de oro"
7118900000,- Las demás
7201100000,"- Fundición en bruto sin alear con un contenido de fósforo inferior o igual al 0,5 % en peso"
7201200000,"- Fundición en bruto sin alear con un contenido de fósforo superior al 0,5 % en peso"
7201500000,- Fundición en bruto aleada; fundición especular
7202110000,- - Con un contenido de carbono superior al 2 % en peso
7202190000,- - Los demás
7202210000,- - Con un contenido de silicio superior al 55 % en peso
7202290000,- - Los demás
7202300000,- Ferro-sílico-manganeso
7202410000,- - Con un contenido de carbono superior al 4 % en peso
7202490000,- - Los demás
7202500000,- Ferro-sílico-cromo
7202600000,- Ferroníquel
7202700000,- Ferromolibdeno
7202800000,- Ferrovolframio y ferro-sílico-volframio
7202910000,- - Ferrotitanio y ferro-sílico-titanio
7202920000,- - Ferrovanadio
7202930000,- - Ferroniobio
7202990000,- - Las demás
7203100000,- Productos férreos obtenidos por reducción directa de minerales de hierro
7203900000,- Los demás
7204100000,"- Desperdicios y desechos, de fundición"
7204210000,- - De acero inoxidable
7204290000,- - Los demás
7204300000,"- Desperdicios y desechos, de hierro o acero estañados"
7204410000,"- - Torneaduras, virutas, esquirlas, limaduras (de amolado, aserrado, limado) y recortes de estampado o de corte, incluso en paquetes"
7204490000,- - Los demás
7204500000,- Lingotes de chatarra
7205100000,- Granallas
7205210000,- - De aceros aleados
7205290000,- - Los demás
7206100000,- Lingotes
7206900000,- Las demás
7207110000,"- - De sección transversal cuadrada o rectangular, cuya anchura sea inferior al doble del espesor"
7207120000,"- - Los demás, de sección transversal rectangular"
7207190000,- - Los demás
7207200000,"- Con un contenido de carbono superior o igual al 0,25 % en peso"
7208101000,- - De espesor superior a 10 mm
7208102000,"- - De espesor superior o igual a 4,75 mm pero inferior o igual a 10 mm"
7208103000,"- - De espesor superior o igual a 3 mm pero inferior a 4,75 mm"
7208104000,- - De espesor inferior a 3 mm
7208251000,- - - De espesor superior a 10 mm
7208252000,"- - - De espesor superior o igual a 4,75 mm pero inferior o igual a 10 mm"
7208260000,"- - De espesor superior o igual a 3 mm pero inferior a 4,75 mm"
7208270000,- - De espesor inferior a 3 mm
7208360000,- - De espesor superior a 10 mm
7208371000,"- - - Con un contenido de carbono superior o igual a 0,12 % en peso"
7208379000,- - - Los demás
7208381000,"- - - Con un contenido de carbono superior o igual a 0,12 % en peso"
7208389000,- - - Los demás
7208391000,"- - - Con un contenido de carbono superior o igual a 0,12 % en peso"
7208399100,"- - - - De espesor inferior o igual a 1,8 mm"
7208399900,- - - - Los demás
7208401000,- - De espesor superior a 10 mm
7208402000,"- - De espesor superior o igual a 4,75 mm pero inferior o igual a 10 mm"
7208403000,"- - De espesor superior o igual a 3 mm pero inferior a 4,75 mm"
7208404000,- - De espesor inferior a 3 mm
7208511000,"- - - De espesor superior a 12,5 mm"
7208512000,"- - - De espesor superior a 10 mm pero inferior o igual a 12,5 mm"
7208521000,"- - - Con un contenido de carbono superior o igual a 0,6 % en peso"
7208529000,- - - Los demás
7208530000,"- - De espesor superior o igual a 3 mm pero inferior a 4,75 mm"
7208540000,- - De espesor inferior a 3 mm
7208900000,- Los demás
7209150000,- - De espesor superior o igual a 3 mm
7209160000,- - De espesor superior a 1 mm pero inferior a 3 mm
7209170000,"- - De espesor superior o igual a 0,5 mm pero inferior o igual a 1 mm"
7209181000,"- - - De espesor inferior a 0,5 mm pero superior o igual a 0,25 mm"
7209182000,"- - - De espesor inferior a 0,25 mm"
7209250000,- - De espesor superior o igual a 3 mm
7209260000,- - De espesor superior a 1 mm pero inferior a 3 mm
7209270000,"- - De espesor superior o igual a 0,5 mm pero inferior o igual a 1 mm"
7209280000,"- - De espesor inferior a 0,5 mm"
7209900000,- Los demás
7210110000,"- - De espesor superior o igual a 0,5 mm"
7210120000,"- - De espesor inferior a 0,5 mm"
7210200000,"- Emplomados, incluidos los revestidos con una aleación de plomo y estaño"
7210300000,- Cincados electrolíticamente
7210410000,- - Ondulados
7210490000,- - Los demás
7210500000,- Revestidos de óxidos de cromo o de cromo y óxidos de cromo
7210610000,- - Revestidos de aleaciones de aluminio y cinc
7210690000,- - Los demás
7210701000,- - Revestidos previamente de aleaciones de aluminio-cinc
7210709000,- - Los demás
7210900000,- Los demás
7211130000,"- - Laminados en las cuatro caras o en acanaladuras cerradas, de anchura superior a 150 mm y espesor superior o igual a 4 mm, sin enrollar y sin motivos en relieve"
7211140000,"- - Los demás, de espesor superior o igual a 4,75 mm"
7211191000,"- - - Con un contenido de carbono superior o igual a 0,6 % en peso"
7211199000,- - - Los demás
7211230000,"- - Con un contenido de carbono inferior al 0,25 % en peso"
7211290000,- - Los demás
7211900000,- Los demás
7212100000,- Estañados
7212200000,- Cincados electrolíticamente
7212300000,- Cincados de otro modo
7212400000,"- Pintados, barnizados o revestidos de plástico"
7212500000,- Revestidos de otro modo
7212600000,- Chapados
7213100000,"- Con muescas, cordones, surcos o relieves, producidos en el laminado"
7213200000,"- Los demás, de acero de fácil mecanización"
7213911000,"- - - Con un contenido de cromo, níquel, cobre y molibdeno inferior a 0,12 % en total"
7213919000,- - - Los demás
7213990000,- - Los demás
7214100000,- Forjadas
7214200000,"- Con muescas, cordones, surcos o relieves, producidos en el laminado o sometidas a torsión después del laminado"
7214301000,"- - De sección circular, de diámetro inferior o igual a 100 mm"
7214309000,- - Los demás
7214912000,- - - Con el lado de mayor dimensión inferior o igual a 100 mm
7214919000,- - - Los demás
7214991000,"- - - De sección circular, de diámetro inferior o igual a 100 mm"
7214999000,- - - Los demás
7215101000,"- - De sección circular, de diámetro inferior o igual a 100 mm"
7215109000,- - Los demás
7215501000,"- - De sección circular, de diámetro inferior o igual a 100 mm"
7215509000,- - Los demás
7215901000,"- - De sección circular, de diámetro inferior o igual a 100 mm"
7215909000,- - Las demás
7216100000,"- Perfiles en U, en I o en H, simplemente laminados o extrudidos en caliente, de altura inferior a 80 mm"
7216210000,- - Perfiles en L
7216220000,- - Perfiles en T
7216310000,- - Perfiles en U
7216320000,- - Perfiles en I
7216330000,- - Perfiles en H
7216400000,"- Perfiles en L o en T, simplemente laminados o extrudidos en caliente, de altura superior o igual a 80 mm"
7216500000,"- Los demás perfiles, simplemente laminados o extrudidos en caliente"
7216610000,- - Obtenidos a partir de productos laminados planos
7216690000,- - Los demás
7216910000,"- - Obtenidos o acabados en frío, a partir de productos laminados planos"
7216990000,- - Los demás
7217100000,"- Sin revestir, incluso pulido"
7217200000,- Cincado
7217300000,- Revestido de otro metal común
7217900000,- Los demás
7218100000,- Lingotes o demás formas primarias
7218910000,- - De sección transversal rectangular
7218990000,- - Los demás
7219110000,- - De espesor superior a 10 mm
7219120000,"- - De espesor superior o igual a 4,75 mm pero inferior o igual a 10 mm"
7219130000,"- - De espesor superior o igual a 3 mm pero inferior a 4,75 mm"
7219140000,- - De espesor inferior a 3 mm
7219210000,- - De espesor superior a 10 mm
7219220000,"- - De espesor superior o igual a 4,75 mm pero inferior o igual a 10 mm"
7219230000,"- - De espesor superior o igual a 3 mm pero inferior a 4,75 mm"
7219240000,- - De espesor inferior a 3 mm
7219310000,"- - De espesor superior o igual a 4,75 mm"
7219320000,"- - De espesor superior o igual a 3 mm pero inferior a 4,75 mm"
7219330000,- - De espesor superior a 1 mm pero inferior a 3 mm
7219340000,"- - De espesor superior o igual a 0,5 mm pero inferior o igual a 1 mm"
7219350000,"- - De espesor inferior a 0,5 mm"
7219900000,- Los demás
7220110000,"- - De espesor superior o igual a 4,75 mm"
7220120000,"- - De espesor inferior a 4,75 mm"
7220200000,- Simplemente laminados en frío
7220900000,- Los demás
7221000000,Alambrón de acero inoxidable.
7222111000,- - - Con diámetro inferior o igual a 65 mm
7222119000,- - - Las demás
7222191000,"- - - De sección transversal, con el lado de mayor dimensión inferior o igual a 65 mm"
7222199000,- - - Las demás
7222201000,"- - De sección circular, de diámetro inferior o igual a 65 mm"
7222209000,- - Las demás
7222301000,"- - De sección circular, de diámetro inferior o igual a 65 mm"
7222309000,- - Las demás
7222400000,- Perfiles
7223000000,Alambre de acero inoxidable.
7224100000,- Lingotes o demás formas primarias
7224900000,- Los demás
7225110000,- - De grano orientado
7225190000,- - Los demás
7225300000,"- Los demás, simplemente laminados en caliente, enrollados"
7225400000,"- Los demás, simplemente laminados en caliente, sin enrollar"
7225500000,"- Los demás, simplemente laminados en frío"
7225910000,- - Cincados electrolíticamente
7225920000,- - Cincados de otro modo
7225990000,- - Los demás
7226110000,- - De grano orientado
7226190000,- - Los demás
7226200000,- De acero rápido
7226910000,- - Simplemente laminados en caliente
7226920000,- - Simplemente laminados en frío
7226990000,- - Los demás
7227100000,- De acero rápido
7227200000,- De acero silicomanganeso
7227900000,- Los demás
7228100000,- Barras de acero rápido
7228201000,"- - De sección circular, de diámetro inferior o igual a 100 mm"
7228209000,- - Las demás
7228300000,"- Las demás barras, simplemente laminadas o extrudidas en caliente"
7228401000,"- - De sección circular, de diámetro inferior o igual a 100 mm"
7228409000,- - Las demás
7228501000,"- - De sección circular, de diámetro inferior o igual a 100 mm"
7228509000,- - Las demás
7228601000,"- - De sección circular, de diámetro inferior o igual a 100 mm"
7228609000,- - Las demás
7228700000,- Perfiles
7228800000,- Barras huecas para perforación
7229200000,- De acero silicomanganeso
7229900000,- Los demás
7301100000,- Tablestacas
7301200000,- Perfiles
7302100000,- Carriles (rieles)
7302300000,"- Agujas, puntas de corazón, varillas para mando de agujas y otros elementos para cruce o cambio de vías"
7302400000,- Bridas y placas de asiento
7302901000,- - Traviesas (durmientes)
7302909000,- - Los demás
7303000000,"Tubos y perfiles huecos, de fundición."
7304110000,- - De acero inoxidable
7304190000,- - Los demás
7304220000,- - Tubos de perforación de acero inoxidable
7304230000,- - Los demás tubos de perforación
7304240000,"- - Los demás, de acero inoxidable"
7304290000,- - Los demás
7304310000,- - Estirados o laminados en frío
7304390000,- - Los demás
7304410000,- - Estirados o laminados en frío
7304490000,- - Los demás
7304510000,- - Estirados o laminados en frío
7304590000,- - Los demás
7304900000,- Los demás
7305110000,- - Soldados longitudinalmente con arco sumergido
7305120000,"- - Los demás, soldados longitudinalmente"
7305190000,- - Los demás
7305200000,- Tubos de entubación («casing») de los tipos utilizados para la extracción de petróleo o gas
7305310000,- - Soldados longitudinalmente
7305390000,- - Los demás
7305900000,- Los demás
7306110000,"- - Soldados, de acero inoxidable"
7306190000,- - Los demás
7306210000,"- - Soldados, de acero inoxidable"
7306290000,- - Los demás
7306301000,"- - Con un contenido de carbono, en peso, superior o igual a 0,6 %"
7306309100,"- - - Tubos de acero de diámetro externo hasta 16 mm, de doble pared"
7306309200,"- - - Tubos de acero de diámetro externo inferior o igual a 10 mm, de pared sencilla"
7306309900,- - - Los demás
7306400000,"- Los demás, soldados, de sección circular, de acero inoxidable"
7306500000,"- Los demás, soldados, de sección circular, de los demás aceros aleados"
7306610000,- - De sección cuadrada o rectangular
7306690000,- - Los demás
7306900000,- Los demás
7307110000,- - De fundición no maleable
7307190000,- - Los demás
7307210000,- - Bridas
7307220000,"- - Codos, curvas y manguitos, roscados"
7307230000,- - Accesorios para soldar a tope
7307290000,- - Los demás
7307910000,- - Bridas
7307920000,"- - Codos, curvas y manguitos, roscados"
7307930000,- - Accesorios para soldar a tope
7307990000,- - Los demás
7308100000,- Puentes y sus partes
7308200000,- Torres y castilletes
7308300000,"- Puertas y ventanas y sus marcos, contramarcos y umbrales"
7308400000,"- Material de andamiaje, encofrado, apeo o apuntalamiento"
7308901000,"- - Chapas, barras, perfiles, tubos y similares, preparados para la construcción"
7308902000,- - Compuertas de esclusas
7308909000,- - Los demás
7309000000,"Depósitos, cisternas, cubas y recipientes similares para cualquier materia (excepto gas comprimido o licuado), de fundición, hierro o acero, de capacidad superior a 300 l, sin dispositivos mecánicos ni térmicos, incluso con revestimiento interior o calorífugo."
7310100000,- De capacidad superior o igual a 50 l
7310210000,- - Latas o botes para ser cerrados por soldadura o rebordeado
7310291000,- - - Recipientes de doble pared para el transporte y envasado del semen
7310299000,- - - Los demás
7311001000,- Sin soldadura
7311009000,- Los demás
7312101000,- - Para armadura de neumáticos
7312109000,- - Los demás
7312900000,- Los demás
7313001000,- Alambre de púas
7313009000,- Los demás
7314120000,"- - Telas metálicas continuas o sin fin, de acero inoxidable, para máquinas"
7314140000,"- - Las demás telas metálicas tejidas, de acero inoxidable"
7314191000,"- - - Telas metálicas continuas o sin fin, para máquinas"
7314199000,- - - Las demás
7314200000,"- Redes y rejas, soldadas en los puntos de cruce, de alambre cuya mayor dimensión de la sección transversal sea superior o igual a 3 mm y con malla de superficie superior o igual a 100 cm2"
7314310000,- - Cincadas
7314390000,- - Las demás
7314410000,- - Cincadas
7314420000,- - Revestidas de plástico
7314490000,- - Las demás
7314500000,"- Chapas y tiras, extendidas (desplegadas)"
7315110000,- - Cadenas de rodillos
7315120000,- - Las demás cadenas
7315190000,- - Partes
7315200000,- Cadenas antideslizantes
7315810000,- - Cadenas de eslabones con contrete (travesaño)
7315820000,"- - Las demás cadenas, de eslabones soldados"
7315890000,- - Las demás
7315900000,- Las demás partes
7316000000,"Anclas, rezones y sus partes, de fundición, hierro o acero."
7317000000,"Puntas, clavos, chinchetas (chinches), grapas apuntadas, onduladas o biseladas, y artículos similares, de fundición, hierro o acero, incluso con cabeza de otras materias, excepto de cabeza de cobre."
7318110000,- - Tirafondos
7318120000,- - Los demás tornillos para madera
7318130000,"- - Escarpias y armellas, roscadas"
7318140000,- - Tornillos taladradores
7318151000,"- - - Pernos de anclaje expandibles, para concreto"
7318159000,- - - Los demás
7318160000,- - Tuercas
7318190000,- - Los demás
7318210000,- - Arandelas de muelle (resorte) y las demás de seguridad
7318220000,- - Las demás arandelas
7318230000,- - Remaches
7318240000,- - Pasadores y chavetas
7318290000,- - Los demás
7319400000,- Alfileres de gancho (imperdibles) y demás alfileres
7319901000,"- - Agujas de coser, zurcir o bordar"
7319909000,- - Los demás
7320100000,- Ballestas y sus hojas
7320201000,- - Para sistemas de suspensión de vehículos
7320209000,- - Los demás
7320900000,- Los demás
7321111100,- - - - Empotrables
7321111200,- - - - De mesa
7321111900,- - - - Las demás
7321119000,- - - Los demás
7321120000,- - De combustibles líquidos
7321191000,- - - De combustibles sólidos
7321199000,- - - Los demás
7321810000,"- - De combustibles gaseosos, o de gas y otros combustibles"
7321820000,- - De combustibles líquidos
7321891000,- - - De combustibles sólidos
7321899000,- - - Los demás
7321901000,- - Quemadores de gas para calentadores de paso
7321909000,- - Los demás
7322110000,- - De fundición
7322190000,- - Los demás
7322900000,- Los demás
7323100000,"- Lana de hierro o acero; esponjas, estropajos, guantes y artículos similares para fregar, lustrar o usos análogos"
7323911000,- - - Artículos
7323912000,- - - Partes
7323921000,- - - Artículos
7323922000,- - - Partes
7323931000,- - - Artículos
7323932000,- - - Partes
7323941000,- - - Artículos
7323949000,- - - Partes
7323991000,- - - Artículos
7323999000,- - - Partes
7324100000,"- Fregaderos (piletas de lavar) y lavabos, de acero inoxidable"
7324210000,"- - De fundición, incluso esmaltadas"
7324290000,- - Las demás
7324900000,"- Los demás, incluidas las partes"
7325100000,- De fundición no maleable
7325910000,- - Bolas y artículos similares para molinos
7325990000,- - Las demás
7326110000,- - Bolas y artículos similares para molinos
7326190000,- - Las demás
7326200000,- Manufacturas de alambre de hierro o acero
7326901000,- - Barras de sección variable
7326909000,- - Las demás
7401001000,- Matas de cobre
7401002000,- Cobre de cementación (cobre precipitado)
7402001000,- Cobre «blister» sin refinar
7402002000,- Los demás sin refinar
7402003000,- Ánodos de cobre para refinado electrolítico
7403110000,- - Cátodos y secciones de cátodos
7403120000,- - Barras para alambrón («wire-bars»)
7403130000,- - Tochos
7403190000,- - Los demás
7403210000,- - A base de cobre-cinc (latón)
7403220000,- - A base de cobre-estaño (bronce)
7403291000,- - - A base de cobre-níquel (cuproníquel) o de cobre-níquel-cinc (alpaca)
7403299000,- - - Las demás
7404000000,"Desperdicios y desechos, de cobre."
7405000000,Aleaciones madre de cobre.
7406100000,- Polvo de estructura no laminar
7406200000,- Polvo de estructura laminar; escamillas
7407100000,- De cobre refinado
7407210000,- - A base de cobre-cinc (latón)
7407290000,- - Los demás
7408110000,- - Con la mayor dimensión de la sección transversal superior a 6 mm
7408190000,- - Los demás
7408210000,- - A base de cobre-cinc (latón)
7408220000,- - A base de cobre-níquel (cuproníquel) o de cobre-níquel-cinc (alpaca)
7408290000,- - Los demás
7409110000,- - Enrolladas
7409190000,- - Las demás
7409210000,- - Enrolladas
7409290000,- - Las demás
7409310000,- - Enrolladas
7409390000,- - Las demás
7409400000,- De aleaciones a base de cobre-níquel (cuproníquel) o de cobre-níquel-cinc (alpaca)
7409900000,- De las demás aleaciones de cobre
7410110000,- - De cobre refinado
7410120000,- - De aleaciones de cobre
7410210000,- - De cobre refinado
7410220000,- - De aleaciones de cobre
7411100000,- De cobre refinado
7411210000,- - A base de cobre-cinc (latón)
7411220000,- - A base de cobre-níquel (cuproníquel) o de cobre-níquel-cinc (alpaca)
7411290000,- - Los demás
7412100000,- De cobre refinado
7412200000,- De aleaciones de cobre
7413000000,"Cables, trenzas y artículos similares, de cobre, sin aislar para electricidad."
7415100000,"- Puntas y clavos, chinchetas (chinches), grapas apuntadas y artículos similares"
7415210000,- - Arandelas (incluidas las arandelas de muelle (resorte))
7415290000,- - Los demás
7415330000,- - Tornillos; pernos y tuercas
7415390000,- - Los demás
7418101000,"- - Esponjas, estropajos, guantes y artículos similares para fregar, lustrar o usos análogos"
7418102000,- - Aparatos no eléctricos de cocción o de calefacción y sus partes
7418109000,- - Los demás
7418200000,"- Artículos de higiene o tocador, y sus partes"
7419200000,"- Coladas, moldeadas, estampadas o forjadas, pero sin trabajar de otro modo"
7419801000,- - Telas metálicas (incluidas las continuas o sin fin)
7419802000,- - Muelles (resortes)
7419809000,- - Las demás
7501100000,- Matas de níquel
7501200000,- «Sinters» de óxidos de níquel y demás productos intermedios de la metalurgia del níquel
7502100000,- Níquel sin alear
7502200000,- Aleaciones de níquel
7503000000,"Desperdicios y desechos, de níquel."
7504000000,"Polvo y escamillas, de níquel."
7505110000,- - De níquel sin alear
7505120000,- - De aleaciones de níquel
7505210000,- - De níquel sin alear
7505220000,- - De aleaciones de níquel
7506100000,- De níquel sin alear
7506200000,- De aleaciones de níquel
7507110000,- - De níquel sin alear
7507120000,- - De aleaciones de níquel
7507200000,- Accesorios de tubería
7508100000,"- Telas metálicas, redes y rejas, de alambre de níquel"
7508901000,"- - Ánodos para niquelar, incluso los obtenidos por electrólisis"
7508909000,- - Las demás
7601100000,- Aluminio sin alear
7601200000,- Aleaciones de aluminio
7602000000,"Desperdicios y desechos, de aluminio."
7603100000,- Polvo de estructura no laminar
7603200000,- Polvo de estructura laminar; escamillas
7604101000,- - Barras
7604102000,"- - Perfiles, incluso huecos"
7604210000,- - Perfiles huecos
7604291000,- - - Barras
7604292000,- - - Los demás perfiles
7605110000,- - Con la mayor dimensión de la sección transversal superior a 7 mm
7605190000,- - Los demás
7605210000,- - Con la mayor dimensión de la sección transversal superior a 7 mm
7605290000,- - Los demás
7606110000,- - De aluminio sin alear
7606122000,"- - - Con un contenido de magnesio superior o igual a 0,5 % en peso (duraluminio)"
7606129000,- - - Los demás
7606911000,- - - Discos para la fabricación de envases tubulares
7606919000,- - - Los demás
7606922000,- - - Discos para la fabricación de envases tubulares
7606923000,"- - - Con un contenido de magnesio superior o igual a 0,5 % en peso (duraluminio)"
7606929000,- - - Los demás
7607110000,- - Simplemente laminadas
7607190000,- - Las demás
7607200000,- Con soporte
7608101000,- - Con diámetro exterior inferior o igual a 9.52 mm y espesor de pared inferior a 0.9 mm
7608109000,- - Los demás
7608200000,- De aleaciones de aluminio
7609000000,"Accesorios de tubería (por ejemplo: empalmes (racores), codos, manguitos) de aluminio."
7610100000,"- Puertas y ventanas, y sus marcos, contramarcos y umbrales"
7610900000,- Los demás
7611000000,"Depósitos, cisternas, cubas y recipientes similares para cualquier materia (excepto gas comprimido o licuado), de aluminio, de capacidad superior a 300 l, sin dispositivos mecánicos ni térmicos, incluso con revestimiento interior o calorífugo."
7612100000,- Envases tubulares flexibles
7612901000,- - Envases para el transporte de leche
7612903000,- - Envases criógenos
7612904000,"- - Barriles, tambores y bidones"
7612909000,- - Los demás
7613000000,"Recipientes para gas comprimido o licuado, de aluminio."
7614100000,- Con alma de acero
7614900000,- Los demás
7615101000,- - Ollas de presión
7615102000,"- - Las demás ollas, sartenes y artículos similares"
7615108000,- - Los demás
7615109000,- - Partes de artículos de uso doméstico
7615200000,"- Artículos de higiene o tocador, y sus partes"
7616100000,"- Puntas, clavos, grapas apuntadas, tornillos, pernos, tuercas, escarpias roscadas, remaches, pasadores, chavetas, arandelas y artículos similares"
7616910000,"- - Telas metálicas, redes y rejas, de alambre de aluminio"
7616991000,"- - - Chapas y tiras, extendidas (desplegadas)"
7616999000,- - - Las demás
7801100000,- Plomo refinado
7801910000,- - Con antimonio como el otro elemento predominante en peso
7801990000,- - Los demás
7802000000,"Desperdicios y desechos, de plomo."
7804110000,"- - Hojas y tiras, de espesor inferior o igual a 0,2 mm (sin incluir el soporte)"
7804190000,- - Las demás
7804200000,- Polvo y escamillas
7806001000,- Envases blindados para materias radiactivas
7806002000,"- Barras, perfiles y alambre"
7806003000,"- Tubos y accesorios de tubería (por ejemplo: empalmes [racores], codos, manguitos)"
7806009000,- Las demás
7901110000,"- - Con un contenido de cinc superior o igual al 99,99 % en peso"
7901120000,"- - Con un contenido de cinc inferior al 99,99 % en peso"
7901200000,- Aleaciones de cinc
7902000000,"Desperdicios y desechos, de cinc."
7903100000,- Polvo de condensación
7903900000,- Los demás
7904001000,- Alambre
7904009000,- Los demás
7905000011,"- - De espesor inferior o igual a 0,65 mm."
7905000012,"- - De espesor superior a 0,65 mm."
7905000091,- - Discos cuyo diámetro no exceda de 30 mm; hexágonos cuyo lado de mayor longitud no exceda de 30 mm.
7905000099,- - Los demás
7907001000,"- Canalones, caballetes para tejados, claraboyas y otras manufacturas para la construcción"
7907002000,"- Tubos y accesorios de tubería (por ejemplo: empalmes [racores], codos, manguitos)"
7907009000,- Las demás
8001100000,- Estaño sin alear
8001200000,- Aleaciones de estaño
8002000000,"Desperdicios y desechos, de estaño."
8003001000,"- Barras y alambres de estaño aleado, para soldadura"
8003009000,- Los demás
8007001000,"- Chapas, hojas y tiras, de espesor superior a 0,2 mm."
8007002000,"- Hojas y tiras, delgadas (incluso impresas o fijadas sobre papel, cartón, plástico o soportes similares), de espesor inferior o igual a 0,2 mm (sin incluir el soporte); polvo y escamillas."
8007003000,"- Tubos y accesorios de tubería (por ejemplo: empalmes [racores], codos, manguitos)"
8007009000,- Las demás
8101100000,- Polvo
8101940000,"- - Volframio (tungsteno) en bruto, incluidas las barras simplemente obtenidas por sinterizado"
8101960000,- - Alambre
8101970000,- - Desperdicios y desechos
8101990000,- - Los demás
8102100000,- Polvo
8102940000,"- - Molibdeno en bruto, incluidas las barras simplemente obtenidas por sinterizado"
8102950000,"- - Barras, excepto las simplemente obtenidas por sinterizado, perfiles, chapas, hojas y tiras"
8102960000,- - Alambre
8102970000,- - Desperdicios y desechos
8102990000,- - Los demás
8103200000,"- Tantalio en bruto, incluidas las barras simplemente obtenidas por sinterizado; polvo"
8103300000,- Desperdicios y desechos
8103910000,- - Crisoles
8103990000,- - Los demás
8104110000,"- - Con un contenido de magnesio superior o igual al 99,8 % en peso"
8104190000,- - Los demás
8104200000,- Desperdicios y desechos
8104300000,"- Virutas, torneaduras y gránulos calibrados; polvo"
8104900000,- Los demás
8105200000,- Matas de cobalto y demás productos intermedios de la metalurgia del cobalto; cobalto en bruto; polvo
8105300000,- Desperdicios y desechos
8105900000,- Los demás
8106101000,- - En agujas
8106102000,- - Desperdicios y desechos
8106109000,- - Los demás
8106901000,- - En agujas
8106902000,- - Desperdicios y desechos
8106909000,- - Los demás
8108200000,- Titanio en bruto; polvo
8108300000,- Desperdicios y desechos
8108900000,- Los demás
8109210000,"- - Con un contenido inferior a 1 parte de hafnio (celtio) por 500 partes de circonio, en peso"
8109290000,- - Los demás
8109310000,"- - Con un contenido inferior a 1 parte de hafnio (celtio) por 500 partes de circonio, en peso"
8109390000,- - Los demás
8109910000,"- - Con un contenido inferior a 1 parte de hafnio (celtio) por 500 partes de circonio, en peso"
8109990000,- - Los demás
8110100000,- Antimonio en bruto; polvo
8110200000,- Desperdicios y desechos
8110900000,- Los demás
8111001100,- - Manganeso en bruto; polvo
8111001200,- - Desperdicios y desechos
8111009000,- Los demás
8112120000,- - En bruto; polvo
8112130000,- - Desperdicios y desechos
8112190000,- - Los demás
8112210000,- - En bruto; polvo
8112220000,- - Desperdicios y desechos
8112290000,- - Los demás
8112310000,- - En bruto; desperdicios y desechos; polvo
8112390000,- - Los demás
8112410000,- - En bruto; desperdicios y desechos; polvo
8112490000,- - Los demás
8112510000,- - En bruto; polvo
8112520000,- - Desperdicios y desechos
8112590000,- - Los demás
8112610000,- - Desperdicios y desechos
8112690011,- - - - En bolas
8112690019,- - - - Los demás
8112690090,- - - Los demás
8112921010,- - - - Germanio y vanadio
8112921090,- - - - Los demás
8112922010,- - - - Germanio y vanadio
8112922090,- - - - Los demás
8112990000,- - Los demás
8113000000,"Cermet y sus manufacturas, incluidos los desperdicios y desechos."
8201100000,- Layas y palas
8201300000,"- Azadas, picos, binaderas, rastrillos y raederas"
8201401000,- - Machetes
8201409000,- - Las demás
8201500000,- Tijeras de podar (incluidas las de trinchar aves) para usar con una sola mano
8201601000,- - Tijeras de podar
8201609000,- - Las demás
8201901000,"- - Hoces y guadañas, cuchillos para heno o para paja"
8201909000,- - Las demás
8202101000,- - Serruchos
8202109000,- - Las demás
8202200000,- Hojas de sierra de cinta
8202310000,- - Con parte operante de acero
8202390000,"- - Las demás, incluidas las partes"
8202400000,- Cadenas cortantes
8202910000,- - Hojas de sierra rectas para trabajar metal
8202990000,- - Las demás
8203100000,"- Limas, escofinas y herramientas similares"
8203200000,"- Alicates (incluso cortantes), tenazas, pinzas y herramientas similares"
8203300000,- Cizallas para metales y herramientas similares
8203400000,"- Cortatubos, cortapernos, sacabocados y herramientas similares"
8204110000,- - No ajustables
8204120000,- - Ajustables
8204200000,"- Cubos (vasos) de ajuste intercambiables, incluso con mango"
8205100000,- Herramientas de taladrar o roscar (incluidas las terrajas)
8205200000,- Martillos y mazas
8205300000,"- Cepillos, formones, gubias y herramientas cortantes similares para trabajar madera"
8205401000,- - Para tornillos de ranura recta
8205409000,- - Los demás
8205510000,- - De uso domestico
8205591000,- - - Diamantes de vidriero
8205592000,- - - Cinceles
8205593000,- - - Buriles y puntas
8205596000,- - - Aceiteras; jeringas para engrasar
8205599100,- - - - Herramientas especiales para joyeros y relojeros
8205599200,"- - - - Herramientas para albañiles, fundidores, cementeros, yeseros, pintores (llanas, paletas, pulidores, raspadores, etc.)"
8205599900,- - - - Las demás
8205601000,- - Lámparas de soldar
8205609000,- - Las demás
8205700000,"- Tornillos de banco, prensas de carpintero y similares"
8205901000,"- - Yunques; fraguas portátiles; muelas de mano o pedal, con bastidor"
8205909000,- -  Los demás
8206000000,"Herramientas de dos o más de las partidas 82.02 a 82.05, acondicionadas en juegos para la venta al por menor."
8207131000,- - - Trépanos y coronas
8207132000,- - - Brocas
8207133000,- - - Barrenas integrales
8207139000,- - - Los demás útiles
8207191000,- - - Trépanos y coronas
8207192100,- - - - Diamantadas
8207192900,- - - - Las demás
8207193000,- - - Barrenas integrales
8207198000,- - - Los demás útiles
8207200000,- Hileras de extrudir o de estirar (trefilar) metal
8207300000,"- Útiles de embutir, estampar o punzonar"
8207400000,- Útiles de roscar (incluso aterrajar)
8207500000,- Útiles de taladrar
8207600000,- Útiles de escariar o brochar
8207700000,- Útiles de fresar
8207800000,- Útiles de tornear
8207900000,- Los demás útiles intercambiables
8208100000,- Para trabajar metal
8208200000,- Para trabajar madera
8208300000,- Para aparatos de cocina o máquinas de la industria alimentaria
8208400000,"- Para máquinas agrícolas, hortícolas o forestales"
8208900000,- Las demás
8209001000,- De carburos de tungsteno (volframio)
8209009000,- Los demás
8210001000,- Molinillos
8210009000,- Los demás
8211100000,- Surtidos
8211910000,- - Cuchillos de mesa de hoja fija
8211920000,- - Los demás cuchillos de hoja fija
8211931000,- - - De podar y de injertar
8211939000,- - - Los demás
8211941000,- - - Para cuchillos de mesa
8211949000,- - - Las demás
8211950000,- - Mangos de metal común
8212101000,- - Navajas de afeitar
8212102000,- - Máquinas de afeitar
8212200000,"- Hojas para maquinillas de afeitar, incluidos los esbozos en fleje"
8212900000,- Las demás partes
8213000000,Tijeras y sus hojas.
8214100000,"- Cortapapeles, abrecartas, raspadores, sacapuntas y sus cuchillas"
8214200000,- Herramientas y juegos de herramientas de manicura o de pedicuro (incluidas las limas para uñas)
8214901000,- - Máquinas de cortar el pelo o de esquilar
8214909000,- - Los demás
8215100000,"- Surtidos que contengan por lo menos un objeto plateado, dorado o platinado"
8215200000,- Los demás surtidos
8215910000,"- - Plateados, dorados o platinados"
8215990000,- - Los demás
8301100000,- Candados
8301200000,- Cerraduras de los tipos utilizados en vehículos automóviles
8301300000,- Cerraduras de los tipos utilizados en muebles
8301401000,- - Para cajas de caudales
8301409000,- - Las demás
8301500000,"- Cierres y monturas cierre, con cerradura incorporada"
8301600000,- Partes
8301700000,- Llaves presentadas aisladamente
8302101000,- - Para vehículos automóviles
8302109000,- - Las demás
8302200000,- Ruedas
8302300000,"- Las demás guarniciones, herrajes y artículos similares, para vehículos automóviles"
8302410000,- - Para edificios
8302420000,"- - Los demás, para muebles"
8302490000,- - Los demás
8302500000,"- Colgadores, perchas, soportes y artículos similares"
8302600000,- Cierrapuertas automáticos
8303001000,- Cajas de caudales
8303002000,- Puertas blindadas y compartimientos para cámaras acorazadas
8303009000,- Las demás
8304000000,"Clasificadores, ficheros, cajas de clasificación, bandejas de correspondencia, plumeros (vasos o cajas para plumas de escribir), portasellos y material similar de oficina, de metal común, excepto los muebles de oficina de la partida 94.03."
8305100000,- Mecanismos para encuadernación de hojas intercambiables o para clasificadores
8305200000,- Grapas en tiras
8305900000,"- Los demás, incluidas las partes"
8306100000,"- Campanas, campanillas, gongos y artículos similares"
8306210000,"- - Plateados, dorados o platinados"
8306290000,- - Los demás
8306300000,"- Marcos para fotografías, grabados o similares; espejos"
8307100000,- De hierro o acero
8307900000,- De los demás metales comunes
8308101100,- - - De hierro o acero
8308101200,- - - De aluminio
8308101900,- - - Los demás
8308109000,- - Los demás
8308200000,- Remaches tubulares o con espiga hendida
8308900000,"- Los demás, incluidas las partes"
8309100000,- Tapas corona
8309900000,- Los demás
8310000000,"Placas indicadoras, placas rótulo, placas de direcciones y placas similares, cifras, letras y signos diversos, de metal común, excepto los de la partida 94.05."
8311100000,"- Electrodos recubiertos para soldadura de arco, de metal común"
8311200000,"- Alambre «relleno» para soldadura de arco, de metal común"
8311300000,"- Varillas recubiertas y alambre «relleno» para soldar al soplete, de metal común"
8311900000,- Los demás
8401100000,- Reactores nucleares
8401200000,"- Máquinas y aparatos para la separación isotópica, y sus partes"
8401300000,- Elementos combustibles (cartuchos) sin irradiar
8401400000,- Partes de reactores nucleares
8402110000,- - Calderas acuotubulares con una producción de vapor superior a 45 t por hora
8402120000,- - Calderas acuotubulares con una producción de vapor inferior o igual a 45 t por hora
8402190000,"- - Las demás calderas de vapor, incluidas las calderas mixtas"
8402200000,- Calderas denominadas «de agua sobrecalentada»
8402900000,- Partes
8403100000,- Calderas
8403900000,- Partes
8404100000,- Aparatos auxiliares para las calderas de las partidas 84.02 u 84.03
8404200000,- Condensadores para máquinas de vapor
8404900000,- Partes
8405100000,"- Generadores de gas pobre (gas de aire) o de gas de agua, incluso con sus depuradores; generadores de acetileno y generadores similares de gases, por vía húmeda, incluso con sus depuradores"
8405900000,- Partes
8406100000,- Turbinas para la propulsión de barcos
8406810000,- - De potencia superior a 40 MW
8406820000,- - De potencia inferior o igual a 40 MW
8406900000,- Partes
8407100000,- Motores de aviación
8407210000,- - Del tipo fueraborda
8407290000,- - Los demás
8407310000,- - De cilindrada inferior o igual a 50 cm3
8407320000,- - De cilindrada superior a 50 cm3 pero inferior o igual a 250 cm3
8407330000,- - De cilindrada superior a 250 cm3 pero inferior o igual a 1.000 cm3
8407340000,- - De cilindrada superior a 1.000 cm3
8407900000,- Los demás motores
8408100000,- Motores para la propulsión de barcos
8408201000,- - De cilindrada inferior o igual a 4000 cm3
8408209000,- - Los demás
8408901000,- - De potencia inferior o igual a 130 kW (174 HP)
8408902000,- - De potencia superior a 130 kW (174 HP)
8409100000,- De motores de aviación
8409911000,- - - Bloques y culatas
8409912000,- - - Camisas de cilindros
8409913000,- - - Bielas
8409914000,- - - Embolos (pistones)
8409915000,- - - Segmentos (anillos)
8409916000,- - - Carburadores y sus partes
8409917000,- - - Válvulas
8409918000,- - - Cárteres
8409919100,- - - - Equipo para la conversión del sistema de alimentación de combustible para vehículos automóviles a uso dual (gas/gasolina)
8409919900,- - - - Las demás
8409991000,- - - Embolos (pistones)
8409992000,- - - Segmentos (anillos)
8409993000,- - - Inyectores y demás partes para sistemas de combustible
8409994000,- - - Bloques y culatas
8409995000,- - - Camisas de cilindros
8409996000,- - - Bielas
8409997000,- - - Válvulas
8409998000,- - - Cárteres
8409999100,- - - - Guías de válvulas
8409999200,- - - - Pasadores de piston
8409999300,- - - - Equipo para la conversión del sistema de alimentación de combustible para vehículos automóviles a uso dual (diésel/gas o semi-diésel/gas)
8409999900,- - - - Las demás
8410110000,- - De potencia inferior o igual a 1.000 kW
8410120000,- - De potencia superior a 1.000 kW pero inferior o igual a 10.000 kW
8410130000,- - De potencia superior a 10.000 kW
8410900000,"- Partes, incluidos los reguladores"
8411110000,- - De empuje inferior o igual a 25 kN
8411120000,- - De empuje superior a 25 kN
8411210000,- - De potencia inferior o igual a 1.100 kW
8411220000,- - De potencia superior a 1.100 kW
8411810000,- - De potencia inferior o igual a 5.000 kW
8411820000,- - De potencia superior a 5.000 kW
8411910000,- - De turborreactores o de turbopropulsores
8411990000,- - Las demás
8412100000,"- Propulsores a reacción, excepto los turborreactores"
8412210000,- - Con movimiento rectilíneo (cilindros)
8412290000,- - Los demás
8412310000,- - Con movimiento rectilíneo (cilindros)
8412390000,- - Los demás
8412801000,- - Motores de viento o eólicos
8412809000,- - Los demás
8412900000,- Partes
8413110000,"- - Bombas para distribución de carburantes o lubricantes, de los tipos utilizados en gasolineras, estaciones de servicio o garajes"
8413190000,- - Las demás
8413200000,"- Bombas manuales, excepto las de las subpartidas 8413.11 u 8413.19"
8413301000,- - Para motores de aviación
8413302000,"- - Las demás, de inyección"
8413309100,- - - De carburante
8413309200,- - - De aceite
8413309900,- - - Las demás
8413400000,- Bombas para hormigón
8413500000,- Las demás bombas volumétricas alternativas
8413601000,"- - Bombas de doble tornillo helicoidal, de flujo axial"
8413609000,- - Las demás
8413701100,- - - Con diámetro de salida inferior o igual a 100 mm
8413701900,- - - Las demás
8413702100,- - - Con diámetro de salida inferior o igual a 300 mm
8413702900,- - - Las demás
8413811000,- - - De inyección
8413819000,- - - Las demás
8413820000,- - Elevadores de líquidos
8413911000,- - - Para distribución o venta de carburante
8413912000,- - - De motores de aviación
8413913000,"- - - Para carburante, aceite o refrigerante de los demás motores"
8413919000,- - - Las demás
8413920000,- - De elevadores de líquidos
8414100000,- Bombas de vacío
8414200000,"- Bombas de aire, de mano o pedal"
8414304000,- - Para vehículos destinados al transporte de mercancías
8414309100,"- - - Herméticos o semiherméticos, de potencia inferior o igual a 0,37 kW (1/2 HP)"
8414309200,"- - - Herméticos o semiherméticos, de potencia superior a 0,37 kW (1/2 HP)"
8414309900,- - - Los demás
8414401000,- - De potencia inferior a 30 kW (40 HP)
8414409000,- - Los demás
8414510000,"- - Ventiladores de mesa, suelo, pared, cielo raso, techo o ventana, con motor eléctrico incorporado de potencia inferior o igual a 125 W"
8414590000,- - Los demás
8414600000,- Campanas aspirantes en las que el mayor lado horizontal sea inferior o igual a 120 cm
8414700010,- - Con campana aspirante en la que el mayor lado horizontal sea inferior o igual a 120 cm
8414700090,- - Los demás
8414801000,- - Compresores para vehículos automóviles
8414802100,- - - De potencia inferior a 30 kW (40 HP)
8414802200,"- - - De potencia superior o igual a 30 kW (40 HP) e inferior a 262,5 kW (352 HP)"
8414802300,"- - - De potencia superior o igual a 262,5 kW (352 HP)"
8414809000,- - Los demás
8414901000,- - De compresores
8414909000,- - Las demás
8415101000,- - Con equipo de enfriamiento inferior o igual a 30.000 BTU/hora
8415109000,- - Los demás
8415200000,- De los tipos utilizados en vehículos automóviles para sus ocupantes
8415811000,- - - Con equipo de enfriamiento inferior o igual a 30.000 BTU/hora
8415819000,- - - Los demás
8415822000,- - - Inferior o igual a 30.000 BTU/hora
8415823000,- - - Superior a 30.000 BTU/hora pero inferior o igual a 240.000 BTU/hora
8415824000,- - - Superior a 240.000 BTU/hora
8415831000,- - - Inferior o igual a 30.000 BTU/hora
8415839000,- - - Los demás
8415900000,- Partes
8416100000,- Quemadores de combustibles líquidos
8416201000,- - Quemadores de combustibles sólidos pulverizados
8416202000,- - Quemadores de gases
8416203000,- - Quemadores mixtos
8416300000,"- Alimentadores mecánicos de hogares, parrillas mecánicas, descargadores mecánicos de cenizas y demás dispositivos mecánicos auxiliares empleados en hogares"
8416900000,- Partes
8417100000,"- Hornos para tostación, fusión u otros tratamientos térmicos de los minerales metalíferos (incluidas las piritas) o de los metales"
8417201000,- - Hornos de túnel
8417209000,- - Los demás
8417802000,- - Hornos para productos cerámicos
8417803000,- - Hornos de laboratorio
8417809000,- - Los demás
8417900000,- Partes
8418101000,´- -  De capacidad inferior a 184 l
8418102000,´- -  De capacidad superior o igual a 184 l pero inferior a 269 l
8418103000,´- -  De capacidad superior o igual a 269 l pero inferior a 382 l
8418109000,´- -  Los demás
8418211000,- - - De capacidad inferior a 184 l
8418212000,- - - De capacidad superior o igual a 184 l pero inferior a 269 l
8418213000,- - - De capacidad superior o igual a 269 l pero inferior a 382 l
8418219000,- - - Los demás
8418291000,"- - - De absorción, eléctricos"
8418299000,- - - Los demás
8418300000,"- Congeladores horizontales del tipo arcón (cofre), de capacidad inferior o igual a 800 l"
8418400000,"- Congeladores verticales del tipo armario, de capacidad inferior o igual a 900 l"
8418500000,"- Los demás muebles (armarios, arcones (cofres), vitrinas, mostradores y similares) para la conservación y exposición de los productos, que incorporen un equipo para producción de frío"
8418610000,"- - Bombas de calor, excepto las máquinas y aparatos para acondicionamiento de aire de la partida 84.15"
8418691100,- - - - De compresión
8418691200,- - - - De absorción
8418699100,- - - - Para la fabricación de hielo
8418699200,- - - - Fuentes de agua
8418699300,"- - - - Cámaras o túneles desarmables o de paneles, con equipo para la producción de frío"
8418699400,- - - - Unidades de refrigeración para vehículos de transporte de mercancías
8418699900,- - - - Los demás
8418910000,- - Muebles diseñados para incorporarles un equipo para producción de frío
8418991000,- - - Evaporadores de placas
8418992000,- - - Unidades de condensación
8418999010,- - - - Partes de muebles de la subpartida nacional 8418.91.00.00
8418999090,- - - - Las demás
8419110000,"- - De calentamiento instantáneo, de gas"
8419120000,- - Calentadores solares de agua
8419191000,- - - Con capacidad inferior o igual a 120 l
8419199000,- - - Los demás
8419200000,"- Esterilizadores médicos, quirúrgicos o de laboratorio"
8419330000,"- - Aparatos de liofilización, de criodesecación y secadores de pulverización"
8419340000,"- - Los demás, para productos agrícolas"
8419350000,"- - Los demás, para madera, pasta para papel, papel o cartón"
8419393000,- - - Para minerales
8419399000,- - - Los demás
8419400000,- Aparatos de destilación o rectificación
8419501000,- - Pasteurizadores
8419509000,- - Los demás
8419600000,- Aparatos y dispositivos para licuefacción de aire u otros gases
8419810000,- - Para la preparación de bebidas calientes o la cocción o calentamiento de alimentos
8419891000,- - - Autoclaves
8419899100,- - - - De evaporación
8419899200,- - - - De torrefacción
8419899300,- - - - De esterilización
8419899900,- - - - Los demás
8419901000,- - De calentadores de agua
8419909000,- - Las demás
8420101000,"- - Para las industrias panadera, pastelera y galletera"
8420109000,- - Las demás
8420910000,- - Cilindros
8420990000,- - Las demás
8421110000,- - Desnatadoras (descremadoras)
8421120000,- - Secadoras de ropa
8421191000,- - - De laboratorio
8421192000,- - - Para la industria de producción de azúcar
8421193000,- - - Para la industria de papel y celulosa
8421199000,- - - Las demás
8421211000,- - - Domésticos
8421219000,- - - Los demás
8421220000,- - Para filtrar o depurar las demás bebidas
8421230000,- - Para filtrar lubricantes o carburantes en los motores de encendido por chispa o compresión
8421291000,- - - Filtros prensa
8421292000,- - - Filtros magnéticos y electromagnéticos
8421293000,- - - Filtros concebidos exclusiva o principalmente para equipar aparatos médicos de la partida 90.18
8421294000,- - - Filtros tubulares de rejilla para pozos de extracción
8421299000,- - - Los demás
8421310000,- - Filtros de entrada de aire para motores de encendido por chispa o compresión
8421320000,"- - Convertidores catalíticos y filtros de partículas, incluso combinados, para purificar o filtrar gases de escape de motores de encendido por chispa o compresión"
8421391000,- - - Depuradores llamados ciclones
8421392000,- - - Filtros electrostáticos de aire u otros gases
8421399000,- - - Los demás
8421910000,"- - De centrifugadoras, incluidas las de secadoras centrífugas"
8421991000,"- - - Elementos filtrantes, del tipo de los utilizados en filtros para motores"
8421999000,- - - Los demás
8422110000,- - De tipo domestico
8422190000,- - Las demás
8422200000,- Máquinas y aparatos para limpiar o secar botellas o demás recipientes
8422301000,- - Máquinas de llenado vertical con rendimiento inferior o igual a 40 unidades por minuto
8422309000,- - Las demás
8422401000,- - Máquinas para envolver mercancías previamente acondicionadas en sus envases
8422402000,- - Máquinas para empaquetar al vacío
8422403000,- - Máquinas para empaquetar cigarillos
8422409000,- - Las demás
8422900000,- Partes
8423100000,"- Para pesar personas, incluidos los pesabebés; balanzas domésticas"
8423200000,- Básculas y balanzas para pesada continua sobre transportador
8423301000,"- - Dosificadoras de cemento, asfalto o materias similares"
8423309000,- - Las demás
8423810010,- - - De funciones múltiples o usos especiales
8423810090,- - - Los demás
8423821000,- - - De pesar vehículos
8423829010,- - - - De funciones múltiples o usos especiales
8423829090,- - - - Los demás
8423891000,- - - De pesar vehículos
8423899010,- - - - De funciones múltiples  o usos especiales
8423899090,- - - - Los demás
8423900000,- Pesas para toda clase de básculas o balanzas; partes de aparatos o instrumentos de pesar
8424100000,"- Extintores, incluso cargados"
8424200000,- Pistolas aerográficas y aparatos similares
8424300000,- Máquinas y aparatos de chorro de arena o de vapor y aparatos de chorro similares
8424410000,- - Pulverizadores portátiles
8424490000,- - Los demás
8424822100,- - - - Por goteo o aspersión
8424822900,- - - - Los demás
8424823000,- - - Aparatos portátiles
8424829000,- - - Los demás
8424890000,- - Los demás
8424901000,"- - Aspersores y goteros, para sistemas de riego"
8424909000,- - Los demás
8425110000,- - Con motor eléctrico
8425190000,- - Los demás
8425311000,- - - Tornos para el ascenso y descenso de jaulas o montacargas en pozos de minas; tornos especialmente concebidos para el interior de minas
8425319000,- - - Los demás
8425391000,- - - Tornos para el ascenso y descenso de jaulas o montacargas en pozos de minas; tornos especialmente concebidos para el interior de minas
8425399000,- - - Los demás
8425410000,"- - Elevadores fijos para vehículos automóviles, de los tipos utilizados en talleres"
8425422000,- - - Portátiles para vehículos automóviles
8425429000,- - - Los demás
8425491000,- - - Portátiles para vehículos automóviles
8425499000,- - - Los demás
8426110000,"- - Puentes (incluidas las vigas) rodantes, sobre soporte fijo"
8426121000,- - - Pórticos móviles sobre neumáticos
8426122000,- - - Carretillas puente
8426190000,- - Los demás
8426200000,- Grúas de torre
8426300000,- Grúas de pórtico
8426411000,- - - Carretillas grúa
8426419000,- - - Las demás
8426490000,- - Los demás
8426910000,- - Diseñados para montarlos sobre vehículos de carretera
8426991000,- - - Cables aéreos («blondines»)
8426992000,- - - Grúas de tijera («derricks»)
8426999000,- - - Los demás
8427100000,- Carretillas autopropulsadas con motor eléctrico
8427200000,- Las demás carretillas autopropulsadas
8427900000,- Las demás carretillas
8428101000,- - Ascensores sin cabina ni contrapeso
8428109000,- - Los demás
8428200000,"- Aparatos elevadores o transportadores, neumáticos"
8428310000,- - Especialmente diseñados para el interior de minas u otros trabajos subterráneos
8428320000,"- - Los demás, de cangilones"
8428330000,"- - Los demás, de banda o correa"
8428390000,- - Los demás
8428400000,- Escaleras mecánicas y pasillos móviles
8428600000,- Teleféricos (incluidos las telesillas y los telesquís); mecanismos de tracción para funiculares
8428700000,- Robots industriales
8428901000,"- - Empujadores de vagonetas de minas, carros transbordadores, basculadores y volteadores, de vagones, de vagonetas, etc. e instalaciones similares para la manipulación de material móvil sobre carriles (rieles)"
8428909000,- - Las demás
8429110000,- - De orugas
8429190000,- - Las demás
8429200000,- Niveladoras
8429300000,- Traíllas («scrapers»)
8429400000,- Compactadoras y apisonadoras (aplanadoras)
8429510000,- - Cargadoras y palas cargadoras de carga frontal
8429520000,- - Máquinas cuya superestructura pueda girar 360°
8429590000,- - Las demás
8430100000,"- Martinetes y máquinas para arrancar pilotes, estacas o similares"
8430200000,- Quitanieves
8430310000,- - Autopropulsadas
8430390000,- - Las demás
8430410000,- - Autopropulsadas
8430490000,- - Las demás
8430500000,"- Las demás máquinas y aparatos, autopropulsados"
8430611000,- - - Rodillos apisonadores
8430619000,- - - Los demás
8430691000,- - - Traíllas («scrapers»)
8430699000,- - - Los demás
8431101000,"- - De polipastos, tornos y cabrestantes"
8431109000,- - Las demás
8431200000,- De máquinas o aparatos de la partida 84.27
8431310000,"- - De ascensores, montacargas o escaleras mecánicas"
8431390000,- - Las demás
8431410000,"- - Cangilones, cucharas, cucharas de almeja, palas y garras o pinzas"
8431420000,- - Hojas de topadoras frontales (buldóceres) o de topadoras angulares («angledozers»)
8431431000,- - - Balancines
8431439000,- - - Las demás
8431490000,- - Las demás
8432100000,- Arados
8432210000,- - Gradas (rastras) de discos
8432291000,"- - - Las demás gradas (rastras), escarificadores y extirpadores"
8432292000,"- - - - Cultivadores, azadas rotativas (rotocultores), escardadores y  binadoras"
8432310000,"- - Sembradoras, plantadoras y trasplantadoras, para siembra directa"
8432390000,- - Las demás
8432410000,- - Esparcidores de estiércol
8432420000,- - Distribuidores de abonos
8432800000,"- Las demás máquinas, aparatos y artefactos"
8432901000,- - Rejas y discos
8432909000,- - Las demás
8433111000,- - - Autopropulsadas
8433119000,- - - Las demás
8433191000,- - - Autopropulsadas
8433199000,- - - Las demás
8433200000,"- Guadañadoras, incluidas las barras de corte para montar sobre un tractor"
8433300000,- Las demás máquinas y aparatos de henificar
8433400000,"- Prensas para paja o forraje, incluidas las prensas recogedoras"
8433510000,- - Cosechadoras-trilladoras
8433520000,- - Las demás máquinas y aparatos de trillar
8433530000,- - Máquinas de cosechar raíces o tubérculos
8433591000,- - - De cosechar
8433592000,- - - Desgranadoras de maíz
8433599000,- - - Los demás
8433601000,- - De huevos
8433609000,- - Las demás
8433901000,- - De cortadoras de césped
8433909000,- - Las demás
8434100000,- Máquinas de ordeñar
8434200000,- Máquinas y aparatos para la industria lechera
8434901000,- - De ordeñadoras
8434909000,- - Las demás
8435100000,- Máquinas y aparatos
8435900000,- Partes
8436100000,- Máquinas y aparatos para preparar alimentos o piensos para animales
8436210000,- - Incubadoras y criadoras
8436291000,- - - Comederos y bebederos automáticos
8436292000,- - - Batería automática de puesta y recolección de huevos
8436299000,- - - Los demás
8436801000,- - Trituradoras y mezcladoras de abonos
8436809000,- - Los demás
8436910000,- - De máquinas o aparatos para la avicultura
8436990000,- - Las demás
8437101100,- - - Por color
8437101900,- - - Los demás
8437109000,- - Las demás
8437801100,- - - De cereales
8437801900,- - - Las demás
8437809100,"- - - Para tratamiento de arroz, incluso el pulido"
8437809300,- - - Para pulir granos
8437809900,- - - Los demás
8437900000,- Partes
8438101000,"- - Para panadería, pastelería o galletería"
8438102000,- - Para la fabricación de pastas alimenticias
8438201000,- - Para confitería
8438202000,- - Para la elaboración del cacao o fabricación de chocolate
8438300000,- Máquinas y aparatos para la industria azucarera
8438400000,- Máquinas y aparatos para la industria cervecera
8438501000,- - Para procesamiento automático de aves
8438509000,- - Las demás
8438600000,- Máquinas y aparatos para la preparación de frutos u hortalizas
8438801000,- - Descascarilladoras y despulpadoras de café
8438802000,"- - Máquinas y aparatos para la preparación de pescado o de crustáceos, moluscos y demás invertebrados acuáticos"
8438809000,- - Las demás
8438900000,- Partes
8439100000,- Máquinas y aparatos para la fabricación de pasta de materias fibrosas celulósicas
8439200000,- Máquinas y aparatos para la fabricación de papel o cartón
8439300000,- Máquinas y aparatos para el acabado de papel o cartón
8439910000,- - De máquinas o aparatos para la fabricación de pasta de materias fibrosas celulósicas
8439990000,- - Las demás
8440100000,- Máquinas y aparatos
8440900000,- Partes
8441100000,- Cortadoras
8441200000,"- Máquinas para la fabricación de sacos (bolsas), bolsitas o sobres"
8441300000,"- Máquinas para la fabricación de cajas, tubos, tambores o continentes similares, excepto por moldeado"
8441400000,"- Máquinas para moldear artículos de pasta de papel, de papel o cartón"
8441800000,- Las demás máquinas y aparatos
8441900000,- Partes
8442301000,- - Máquinas para componer por procedimiento fotográfico
8442302000,"- - Máquinas, aparatos y material para componer caracteres por otros procedimientos, incluso con dispositivos para fundir"
8442309000,- - Los demás
8442400000,"- Partes de estas máquinas, aparatos o material"
8442501000,- - Caracteres (tipos) de imprenta
8442509000,- - Los demás
8443110000,"- - Máquinas y aparatos para imprimir, offset, alimentados con bobinas"
8443120000,"- - Máquinas y aparatos de oficina para imprimir, offset, alimentados con hojas en las que un lado sea inferior o igual a 22 cm y el otro sea inferior o igual a 36 cm, medidas sin plegar"
8443130000,"- - Las demás máquinas y aparatos para imprimir, offset"
8443140000,"- - Máquinas y aparatos para imprimir, tipográficos, alimentados con bobinas, excepto las máquinas y aparatos flexográficos"
8443150000,"- - Máquinas y aparatos para imprimir, tipográficos, distintos de los alimentados con bobinas, excepto las máquinas y aparatos flexográficos"
8443160000,"- - Máquinas y aparatos para imprimir, flexográficos"
8443170000,"- - Máquinas y aparatos para imprimir, heliográficos (huecograbado)"
8443191000,- - - De estampar
8443199000,- - - Los demás
8443310000,"- - Máquinas que efectúen dos o más de las siguientes funciones: impresión, copia o fax, aptas para ser conectadas a una máquina automática para tratamiento o procesamiento de datos o a una red"
8443321100,- - - - Del tipo de las utilizadas para impresión sobre discos compactos
8443321900,- - - - Las demás
8443322000,- - - Telefax
8443329000,- - - Las demás
8443391000,- - - Máquinas para imprimir por chorro de tinta
8443399000,- - - Las demás
8443910000,"- - Partes y accesorios de máquinas y aparatos para imprimir por medio de planchas, cilindros y demás elementos impresores de la partida 84.42"
8443990000,- - Los demás
8444000000,"Máquinas para extrudir, estirar, texturar o cortar materia textil sintética o artificial."
8445110000,- - Cardas
8445120000,- - Peinadoras
8445130000,- - Mecheras
8445191000,- - - Desmotadoras de algodón
8445199000,- - - Las demás
8445200000,- Máquinas para hilar materia textil
8445300000,- Máquinas para doblar o retorcer materia textil
8445400000,- Máquinas para bobinar (incluidas las canilleras) o devanar materia textil
8445900000,- Los demás
8446100000,- Para tejidos de anchura inferior o igual a 30 cm
8446210000,- - De motor
8446290000,- - Los demás
8446300000,"- Para tejidos de anchura superior a 30 cm, sin lanzadera"
8447110000,- - Con cilindro de diámetro inferior o igual a 165 mm
8447120000,- - Con cilindro de diámetro superior a 165 mm
8447201000,"- - Máquinas rectilíneas de tricotar, de uso doméstico"
8447202000,- - Las demás máquinas rectilíneas de tricotar
8447203000,- - Máquinas de coser por cadeneta
8447900000,- Las demás
8448110000,"- - Maquinitas para lizos y mecanismos Jacquard; reductoras, perforadoras y copiadoras de cartones; máquinas para unir cartones después de perforados"
8448190000,- - Los demás
8448200000,- Partes y accesorios de las máquinas de la partida 84.44 o de sus máquinas o aparatos auxiliares
8448310000,- - Guarniciones de cardas
8448321000,- - - De desmotadoras de algodón
8448329000,- - - Las demás
8448330000,"- - Husos y sus aletas, anillos y cursores"
8448390000,- - Los demás
8448420000,"- - Peines, lizos y cuadros de lizos"
8448490000,- - Los demás
8448510000,"- - Platinas, agujas y demás artículos que participen en la formación de mallas"
8448590000,- - Los demás
8449001000,- Máquinas y aparatos; hormas de sombrerería
8449009000,- Partes
8450110000,- - Máquinas totalmente automáticas
8450120000,"- - Las demás máquinas, con secadora centrífuga incorporada"
8450190000,- - Las demás
8450200000,"- Máquinas de capacidad unitaria, expresada en peso de ropa seca, superior a 10 kg"
8450900000,- Partes
8451100000,- Máquinas para limpieza en seco
8451210000,"- - De capacidad unitaria, expresada en peso de ropa seca, inferior o igual a 10 kg"
8451290000,- - Las demás
8451300000,"- Máquinas y prensas para planchar, incluidas las prensas para fijar"
8451401000,- - Para lavar
8451409000,- - Las demás
8451500000,"- Máquinas para enrollar, desenrollar, plegar, cortar o dentar telas"
8451800000,- Las demás máquinas y aparatos
8451900000,- Partes
8452101000,- - Cabezas de máquinas
8452102000,- - Máquinas
8452210000,- - Unidades automáticas
8452290000,- - Las demás
8452300000,- Agujas para máquinas de coser
8452901000,"- - Muebles, basamentos y tapas o cubiertas para máquinas de coser, y sus partes"
8452909000,- - Las demás partes para máquinas de coser
8453100000,"- Máquinas y aparatos para la preparación, curtido o trabajo de cuero o piel"
8453200000,- Máquinas y aparatos para la fabricación o reparación de calzado
8453800000,- Las demás máquinas y aparatos
8453900000,- Partes
8454100000,- Convertidores
8454200000,- Lingoteras y cucharas de colada
8454300000,- Máquinas de colar (moldear)
8454900000,- Partes
8455100000,- Laminadores de tubos
8455210000,- - Para laminar en caliente o combinados para laminar en caliente y en frío
8455220000,- - Para laminar en frío
8455300000,- Cilindros de laminadores
8455900000,- Las demás partes
8456110000,- - Que operen mediante láser
8456120000,- - Que operen mediante otros haces de luz o de fotones
8456200000,- Que operen por ultrasonido
8456300000,- Que operen por electroerosión
8456400000,- Que operen mediante chorro de plasma
8456500000,- Máquinas para cortar por chorro de agua
8456900000,- Las demás
8457100000,- Centros de mecanizado
8457200000,- Máquinas de puesto fijo
8457300000,- Máquinas de puestos multiples
8458111000,- - - Paralelos universales
8458112000,- - - De revólver
8458119000,- - - Los demás
8458191000,- - - Paralelos universales
8458192000,- - - De revólver
8458193000,"- - - Los demás, automáticos"
8458199000,- - - Los demás
8458910000,- - De control numérico
8458990000,- - Los demás
8459101000,- - De taladrar
8459102000,- - De escariar
8459103000,- - De fresar
8459104000,- - De roscar (incluso aterrajar)
8459210000,- - De control numérico
8459290000,- - Las demás
8459310000,- - De control numérico
8459390000,- - Las demás
8459410000,- - De control numérico
8459490000,- - Las demás
8459510000,- - De control numérico
8459590000,- - Las demás
8459610000,- - De control numérico
8459690000,- - Las demás
8459700000,- Las demás máquinas de roscar (incluso aterrajar)
8460120000,- - De control numérico
8460190000,- - Las demás
8460220000,"- - Máquinas de rectificar sin centro, de control numérico"
8460230000,"- - Las demás máquinas de rectificar superficies cilíndricas, de control numérico"
8460240000,"- - Las demás, de control numérico"
8460290000,- - Las demás
8460310000,- - De control numérico
8460390000,- - Las demás
8460400000,- Máquinas de lapear (bruñir)
8460900000,- Las demás
8461200000,- Máquinas de limar o mortajar
8461300000,- Máquinas de brochar
8461400000,- Máquinas de tallar o acabar engranajes
8461500000,- Máquinas de aserrar o trocear
8461901000,- - Máquinas de cepillar
8461909000,- - Las demás
8462110000,- - Máquinas de forjar con matriz cerrada
8462190000,- - Las demás
8462220000,- - Máquinas de conformar perfiles
8462230000,"- - Prensas plegadoras, de control numérico"
8462240000,"- - Prensas para paneles, de control numérico"
8462250000,"- - Máquinas de perfilar rodillos, de control numérico"
8462260000,"- - Las demás máquinas de enrollar, curvar, plegar, enderezar o aplanar, de control numérico"
8462290000,- - Las demás
8462320000,- - Líneas de hendido y líneas de corte longitudinal
8462330000,"- - Máquinas de cizallar, de control numérico"
8462390000,- - Las demás
8462420000,- - De control númerico
8462490000,- - Las demás
8462510000,- - De control númerico
8462590000,- - Las demás
8462610000,- - Prensas hidráulicas
8462620000,- - Prensas mecánicas
8462630000,- - Servoprensas
8462690000,- - Las demás
8462900000,- Las demás
8463101000,- - De trefilar
8463109000,- - Las demás
8463200000,- Máquinas laminadoras de hacer roscas
8463300000,- Máquinas para trabajar alambre
8463901000,- - Remachadoras
8463909000,- - Las demás
8464100000,- Máquinas de aserrar
8464200000,- Máquinas de amolar o pulir
8464900000,- Las demás
8465100000,- Máquinas que efectúen distintas operaciones de mecanizado sin cambio de útil entre dichas operaciones
8465200000,- Centros de mecanizado
8465911000,- - - De control numérico
8465919100,- - - - Circulares
8465919200,- - - - De cinta
8465919900,- - - - Las demás
8465921000,- - - De control numérico
8465929000,- - - Las demás
8465931000,- - - De control numérico
8465939000,- - - Las demás
8465941000,- - - De control numérico
8465949000,- - - Las demás
8465951000,- - - De control numérico
8465959000,- - - Las demás
8465960000,"- - Máquinas de hendir, rebanar o desenrollar"
8465991000,- - - De control numérico
8465999000,- - - Las demás
8466100000,- Portaútiles y dispositivos de roscar de apertura automática
8466200000,- Portapiezas
8466300000,- Divisores y demás dispositivos especiales para ser montados en las máquinas
8466910000,- - Para máquinas de la partida 84.64
8466920000,- - Para máquinas de la partida 84.65
8466930000,- - Para máquinas de las partidas 84.56 a 84.61
8466940000,- - Para máquinas de las partidas 84.62 u 84.63
8467111000,"- - - Taladradoras, perforadoras y similares"
8467112000,"- - - Para poner y quitar tornillos, pernos y tuercas"
8467119000,- - - Las demás
8467191000,- - - Compactadores y apisonadoras
8467192000,- - - Vibradoras de hormigón
8467199000,- - - Las demás
8467210000,"- - Taladros de toda clase, incluidas las perforadoras rotativas"
8467220000,"- - Sierras, incluidas las tronzadoras"
8467290000,- - Las demás
8467810000,"- - Sierras o tronzadoras, de cadena"
8467891000,"- - - Sierras o tronzadoras, excepto de cadena"
8467899000,- - - Las demás
8467910000,"- - De sierras o tronzadoras, de cadena"
8467920000,- - De herramientas neumáticas
8467990000,- - Las demás
8468100000,- Sopletes manuales
8468201000,"- - Para soldar, aunque puedan cortar"
8468209000,- - Las demás
8468800000,- Las demás máquinas y aparatos
8468900000,- Partes
8470100000,"- Calculadoras electrónicas que puedan funcionar sin fuente de energía eléctrica exterior y máquinas de bolsillo registradoras, reproductoras y visualizadoras de datos, con función de cálculo"
8470210000,- - Con dispositivo de impresión incorporado
8470290000,- - Las demás
8470300000,- Las demás máquinas de calcular
8470500000,- Cajas registradoras
8470901000,- - De franquear
8470902000,- - De expedir boletos (tiques)
8470909000,- - Las demás
8471300000,"- Máquinas automáticas para tratamiento o procesamiento de datos, portátiles, de peso inferior o igual a 10 kg, que estén constituidas, al menos, por una unidad central de proceso, un teclado y un visualizador"
8471410000,"- - Que incluyan en la misma envoltura, al menos, una unidad central de proceso y, aunque estén combinadas, una unidad de entrada y una de salida"
8471490000,- - Las demás presentadas en forma de sistemas
8471500000,"- Unidades de proceso, excepto las de las subpartidas 8471.41 u 8471.49, aunque incluyan en la misma envoltura uno o dos de los tipos siguientes de unidades: unidad de memoria, unidad de entrada y unidad de salida"
8471602000,"- - Teclados, dispositivos por coordenadas x-y"
8471609000,- - Las demás
8471700000,- Unidades de memoria
8471800000,- Las demás unidades de máquinas automáticas para tratamiento o procesamiento de datos
8471900000,- Los demás
8472100000,"- Copiadoras, incluidos los mimeógrafos"
8472300000,"- Máquinas de clasificar, plegar, meter en sobres o colocar en fajas, correspondencia, máquinas de abrir, cerrar o precintar correspondencia y máquinas de colocar u obliterar sellos (estampillas)"
8472901000,- - Máquinas de clasificar o contar monedas o billetes de banco
8472902000,- - Distribuidores automáticos de billetes de banco
8472903000,- - Aparatos para autenticar cheques
8472904000,- - Perforadoras o grapadoras
8472905000,- - Cajeros automáticos
8472909000,- - Los demás
8473210000,"- - De máquinas de calcular electrónicas de las subpartidas 8470.10, 8470.21 u 8470.29"
8473290000,- - Los demás
8473300000,- Partes y accesorios de máquinas de la partida 84.71
8473401000,- - De copiadoras
8473409000,- - Los demás
8473500000,- Partes y accesorios que puedan utilizarse indistintamente con máquinas o aparatos de varias de las partidas 84.70 a 84.72
8474101000,- - Cribadoras desmoldeadoras para fundición
8474102000,- - Cribas vibratorias
8474109000,- - Los demás
8474201000,- - Quebrantadores giratorios de conos
8474202000,- - Trituradoras de impacto
8474203000,- - Molinos de anillo
8474209000,- - Los demás
8474311000,- - - Con capacidad máxima de 3 m3
8474319000,- - - Las demás
8474320000,- - Máquinas de mezclar materia mineral con asfalto
8474391000,- - - Especiales para la industria cerámica
8474392000,- - - Mezcladores de arena para fundición
8474399000,- - - Los demás
8474801000,"- - Máquinas y aparatos para aglomerar, formar o moldear pastas cerámicas"
8474802000,- - Formadoras de moldes de arena para fundición
8474803000,- - Para moldear elementos prefabricados de cemento u hormigón
8474809000,- - Los demás
8474900000,- Partes
8475100000,"- Máquinas para montar lámparas, tubos o válvulas eléctricos o electrónicos o lámparas de destello, que tengan envoltura de vidrio"
8475210000,- - Máquinas para fabricar fibras ópticas y sus esbozos
8475290000,- - Las demás
8475900000,- Partes
8476210000,"- - Con dispositivo de calentamiento o refrigeración, incorporado"
8476290000,- - Las demás
8476810000,"- - Con dispositivo de calentamiento o refrigeración, incorporado"
8476890000,- - Las demás
8476900000,- Partes
8477100000,- Máquinas de moldear por inyección
8477200000,- Extrusoras
8477300000,- Máquinas de moldear por soplado
8477400000,- Máquinas de moldear en vacío y demás máquinas para termoformado
8477510000,- - De moldear o recauchutar neumáticos (llantas neumáticas) o moldear o formar cámaras para neumáticos
8477591000,- - - Prensas hidráulicas de moldear por compresión
8477599000,- - - Los demás
8477800000,- Las demás máquinas y aparatos
8477900000,- Partes
8478101000,- - Para la aplicación de filtros en cigarrillos
8478109000,- - Los demás
8478900000,- Partes
8479100000,"- Máquinas y aparatos para obras públicas, la construcción o trabajos análogos"
8479201000,- - Para la extracción
8479209000,- - Los demás
8479300000,"- Prensas para fabricar tableros de partículas, fibra de madera u otras materias leñosas y demás máquinas y aparatos para el tratamiento de la madera o el corcho"
8479400000,- Máquinas de cordelería o cablería
8479500000,"- Robots industriales, no expresados ni comprendidos en otra parte"
8479600000,- Aparatos de evaporación para refrigerar el aire
8479710000,- - De los tipos utilizados en aeropuertos
8479790000,- - Las demás
8479810000,"- - Para el tratamiento del metal, incluidas las bobinadoras de hilos eléctricos"
8479820000,"- - Para mezclar, amasar o sobar, quebrantar, triturar, pulverizar, cribar, tamizar, homogeneizar, emulsionar o agitar"
8479830000,- - Prensas isostáticas en frío
8479891000,- - - Para la industria de jabón
8479892000,- - - Humectadores y deshumectadores (excepto los aparatos de las partidas 84.15 u 84.24)
8479893000,"- - - Engrasadores automáticos de bomba, para máquinas"
8479894000,- - - Para el cuidado y conservación de oleoductos o canalizaciones similares
8479895000,- - - Limpiaparabrisas con motor
8479898000,- - - Prensas
8479899000,- - - Los demás
8479900000,- Partes
8480100000,- Cajas de fundición
8480200000,- Placas de fondo para moldes
8480300000,- Modelos para moldes
8480410000,- - Para el moldeo por inyección o compresión
8480490000,- - Los demás
8480500000,- Moldes para vidrio
8480600000,- Moldes para materia mineral
8480711000,- - - De partes de maquinilla de afeitar
8480719000,- - - Los demás
8480790000,- - Los demás
8481100010,- - De características especiales para riego
8481100090,- - Las demás
8481200010,- - De características especiales para riego
8481200090,- - Las demás
8481300010,- - De características especiales para riego
8481300090,- - Las demás
8481400010,- - De características especiales para riego
8481400090,- - Las demás
8481801000,- - Canillas o grifos para uso doméstico
8481802000,- - Válvulas llamadas «árboles de Navidad»
8481803000,- - Válvulas para neumáticos
8481804000,- - Válvulas esféricas
8481805100,"- - - Para presiones superiores o iguales a 13,8 Mpa"
8481805900,- - - Las demás
8481806000,- - Las demás válvulas de compuerta
8481807000,- - Válvulas de globo de diámetro nominal inferior o igual a 100 mm
8481808000,- - Las demás válvulas solenoides
8481809100,- - - Válvulas dispensadoras
8481809900,- - - Las demás
8481901000,- - Cuerpos para válvulas llamadas «árboles de Navidad»
8481909000,- - Los demás
8482100000,- Rodamientos de bolas
8482200000,"- Rodamientos de rodillos cónicos, incluidos los ensamblajes de conos y rodillos cónicos"
8482300000,- Rodamientos de rodillos en forma de tonel
8482400000,"- Rodamientos de agujas, incluidos los ensamblajes de jaulas y rodillos de agujas"
8482500000,"- Los demás rodamientos de rodillos cilíndricos, incluidos los ensamblajes de jaulas y rodillos"
8482800000,"- Los demás, incluidos los rodamientos combinados"
8482910000,"- - Bolas, rodillos y agujas"
8482990000,- - Las demás
8483101000,- - De motores de aviación
8483109100,- - - Cigüeñales
8483109200,- - - Árboles de levas
8483109300,- - - Árboles flexibles
8483109900,- - - Los demás
8483200000,- Cajas de cojinetes con rodamientos incorporados
8483301000,- - De motores de aviación
8483309000,- - Los demás
8483403000,- - De motores de aviación
8483409100,"- - - Reductores, multiplicadores y variadores de velocidad"
8483409200,"- - - Engranajes y ruedas de fricción, excepto las ruedas dentadas y demás órganos elementales de transmisión presentados aisladamente"
8483409900,- - - Los demás
8483500000,"- Volantes y poleas, incluidos los motones"
8483601000,- - Embragues
8483609000,- - Los demás
8483904000,- - Ruedas dentadas y demás órganos elementales de transmisión presenta­dos aisladamente
8483909000,- - Partes
8484100000,- Juntas metaloplásticas
8484200000,- Juntas mecánicas de estanqueidad
8484900000,- Los demás
8485100000,- Por depósito de metal
8485200000,- Por depósito de plástico o caucho
8485300000,"- Por depósito de yeso, cemento, cerámica o vidrio"
8485800000,- Las demás
8485900000,- Partes
8486100000,- Máquinas y aparatos para la fabricación de semiconductores en forma de monocristales periformes u obleas («wafers»)
8486200000,- Máquinas y aparatos para la fabricación de dispositivos semiconductores o circuitos electrónicos integrados
8486300000,- Máquinas y aparatos para la fabricación de dispositivos de visualización («display») de pantalla plana
8486400000,- Máquinas y aparatos descritos en la Nota 11 C) de este Capítulo
8486900000,- Partes y accesorios
8487100000,- Hélices para barcos y sus paletas
8487901000,- - Engrasadores no automáticos
8487902000,- - Aros de obturación (retenes o retenedores)
8487909000,- - Los demás
8501101000,- - Motores para juguetes
8501102000,- - Motores universales
8501109100,- - - De corriente continua
8501109200,"- - - De corriente alterna, monofásicos"
8501109300,"- - - De corriente alterna, polifásicos"
8501201100,"- - - Con reductores, variadores o multiplicadores de velocidad"
8501201900,- - - Los demás
8501202100,"- - - Con reductores, variadores o multiplicadores de velocidad"
8501202900,- - - Los demás
8501311000,"- - - Motores con reductores, variadores o multiplicadores de velocidad"
8501312000,- - - Los demás motores
8501313000,- - - Generadores de corriente continua
8501321000,"- - - Motores con reductores, variadores o multiplicadores de velocidad"
8501322100,"- - - - De potencia inferior o igual a 7,5 kW"
8501322900,- - - - Los demás
8501324000,- - - Generadores de corriente continua
8501331000,"- - - Motores con reductores, variadores o multiplicadores de velocidad"
8501332000,- - - Los demás motores
8501333000,- - - Generadores de corriente continua
8501341000,"- - - Motores con reductores, variadores o multiplicadores de velocidad"
8501342000,- - - Los demás motores
8501343000,- - - Generadores de corriente continua
8501401100,"- - - Con reductores, variadores o multiplicadores de velocidad"
8501401900,- - - Los demás
8501402100,"- - - Con reductores, variadores o multiplicadores de velocidad"
8501402900,- - - Los demás
8501403100,"- - - Con reductores, variadores o multiplicadores de velocidad"
8501403900,- - - Los demás
8501404100,"- - - Con reductores, variadores o multiplicadores de velocidad"
8501404900,- - - Los demás
8501511000,"- - - Con reductores, variadores o multiplicadores de velocidad"
8501519000,- - - Los demás
8501521000,"- - - De potencia inferior o igual a 7,5 kW"
8501522000,"- - - De potencia superior a 7,5 kW pero inferior o igual a 18,5 kW"
8501523000,"- - - De potencia superior a 18,5 kW pero inferior o igual a 30 kW"
8501524000,- - - De potencia superior a 30 kW pero inferior o igual a 75 kW
8501530000,- - De potencia superior a 75 kW
8501611000,"- - - De potencia inferior o igual a 18,5 kVA"
8501612000,"- - - De potencia superior a 18,5 kVA pero inferior o igual a 30 kVA"
8501619000,- - - Los demás
8501620000,- - De potencia superior a 75 kVA pero inferior o igual a 375 kVA
8501630000,- - De potencia superior a 375 kVA pero inferior o igual a 750 kVA
8501640000,- - De potencia superior a 750 kVA
8501710000,- - De potencia inferior o igual a 50 W
8501720000,- - De potencia superior a 50 W
8501800000,- Generadores fotovoltaicos de corriente alterna
8502111000,- - - De corriente alterna
8502119000,- - - Los demás
8502121000,- - - De corriente alterna
8502129000,- - - Los demás
8502131000,- - - De corriente alterna
8502139000,- - - Los demás
8502201000,- - De corriente alterna
8502209000,- - Los demás
8502310000,- - De energía eólica
8502391000,- - - De corriente alterna
8502399000,- - - Los demás
8502400000,- Convertidores rotativos eléctricos
8503000000,"Partes identificables como destinadas, exclusiva o principalmente, a las máquinas de las partidas 85.01 u 85.02."
8504100000,- Balastos (reactancias) para lámparas o tubos de descarga
8504211100,- - - - De potencia inferior o igual a 1 kVA
8504211900,- - - - Los demás
8504219000,- - - Los demás
8504221000,- - - De potencia superior a 650 kVA pero inferior o igual a 1.000 kVA
8504229000,- - - Los demás
8504230000,- - De potencia superior a 10.000 kVA
8504311000,"- - - De potencia inferior o igual 0,1 kVA"
8504319000,- - - Los demás
8504321000,- - - De potencia superior a 1 kVA pero inferior o igual a 10 kVA
8504329000,- - - Los demás
8504330000,- - De potencia superior a 16 kVA pero inferior o igual a 500 kVA
8504341000,- - - De potencia inferior o igual a 1.600 kVA
8504342000,- - - De potencia superior a 1.600 kVA pero inferior o igual a 10.000 kVA
8504343000,- - - De potencia superior a 10.000 kVA
8504401000,- - Unidades de alimentación estabilizada («UPS»)
8504402000,- - Arrancadores electrónicos
8504409000,- - Los demás
8504501000,- - Para tensión de servicio inferior o igual a 260 V y para corrientes nominales inferiores o iguales a 30 A
8504509000,- - Las demás
8504900000,- Partes
8505110000,- - De metal
8505191000,- - - Burletes magnéticos de caucho o plástico
8505199000,- - - Los demás
8505200000,"- Acoplamientos, embragues, variadores de velocidad y frenos, electromagnéticos"
8505901000,- - Electroimanes
8505902000,"- - Platos, mandriles y dispositivos similares de sujeción"
8505903000,- - Cabezas elevadoras electromagnéticas
8505909000,- - Partes
8506101100,- - - Cilíndricas
8506101200,- - - De «botón»
8506101900,- - - Las demás
8506109100,- - - Cilíndricas
8506109200,- - - De «botón»
8506109900,- - - Las demás
8506301000,- - Cilíndricas
8506302000,- - De «botón»
8506309000,- - Las demás
8506401000,- - Cilíndricas
8506402000,- - De «botón»
8506409000,- - Las demás
8506501000,- - Cilíndricas
8506502000,- - De «botón»
8506509000,- - Las demás
8506601000,- - Cilíndricas
8506602000,- - De «botón»
8506609000,- - Las demás
8506801000,- - Cilíndricas
8506802000,- - De «botón»
8506809000,- - Las demás
8506900000,- Partes
8507100000,"- De plomo, de los tipos utilizados para arranque de motores de émbolo (pistón)"
8507200000,- Los demás acumuladores de plomo
8507300000,- De níquel-cadmio
8507500000,- De níquel-hidruro metálico
8507600000,- De iones de litio
8507800010,- - De niquel-hierro
8507800090,- - Los demás
8507901000,- - Cajas y tapas
8507902000,- - Separadores
8507903000,- - Placas
8507909000,- - Las demás
8508110000,- - De potencia inferior o igual a 1.500 W y de capacidad del depósito o bolsa para el polvo inferior o igual a 20 l
8508190000,- - Las demás
8508600000,- Las demás aspiradoras
8508700000,- Partes
8509401000,- - Licuadoras
8509409000,- - Los demás
8509801000,- - Enceradoras (lustradoras) de pisos
8509802000,- - Trituradoras de desperdicios de cocina
8509809000,- - Los demás
8509900000,- Partes
8510100000,- Afeitadoras
8510201000,- - De cortar el pelo
8510202000,- - De esquilar
8510300000,- Aparatos de depilar
8510901000,"- - Cabezas, peines, contrapeines, hojas y cuchillas para estas máquinas"
8510909000,- - Las demás
8511101000,- - De motores de aviación
8511109000,- - Las demás
8511201000,- - De motores de aviación
8511209000,- - Los demás
8511301000,- - De motores de aviación
8511309100,- - - Distribuidores
8511309200,- - - Bobinas de encendido
8511401000,- - De motores de aviación
8511409000,- - Los demás
8511501000,- - De motores de aviación
8511509000,- - Los demás
8511801000,- - De motores de aviación
8511809000,- - Los demás
8511901000,- - De aparatos y dispositivos de motores de aviación
8511902100,- - - Platinos
8511902900,- - - Las demás
8511903000,"- - De bujías, excepto para motores de aviación"
8511909000,- - Las demás
8512100000,- Aparatos de alumbrado o señalización visual de los tipos utilizados en bicicletas
8512201000,- - Faros de carretera (excepto faros «sellados» de la subpartida 8539.10.00)
8512209000,- - Los demás
8512301000,- - Bocinas
8512309000,- - Los demás
8512400000,- Limpiaparabrisas y eliminadores de escarcha o vaho
8512901000,- - Brazos y cuchillas para limpiaparabrisas de vehículos automóviles y velocípedos
8512909000,- - Los demás
8513101000,- - De seguridad
8513109000,- - Las demás
8513900000,- Partes
8514110000,- - Prensas isostáticas en caliente
8514190000,- - Los demás
8514200000,- Hornos que funcionen por inducción o pérdidas dieléctricas
8514310000,- - Hornos de haces de electrones
8514320000,- - Hornos de plasma y hornos de arco al vacío
8514390000,- - Los demás
8514400000,- Los demás aparatos para tratamiento térmico de materias por inducción o pérdidas dieléctricas
8514900000,- Partes
8515110000,- - Soldadores y pistolas para soldar
8515190000,- - Los demás
8515210000,- - Total o parcialmente automáticos
8515290000,- - Los demás
8515310000,- - Total o parcialmente automáticos
8515390000,- - Los demás
8515801000,- - Por ultrasonido
8515809000,- - Los demás
8515900000,- Partes
8516100000,- Calentadores eléctricos de agua de calentamiento instantáneo o acumulación y calentadores eléctricos de inmersión
8516210000,- - Radiadores de acumulación
8516291000,- - - Estufas
8516299000,- - - Los demás
8516310000,- - Secadores para el cabello
8516320000,- - Los demás aparatos para el cuidado del cabello
8516330000,- - Aparatos para secar las manos
8516400000,- Planchas eléctricas
8516500000,- Hornos de microondas
8516601000,- - Hornos
8516602000,- - Cocinas
8516603000,"- - Hornillos, parrillas y asadores"
8516710000,- - Aparatos para la preparación de café o té
8516720000,- - Tostadoras de pan
8516790000,- - Los demás
8516800000,- Resistencias calentadoras
8516900000,- Partes
8517110000,- - Teléfonos de auricular inalámbrico combinado con micrófono
8517130000,- - Teléfonos inteligentes
8517140000,- - Los demás teléfonos móviles (celulares) y los de otras redes
8517180000,- - Los demás
8517610000,- - Estaciones base
8517621000,"- - - Aparatos de conmutación para telefonía o telegrafía, automáticos"
8517622000,- - - Aparatos de telecomunicación por corriente portadora o telecomunicación digital
8517629000,- - - Los demás
8517691000,- - - Videófonos
8517692000,"- - - Aparatos emisores o receptores, de radiotelefonía o radiotelegrafía"
8517699000,- - - Los demás
8517710000,- - Antenas y reflectores de antena de cualquier tipo; partes identificables para ser utilizadas con dichos artículos
8517790000,- - Las demás
8518100000,- Micrófonos y sus soportes
8518210000,- - Un altavoz (altoparlante) montado en su caja
8518220000,- - Varios altavoces (altoparlantes) montados en una misma caja
8518290000,- - Los demás
8518300000,"- Auriculares, incluidos los de casco, estén o no combinados con micrófono, y juegos o conjuntos constituidos por un micrófono y uno o varios altavoces (altoparlantes)"
8518400000,- Amplificadores eléctricos de audiofrecuencia
8518500000,- Equipos eléctricos para amplificación de sonido
8518901000,"- - Conos, diafragmas, yugos"
8518909000,- - Las demás
8519200000,"- Aparatos activados con monedas, billetes, tarjetas, fichas o cualquier otro medio de pago"
8519301000,- - Con cambiador automático de discos
8519309000,- - Los demás
8519811000,- - - Reproductores de casetes (tocacasetes)
8519812000,- - - Reproductores por sistema de lectura óptica
8519819000,- - - Los demás
8519891000,- - - Tocadiscos
8519899000,- - - Los demás
8521100000,- De cinta magnética
8521901000,- - Del tipo de las utilizadas para grabación en discos compactos
8521909000,- - Los demás
8522100000,- Cápsulas fonocaptoras
8522902000,- - Muebles o cajas
8522903000,"- - Puntas de zafiro o de diamante, sin montar"
8522904000,- - Mecanismo reproductor por sistema de lectura óptica
8522905000,- - Mecanismo reproductor de casetes
8522909000,- - Los demás
8523210000,- - Tarjetas con banda magnética incorporada
8523291000,- - - Discos magnéticos
8523292100,- - - - De anchura inferior o igual a 4 mm
8523292200,"- - - - De anchura superior a 4 mm pero inferior o igual a 6,5 mm"
8523292300,"- - - - De anchura superior a 6,5 mm"
8523293110,- - - - - Para reproducir fenómenos distintos del sonido o imagen
8523293190,- - - - - Los demás
8523293210,- - - - - Para reproducir fenómenos distintos del sonido o imagen
8523293290,- - - - - Los demás
8523293310,- - - - - Para reproducir fenómenos distintos del sonido o imagen
8523293390,- - - - - Los demás
8523299000,- - - Los demás
8523410000,- - Sin grabar
8523491000,- - - Para reproducir sonido
8523492000,- - - Para reproducir imagen o imagen y sonido
8523499000,- - - Los demás
8523510000,- - Dispositivos de almacenamiento permanente de datos a base de  semiconductores
8523520000,- - Tarjetas inteligentes («smart cards»)
8523591000,- - - Tarjetas y etiquetas de activación por proximidad
8523599000,- - - Los demás
8523801000,"- - Discos («ceras» vírgenes y «flanes»), cintas, películas y demás moldes o matrices preparados"
8523802100,- - -   De enseñanza
8523802910,- - - - Sin grabar
8523802920,- - - - Grabados
8523803000,- - Para reproducir fenómenos distintos del sonido o imagen
8523809000,- - Los demás
8524110010,"- - - De aparatos de las partidas 85.08, 85.09, 85.10, 85.16, 85.18, 90.06, 90.21, 95.03, 95.04, 95.05, y 95.06"
8524110090,- - -  Los demás
8524120010,"- - - De aparatos de las partidas 85.08, 85.09, 85.10, 85.16, 85.18, 90.06, 90.21, 95.03, 95.04, 95.05, y 95.06"
8524120090,- - -  Los demás
8524190010,"- - - De aparatos de las partidas 85.08, 85.09, 85.10, 85.16, 85.18, 90.06, 90.21, 95.03, 95.04, 95.05, y 95.06"
8524190090,- - -  Los demás
8524910010,"- - - De aparatos de las partidas 85.08, 85.09, 85.10, 85.16, 85.18, 90.06, 90.21, 95.03, 95.04, 95.05, y 95.06"
8524910090,- - -  Los demás
8524920010,"- - - De aparatos de las partidas 85.08, 85.09, 85.10, 85.16, 85.18, 90.06, 90.21, 95.03, 95.04, 95.05, y 95.06"
8524920090,- - -  Los demás
8524990010,"- - - De aparatos de las partidas 85.08, 85.09, 85.10, 85.16, 85.18, 90.06, 90.21, 95.03, 95.04, 95.05, y 95.06"
8524990090,- - -  Los demás
8525501000,- - De radiodifusión
8525502000,- - De televisión
8525601000,- - De radiodifusión
8525602000,- - De televisión
8525810000,"- - Ultrarrápidas, especificadas en la Nota 1 de subpartida de este Capítulo"
8525820000,"- - Las demás, resistentes a radiaciones, especificadas en la Nota 2 de subpartida de este Capítulo"
8525830000,"- - Las demás, de visión nocturna, especificadas en la Nota 3 de subpartida de este Capítulo"
8525890000,- - Las demás
8526100000,- Aparatos de radar
8526910000,- - Aparatos de radionavegación
8526920000,- - Aparatos de radiotelemando
8527120000,- - Radiocasetes de bolsillo
8527130000,- - Los demás aparatos combinados con grabador o reproductor de sonido
8527190000,- - Los demás
8527210000,- - Combinados con grabador o reproductor de sonido
8527290000,- - Los demás
8527910000,- - Combinados con grabador o reproductor de sonido
8527920000,"- - Sin combinar con grabador o reproductor de sonido, pero combinados con reloj"
8527990000,- - Los demás
8528420000,- - Aptos para ser conectados directamente y diseñados para ser utilizados con una máquina automática para tratamiento o procesamiento de datos de la partida 84.71
8528490000,- - Los demás
8528520000,- - Aptos para ser conectados directamente y diseñados para ser utilizados con una máquina automática para tratamiento o procesamiento de datos de la partida 84.71
8528590000,- - Los demás
8528620000,- - Aptos para ser conectados directamente y diseñados para ser utilizados con una máquina automática para tratamiento o procesamiento de datos de la partida 84.71
8528690000,- - Los demás
8528710000,- - No diseñados para incorporar un dispositivo de visualización («display») o pantalla de vídeo
8528720000,"- - Los demás, en colores"
8528730000,"- - Los demás, monocromos"
8529101000,- - Antenas de ferrita
8529102000,- - Antenas parabólicas
8529109000,- - Los demás; partes
8529901000,- - Muebles o cajas
8529902000,- - Tarjetas con componentes impresos o de superficie
8529909010,"- - - Partes de módulos de visualización («display») de pantallas planas de aparatos de las partidas 85.08, 85.09, 85.10, 85.16, 85.18, 90.06, 90.21 , 95.03, 95.04, 95.05, y 95.06"
8529909090,- - - Los demás
8530100000,- Aparatos para vías férreas o similares
8530801000,- - Semáforos y sus cajas de control
8530809000,- - Los demás
8530900000,- Partes
8531100000,- Avisadores eléctricos de protección contra robo o incendio y aparatos similares
8531200000,"- Tableros indicadores con dispositivos de cristal líquido (LCD) o diodos emisores de luz (LED), incorporados"
8531800000,- Los demás aparatos
8531900000,- Partes
8532100000,"- Condensadores fijos diseñados para redes eléctricas de 50/60 Hz, para una potencia reactiva superior o igual a 0,5 kvar (condensadores de potencia)"
8532210000,- - De tantalio
8532220000,- - Electrolíticos de aluminio
8532230000,- - Con dieléctrico de cerámica de una sola capa
8532240000,"- - Con dieléctrico de cerámica, multicapas"
8532250000,- - Con dieléctrico de papel o plástico
8532290000,- - Los demás
8532300000,- Condensadores variables o ajustables
8532900000,- Partes
8533100000,"- Resistencias fijas de carbono, aglomeradas o de capa"
8533210000,- - De potencia inferior o igual a 20 W
8533290000,- - Las demás
8533311000,- - - Reóstatos para una tensión inferior o igual a 260 V e intensidad inferior o igual a 30 A
8533312000,- - - Potenciómetros
8533319000,- - - Los demás
8533391000,- - - Reóstatos para una tensión inferior o igual a 260 V e intensidad inferior o igual a 30 A
8533392000,- - - Los demás reóstatos
8533393000,- - - Potenciómetros
8533399000,- - - Los demás
8533401000,- - Reóstatos para una tensión inferior o igual a 260 V e intensidad inferior o igual a 30 A
8533402000,- - Los demás reóstatos
8533403000,- - Potenciómetros de carbón
8533404000,- - Los demás potenciómetros
8533409000,- - Las demás
8533900000,- Partes
8534000000,Circuitos impresos.
8535100000,- Fusibles y cortacircuitos de fusible
8535210000,"- - Para una tensión inferior a 72,5 kV"
8535290000,- - Los demás
8535300000,- Seccionadores e interruptores
8535401000,- - Pararrayos y limitadores de tensión
8535402000,- - Supresores de sobretensión transitoria («Amortiguadores de onda»)
8535901000,- - Conmutadores
8535909000,- - Los demás
8536101000,- - Fusibles para vehículos del Capítulo 87
8536102000,- - Los demás para una tensión inferior o igual a 260 V e intensidad inferior o igual a 30 A
8536109000,- - Los demás
8536202000,- - Para una tensión inferior o igual a 260 V e intensidad inferior o igual a 100 A
8536209000,- - Los demás
8536301100,"- - - Descargadores con electrodos en atmósfera gaseosa, para proteger líneas telefónicas"
8536301900,- - - Los demás
8536309000,- - Los demás
8536411000,- - - Para corriente nominal inferior o igual a 30 A
8536419000,- - - Los demás
8536491100,- - - - Contactores
8536491900,- - - - Los demás
8536499000,- - - Los demás
8536501100,- - - Para vehículos del Capítulo 87
8536501900,- - - Los demás
8536509000,- - Los demás
8536610000,- - Portalámparas
8536690000,- - Los demás
8536700000,"- Conectores de fibras ópticas, haces o cables de fibras ópticas"
8536901000,- - Aparatos de empalme o conexión para una tensión inferior o igual a 260 V e intensidad inferior o igual a 30 A
8536902000,- - Terminales para una tensión inferior o igual a 24 V
8536909000,- - Los demás
8537101000,- - Controladores lógicos programables (PLC)
8537109000,- - Los demás
8537200000,- Para una tensión superior a 1.000 V
8538100000,"- Cuadros, paneles, consolas, armarios y demás soportes de la partida 85.37, sin sus aparatos"
8538900000,- Las demás
8539100000,- Faros o unidades «sellados»
8539210000,"- - Halógenos, de volframio (tungsteno)"
8539221000,- - - Tipo miniatura
8539229000,- - - Los demás
8539291000,"- - - Para aparatos de alumbrado de carretera o señalización visual de la partida 85.12, excepto las de interior de velocípedos y vehículos automóviles"
8539292000,- - - Tipo miniatura
8539299010,- - - - Para lámparas de luz sin sombra o «escialíticas»
8539299090,- - - - Los demás
8539311000,- - - Tubulares rectos
8539312000,- - - Tubulares circulares
8539313000,- - - Compactos integrados y no integrados (lámparas compactas  fluorescentes)
8539319000,- - - Los demás
8539320000,- - Lámparas de vapor de mercurio o sodio; lámparas de halogenuro metálico
8539392000,- - - Para la producción de luz relámpago
8539399000,- - - Los demás
8539410000,- - Lámparas de arco
8539490000,- - Los demás
8539510010,"- - - De luminarias y aparatos de alumbrado de las subpartidas  9405.11, 9405.21 y 9405.31, excepto para lámparas de salas de cirugía u odontología (de luz sin sombra o «escialíticas»)"
8539510090,- - - Los demás
8539520000,- - Lámparas y tubos de diodos emisores de luz (LED)
8539901000,- - Casquillos de rosca
8539909010,- - - De módulos de diodos emisores de luz (LED) de la subpartida 8539.51.00.10
8539909020,- - - De los demás módulos De diodos emisores De luz (LED)
8539909030,- - - De lámparas y tubos de diodos emisores de luz (LED)
8539909090,- - - Las demás
8540110000,- - En colores
8540120000,- - Monocromos
8540200000,- Tubos para cámaras de televisión; tubos convertidores o intensificadores de imagen; los demás tubos de fotocátodo
8540400000,"- Tubos para visualizar datos gráficos monocromos; tubos para visualizar datos gráficos en colores, con pantalla fosfórica de separación de puntos inferior a 0,4 mm"
8540600000,- Los demás tubos de rayos catódicos
8540710000,- - Magnetrones
8540790000,- - Los demás
8540810000,- - Tubos receptores o amplificadores
8540890000,- - Los demás
8540910000,- - De tubos de rayos catódicos
8540990000,- - Las demás
8541100000,"- Diodos, excepto los fotodiodos y los diodos emisores de luz (LED)"
8541210000,- - Con una capacidad de disipación inferior a 1 W
8541290000,- - Los demás
8541300000,"- Tiristores, diacs y triacs, excepto los dispositivos fotosensibles"
8541410000,- - Diodos emisores de luz (LED)
8541420000,- - Células fotovoltaicas sin ensamblar en módulos ni paneles
8541430000,- - Células fotovoltaicas ensambladas en módulos o paneles
8541490000,- - Los demás
8541510010,"- - - De aparatos de las partidas 85.18, 90.25, 93.05, 93.06 y 95.04"
8541510090,- - - Los demás
8541590010,"- - - De aparatos de las partidas 85.18, 90.25, 93.05, 93.06 y 95.04"
8541590090,- - - Los demás
8541600000,- Cristales piezoeléctricos montados
8541900000,- Partes
8542310000,"- - Procesadores y controladores, incluso combinados con memorias, convertidores, circuitos lógicos, amplificadores, relojes y circuitos de sincronización, u otros circuitos"
8542320000,- - Memorias
8542330000,- - Amplificadores
8542390000,- - Los demás
8542900000,- Partes
8543100000,- Aceleradores de partículas
8543200000,- Generadores de señales
8543300000,"- Máquinas y aparatos de galvanoplastia, electrólisis o electroforesis"
8543400000,- Cigarrillos electrónicos y dispositivos personales de vaporización eléctricos similares
8543701000,- - Electrificadores de cercas
8543702000,- - Detectores de metales
8543703000,- - Mando a distancia (control remoto)
8543709000,- - Las demás
8543900000,- Partes
8544110000,- - De cobre
8544190000,- - Los demás
8544200000,"- Cables y demás conductores eléctricos, coaxiales"
8544300000,- Juegos de cables para bujías de encendido y demás juegos de cables de los tipos utilizados en los medios de transporte
8544421000,- - - De telecomunicación
8544422000,"- - - Los demás, de cobre"
8544429000,- - - Los demás
8544491010,- - - - Para una tensión inferior o igual a 80 V
8544491090,- - - - Los demás
8544499010,- - - - Para una tensión inferior o igual a 80 V
8544499090,- - - - Los demás
8544601000,- - De cobre
8544609000,- - Los demás
8544700000,- Cables de fibras ópticas
8545110000,- - De los tipos utilizados en hornos
8545190000,- - Los demás
8545200000,- Escobillas
8545902000,- - Carbones para pilas
8545909000,- - Los demás
8546100000,- De vidrio
8546200000,- De cerámica
8546901000,- - De silicona
8546909000,- - Los demás
8547101000,- - Cuerpos de bujías
8547109000,- - Las demás
8547200000,- Piezas aislantes de plástico
8547901000,"- - Tubos y sus piezas de unión, de metales comunes, aislados interiormente"
8547909000,- - Los demás
8548000000,"Partes eléctricas de máquinas o aparatos, no expresadas ni comprendidas en otra parte de este Capítulo."
8549110000,- - Desperdicios y desechos de acumuladores de plomo y ácido; acumuladores de plomo y ácido inservibles
8549120000,"- - Los demás, que contengan plomo, cadmio o mercurio"
8549130000,"- - Clasificados por tipo de componente químico, que no contengan plomo, cadmio o mercurio"
8549140000,"- - Sin clasificar, que no contengan plomo, cadmio o mercurio"
8549190000,- - Los demás
8549210000,"- - Que contengan pilas, baterías de pilas, acumuladores eléctricos, interruptores de mercurio, vidrio de tubos de rayos catódicos u otros vidrios activados, o componentes eléctricos o electrónicos que contengan cadmio, mercurio, plomo o bifenilos policlorados (PCB)"
8549290000,- - Los demás
8549310000,"- - Que contengan pilas, baterías de pilas, acumuladores eléctricos, interruptores de mercurio, vidrio de tubos de rayos catódicos u otros vidrios activados, o componentes eléctricos o electrónicos que contengan cadmio, mercurio, plomo o bifenilos policlorados (PCB)"
8549390000,- - Los demás
8549910000,"- - Que contengan pilas, baterías de pilas, acumuladores eléctricos, interruptores de mercurio, vidrio de tubos de rayos catódicos u otros vidrios activados, o componentes eléctricos o electrónicos que contengan cadmio, mercurio, plomo o bifenilos policlorados (PCB)"
8549990000,- - Los demás
8601100000,- De fuente externa de electricidad
8601200000,- De acumuladores eléctricos
8602100000,- Locomotoras diésel-eléctricas
8602900000,- Los demás
8603100000,- De fuente externa de electricidad
8603900000,- Los demás
8604001000,- Autopropulsados
8604009000,- Los demás
8605000000,"Coches de viajeros, furgones de equipajes, coches correo y demás coches especiales, para vías férreas o similares (excepto los coches de la partida 86.04)."
8606100000,- Vagones cisterna y similares
8606300000,"- Vagones de descarga automática, excepto los de la subpartida 8606.10"
8606910000,- - Cubiertos y cerrados
8606920000,"- - Abiertos, con pared fija de altura superior a 60 cm"
8606990000,- - Los demás
8607110000,"- - Bojes y «bissels», de tracción"
8607120000,- - Los demás bojes y «bissels»
8607190000,"- - Los demás, incluidas las partes"
8607210000,- - Frenos de aire comprimido y sus partes
8607290000,- - Los demás
8607300000,"- Ganchos y demás sistemas de enganche, topes, y sus partes"
8607910000,- - De locomotoras o locotractores
8607990000,- - Las demás
8608000000,"Material fijo de vías férreas o similares; aparatos mecánicos (incluso electromecánicos) de señalización, seguridad, control o mando para vías férreas o similares, carreteras o vías fluviales, áreas o parques de estacionamiento, instalaciones portuarias o aeropuertos; sus partes."
8609000000,Contenedores (incluidos los contenedores cisterna y los contenedores depósito) especialmente diseñados y equipados para uno o varios medios de transporte.
8701100000,- Tractores de un solo eje
8701210000,"- - Únicamente con motor de émbolo (pistón), de encendido por compresión (diésel o semi-diésel)"
8701220000,"- - Equipados para la propulsión con motor de émbolo (pistón), de encendido por compresión (diésel o semi-diésel) y con motor eléctrico"
8701230000,"- - Equipados para la propulsión con motor de émbolo (pistón), de encendido por chispa y con motor eléctrico"
8701240000,- - Únicamente propulsados con motor eléctrico
8701290000,- - Los demás
8701300000,- Tractores de orugas
8701910000,- - Inferior o igual a 18 kW
8701920000,- - Superior a 18 kW pero inferior o igual a 37 kW
8701930000,- - Superior a 37 kW pero inferior o igual a 75 kW
8701940000,- - Superior a 75 kW pero inferior o igual a 130 kW
8701950000,- - Superior a 130 kW
8702101000,"- - Para el transporte de un máximo de 16 personas, incluido el conductor"
8702109000,- - Los demás
8702201000,"- - Para el transporte de un máximo de 16 personas, incluído el conductor"
8702209000,- - Los demás
8702301000,"- - Para el transporte de un máximo de 16 personas, incluído el conductor"
8702309000,- - Los demás
8702401000,- - Trolebuses
8702409000,- - Los demás
8702902010,"- - - Únicamente con motor de émbolo (pistón), de encendido por chispa"
8702902090,- - - Los demás
8702909010,"- - - Únicamente con motor de émbolo o pistón alternativo, de encendido por chispa"
8702909090,- - - Los demás
8703100000,- Vehículos especialmente diseñados para desplazarse sobre nieve; vehículos especiales para transporte de personas en campos de golf y vehículos similares
8703210010,- - - Ensamblados
8703210090,- - - Los demás
8703221000,- - - Con tracción en las cuatro ruedas
8703229010,"- - - - Coches ambulancias, celulares y mortuorios"
8703229020,- - - - Los demás ensamblados
8703229090,- - - - Los demás
8703231000,- - - Con tracción en las cuatro ruedas
8703239010,"- - - - Coches ambulancias, celulares y mortuorios"
8703239020,- - - - Los demás ensamblados
8703239090,- - - - Los demás
8703241000,- - - Con tracción en las cuatro ruedas
8703249010,"- - - - Coches ambulancias, celulares y mortuorios"
8703249020,- - - - Los demás ensamblados
8703249090,- - - - Los demás
8703311000,- - - Con tracción en las cuatro ruedas
8703319010,"- - - - Coches ambulancias, celulares y mortuorios"
8703319020,- - - - Los demás ensamblados
8703319090,- - - - Los demás
8703321000,- - - Con tracción en las cuatro ruedas
8703329010,"- - - - Coches ambulancias, celulares y mortuorios"
8703329020,- - - - Los demás ensamblados
8703329090,- - - - Los demás
8703331000,- - - Con tracción en las cuatro ruedas
8703339010,"- - - - Coches ambulancias, celulares y mortuorios"
8703339020,- - - - Los demás ensamblados
8703339090,- - - - Los demás
8703401000,- - Con tracción en las cuatro ruedas
8703409010,"- - - Coches ambulancias, celulares y mortuorios"
8703409020,- - - Los demás ensamblados
8703409090,- - - Los demás
8703501000,- - Con tracción en las cuatro ruedas
8703509010,"- - - Coches ambulancias, celulares y mortuorios"
8703509020,- - - Los demás ensamblados
8703509090,- - - Los demás
8703601000,- - Con tracción en las cuatro ruedas
8703609010,"- - - Coches ambulancias, celulares y mortuorios"
8703609020,- - - Los demás ensamblados
8703609090,- - - Los demás
8703701000,- - Con tracción en las cuatro ruedas
8703709010,"- - - Coches ambulancias, celulares y mortuorios"
8703709020,- - - Los demás ensamblados
8703709090,- - - Los demás
8703801000,- - Con tracción en las cuatro ruedas
8703809010,"- - - Coches ambulancias, celulares y mortuorios"
8703809020,- - - Los demás ensamblados
8703809090,- - - Los demás
8703900010,"- - Coches ambulancias, celulares y mortuorios"
8703900020,- - Los demás ensamblados
8703900090,- - Los demás
8704100000,- Volquetes automotores diseñados para utilizarlos fuera de la red de carreteras
8704211010,- - - - Camionetas pick-up ensambladas
8704211090,- - - - Los demás
8704219000,- - - Los demás
8704221000,"- - - Inferior o igual a 6,2 t"
8704222000,"- - - Superior a 6,2 t, pero inferior o igual a 9,3 t"
8704229000,"- - - Superior a 9,3 t"
8704230000,- - De peso total con carga máxima superior a 20 t
8704311010,- - - - Camionetas pick-up ensambladas
8704311090,- - - - Los demás
8704319000,- - - Los demás
8704321000,"- - - Inferior o igual a 6,2 t"
8704322000,"- - - Superior a 6,2 t, pero inferior o igual a 9,3 t"
8704329000,"- - - Superior a 9,3 t"
8704411000,"- - - De peso total con carga máxima inferior a 4,537 t"
8704419000,- - - Los demás
8704420000,- - De peso total con carga máxima superior a 5 t pero inferior o igual a 20 t
8704430000,- - De peso total con carga máxima superior a 20 t
8704511000,"- - - De peso total con carga máxima inferior a 4,537 t"
8704519000,- - - Los demás
8704520000,- - De peso total con carga máxima superior a 5 t
8704601000,"- - De peso total con carga máxima inferior a 4,537 t"
8704609000,- - Los demás
8704901000,"- - De peso total con carga máxima inferior a 4,537 t"
8704909000,- - Los demás
8705100000,- Camiones grúa
8705200000,- Camiones automóviles para sondeo o perforación
8705300000,- Camiones de bomberos
8705400000,- Camiones hormigonera
8705901100,- - - Coches barredera
8705901900,- - - Los demás
8705902000,- - Coches radiológicos
8705909000,- - Los demás
8706001000,- De vehículos de la partida 87.03
8706002100,"- - De peso total con carga máxima inferior a 4,537 t"
8706002900,- - Los demás
8706009100,"- - De vehículos de peso total con carga máxima superior a 5 t pero inferior o igual a 6,2 t"
8706009200,"- - De vehículos de peso total con carga máxima superior a 6,2 t"
8706009900,- - Los demás
8707100000,- De vehículos de la partida 87.03
8707901000,- - De vehículos de la partida 87.02
8707909000,- - Las demás
8708100000,"- Parachoques (paragolpes, defensas) y sus partes"
8708210000,- - Cinturones de seguridad
8708220000,"- - Parabrisas, vidrios traseros (lunetas) y demás ventanillas especificados en la Nota 1 de subpartida de este Capítulo"
8708291000,- - - Techos (capotas)
8708292000,"- - - Guardafangos, cubiertas de motor, flancos, puertas, y sus partes"
8708293000,"- - - Rejillas delanteras (persianas, parrillas)"
8708294000,- - - Tableros de instrumentos (salpicaderos)
8708299000,- - - Los demás
8708301000,- - Guarniciones de frenos montadas
8708302100,- - - Tambores
8708302200,- - - Sistemas neumáticos
8708302300,- - - Sistemas hidráulicos
8708302400,- - - Servofrenos
8708302500,- - - Discos
8708302900,- - - Las demás partes
8708401000,- - Cajas de cambio
8708409000,- - Partes
8708501100,- - - Ejes con diferencial
8708501900,- - - Partes
8708502100,- - - Ejes portadores
8708502900,- - - Partes
8708701000,- - Ruedas y sus partes
8708702000,"- - Embellecedores de ruedas (tapacubos, copas, vasos) y demás accesorios"
8708801000,- - Rótulas y sus partes
8708802000,- - Amortiguadores y sus partes
8708809000,- - Los demás
8708910000,- - Radiadores y sus partes
8708920000,- - Silenciadores y tubos (caños) de escape; sus partes
8708931000,- - - Embragues
8708939100,- - - - Platos (prensas) y discos
8708939900,- - - - Las demás
8708940000,"- - Volantes, columnas y cajas de dirección; sus partes"
8708950000,- - Bolsas inflables de seguridad con sistema de inflado (airbag); sus partes
8708991100,- - - - Bastidores de chasis
8708991900,- - - - Partes
8708992100,- - - - Transmisiones cardánicas
8708992900,- - - - Partes
8708993100,- - - - Sistemas mecánicos
8708993200,- - - - Sistemas hidráulicos
8708993300,- - - - Terminales
8708993900,- - - - Las demás partes
8708994000,- - - Trenes de rodamiento de oruga y sus partes
8708995000,- - - Tanques para carburante
8708999600,- - - - Cargador y sensor de bloqueo para cinturones de seguridad
8708999900,- - - - Los demás
8709110000,- - Eléctricas
8709190000,- - Las demás
8709900000,- Partes
8710000000,"Tanques y demás vehículos automóviles blindados de combate, incluso con su armamento; sus partes."
8711100000,- Con motor de émbolo (pistón) de cilindrada inferior o igual a 50 cm3
8711200000,- Con motor de émbolo (pistón) de cilindrada superior a 50 cm3 pero inferior o igual a 250 cm3
8711300000,- Con motor de émbolo (pistón) de cilindrada superior a 250 cm3 pero inferior o igual a 500 cm3
8711400000,- Con motor de émbolo (pistón) de cilindrada superior a 500 cm3 pero inferior o igual a 800 cm3
8711500000,- Con motor de émbolo (pistón) de cilindrada superior a 800 cm3
8711600010,- - Bicicletas con Sistema de Pedaleo Asistido (SPA)
8711600090,- - Los demás
8711900000,- Los demás
8712000000,"Bicicletas y demás velocípedos (incluidos los triciclos de reparto), sin motor."
8713100000,- Sin mecanismo de propulsión
8713900000,- Los demás
8714101000,- - Sillines (asientos)
8714109000,- - Los demás
8714200000,- De sillones de ruedas y demás vehículos para inválidos
8714910000,"- - Cuadros y horquillas, y sus partes"
8714921000,- - - Llantas (aros)
8714929000,- - - Radios
8714930000,- - Bujes sin freno y piñones libres
8714940000,"- - Frenos, incluidos los bujes con freno, y sus partes"
8714950000,- - Sillines (asientos)
8714960000,"- - Pedales y mecanismos de pedal, y sus partes"
8714990000,- - Los demás
8715001000,"- Coches, sillas y vehículos similares"
8715009000,- Partes
8716100000,"- Remolques y semirremolques para vivienda o acampar, del tipo caravana"
8716200000,"- Remolques y semirremolques, autocargadores o autodescargadores, para uso agrícola"
8716310000,- - Cisternas
8716390000,- - Los demás
8716400000,- Los demás remolques y semirremolques
8716801000,- - Carretillas de mano
8716809000,- - Los demás
8716900000,- Partes
8801000010,- Planeadores y alas planeadoras
8801000090,- Los demás
8802110000,- - De peso en vacío inferior o igual a 2.000 kg
8802120000,- - De peso en vacío superior a 2.000 kg
8802201000,"- - Aviones de peso máximo de despegue inferior o igual a 5.700 kg, excepto los diseñados específicamente para uso militar"
8802209000,- - Los demás
8802301000,"- - Aviones de peso máximo de despegue inferior o igual a 5.700 kg, excepto los diseñados específicamente para uso militar"
8802309000,- - Los demás
8802400000,"- Aviones y demás aeronaves, de peso en vacío superior a 15.000 kg"
8802600000,- Vehículos espaciales (incluidos los satélites) y sus vehículos de lanzamiento y vehículos suborbitales
8804000000,"Paracaídas, incluidos los dirigibles, planeadores (parapentes) o de aspas giratorias; sus partes y accesorios."
8805100000,"- Aparatos y dispositivos para lanzamiento de aeronaves y sus partes; aparatos y dispositivos para aterrizaje en portaaviones y aparatos y dispositivos similares, y sus partes"
8805210000,- - Simuladores de combate aéreo y sus partes
8805290000,- - Los demás
8806100000,- Diseñadas para el transporte de pasajeros
8806210000,- - Con un peso máximo de despegue inferior o igual a 250 g
8806220000,- - Con un peso máximo de despegue superior a 250 g pero inferior o igual a 7 kg
8806230000,- - Con un peso máximo de despegue superior a 7 kg pero inferior o igual a 25 kg
8806240000,- - Con un peso máximo de despegue superior a 25 kg pero inferior o igual a 150 kg
8806290000,- - Las demás
8806910000,- - Con un peso máximo de despegue inferior o igual a 250 g
8806920000,- - Con un peso máximo de despegue superior a 250 g pero inferior o igual a 7 kg
8806930000,- - Con un peso máximo de despegue superior a 7 kg pero inferior o igual a 25 kg
8806940000,- - Con un peso máximo de despegue superior a 25 kg pero inferior o igual a 150 kg
8806990000,- - Las demás
8807100000,"- Hélices y rotores, y sus partes"
8807200000,- Trenes de aterrizaje y sus partes
8807300000,"- Las demás partes de aviones, helicópteros o aeronaves no tripuladas"
8807900000,- Las demás
8901101100,- - - Inferior o igual a 50 t
8901101900,- - - Los demás
8901102000,- - De registro superior a 1.000 t
8901201100,- - - Inferior o igual a 50 t
8901201900,- - - Los demás
8901202000,- - De registro superior a 1.000 t
8901301100,- - - Inferior o igual a 50t
8901301900,- - - Los demás
8901302000,- - De registro superior a 1.000 t
8901901100,- - - Inferior o igual a 50 t
8901901900,- - - Los demás
8901902000,- - De registro superior a 1.000 t
8902001100,- - Inferior o igual a 50 t
8902001900,- - Los demás
8902002000,- De registro superior a 1.000 t
8903110000,"- - Equipadas o diseñadas para equiparlas con motor, de peso en vacío, sin motor, inferior o igual a 100 kg"
8903120000,- - No diseñadas para ser utilizadas con motor y de peso en vacío inferior o igual a 100 kg
8903190000,- - Las demás
8903210000,"- - De longitud inferior o igual a 7,5 m"
8903220000,"- - De longitud superior a 7,5 m pero inferior o igual a 24 m"
8903230000,- - De longitud superior o igual a 24 m
8903310000,"- - De longitud inferior o igual a 7,5 m"
8903320000,"- - De longitud superior a 7,5 m pero inferior o igual a 24 m"
8903330000,- - De longitud superior a 24 m
8903931000,- - - Motos náuticas
8903939000,- - - Los demás
8903990000,- - Los demás
8904001000,- De registro inferior o igual a 50 t
8904009000,- Los demás
8905100000,- Dragas
8905200000,"- Plataformas de perforación o explotación, flotantes o sumergibles"
8905900000,- Los demás
8906100000,- Navíos de guerra
8906901000,- - De registro inferior o igual a 1.000 t
8906909000,- - Los demás
8907100000,- Balsas inflables
8907901000,- - Boyas luminosas
8907909000,- - Los demás
8908000000,Barcos y demás artefactos flotantes para desguace.
9001100000,"- Fibras ópticas, haces y cables de fibras ópticas"
9001200000,- Hojas y placas de materia polarizante
9001300000,- Lentes de contacto
9001400000,- Lentes de vidrio para gafas (anteojos)
9001500000,- Lentes de otras materias para gafas (anteojos)
9001900000,- Los demás
9002110000,"- - Para cámaras, proyectores o aparatos fotográficos o cinematográficos de ampliación o reducción"
9002190000,- - Los demás
9002200000,- Filtros
9002900000,- Los demás
9003110000,- - De plástico
9003191000,- - - De metal precioso o de metal común chapado (plaqué)
9003199000,- - - Las demás
9003900000,- Partes
9004100000,- Gafas (anteojos) de sol
9004901000,- - Gafas protectoras para el trabajo
9004909000,- - Las demás
9005100000,- Binoculares (incluidos los prismáticos)
9005800000,- Los demás instrumentos
9005900000,- Partes y accesorios (incluidas las armazones)
9006300000,"- Cámaras especiales para fotografía submarina o aérea, examen médico de órganos internos o para laboratorios de medicina legal o identificación judicial"
9006400000,- Cámaras fotográficas de autorrevelado
9006531010,"- - - - De los tipos utilizados para registrar documentos en microfilmes, microfichas u otros microformatos"
9006531090,- - - - Las demás
9006539010,"- - - - De los tipos utilizados para registrar documentos en microfilmes, microfichas u otros microformatos"
9006539090,- - - - Las demás
9006591010,"- - - - De los tipos utilizados para registrar documentos en microfilmes, microfichas u otros microformatos"
9006591090,- - - - Las demás
9006599010,"- - - - De los tipos utilizados para registrar documentos en microfilmes, microfichas u otros microformatos"
9006599020,- - - - De los tipos utilizados para preparar clisés o cilindros de imprenta
9006599090,- - - - Las demás
9006610000,- - Aparatos de tubo de descarga para producir destellos (flashes electrónicos)
9006690000,- - Los demás
9006910000,- - De cámaras fotográficas
9006990000,- - Los demás
9007100010,- - Para película cinematográfica (filme) de anchura inferior a 16 mm o para la doble - 8 mm
9007100090,- - Las demás
9007201000,- - Para filmes de anchura superior o igual a 35 mm
9007209000,- - Los demás
9007910000,- - De cámaras
9007920000,- - De proyectores
9008501000,- - Proyectores de diapositivas
9008502000,"- - Lectores de microfilmes, microfichas u otros microformatos, incluso copiadores"
9008503000,- - Los demás proyectores de imagen fija
9008504000,"- - Ampliadoras o reductoras, fotográficas"
9008900000,- Partes y accesorios
9010100000,"- Aparatos y material para revelado automático de película fotográfica, película cinematográfica (filme) o papel fotográfico en rollo o para impresión automática de películas reveladas en rollos de papel fotográfico"
9010500000,- Los demás aparatos y material para laboratorios fotográficos o cinematográficos; negatoscopios
9010600000,- Pantallas de proyección
9010900000,- Partes y accesorios
9011100000,- Microscopios estereoscópicos
9011200000,"- Los demás microscopios para fotomicrografía, cinefotomicrografía o microproyección"
9011800000,- Los demás microscopios
9011900000,- Partes y accesorios
9012100000,"- Microscopios, excepto los ópticos; difractógrafos"
9012900000,- Partes y accesorios
9013100000,"- Miras telescópicas para armas; periscopios; visores para máquinas, aparatos o instrumentos de este Capítulo o de la Sección XVI"
9013200000,"- Láseres, excepto los diodos láser"
9013801000,- - Lupas
9013809000,- - Los demás
9013900000,- Partes y accesorios
9014100000,"- Brújulas, incluidos los compases de navegación"
9014200000,- Instrumentos y aparatos para navegación aérea o espacial (excepto las brújulas)
9014800000,- Los demás instrumentos y aparatos
9014900000,- Partes y accesorios
9015100000,- Telémetros
9015201000,- - Teodolitos
9015202000,- - Taquímetros
9015300000,- Niveles
9015401000,- - Eléctricos o electrónicos
9015409000,- - Los demás
9015801000,- - Eléctricos o electrónicos
9015809000,- - Los demás
9015900000,- Partes y accesorios
9016001100,- - Eléctricas
9016001200,- - Electrónicas
9016001900,- - Las demás
9016009000,- Partes y accesorios
9017100000,"- Mesas y máquinas de dibujar, incluso automáticas"
9017201000,- - Pantógrafos
9017202000,- - Estuches de dibujo (cajas de matemáticas) y sus componentes presentados aisladamente
9017203000,"- - Reglas, círculos y cilindros de cálculo"
9017209000,- - Los demás
9017300000,"- Micrómetros, pies de rey, calibradores y galgas"
9017801000,- - Para medida lineal
9017809000,- - Los demás
9017900000,- Partes y accesorios
9018110000,- - Electrocardiógrafos
9018120000,- - Aparatos de diagnóstico por exploración ultrasónica
9018130000,- - Aparatos de diagnóstico de visualización por resonancia magnética
9018140000,- - Aparatos de centellografía
9018190000,- - Los demás
9018200000,- Aparatos de rayos ultravioletas o infrarrojos
9018312000,- - - De plástico
9018319000,- - - Las demás
9018320000,- - Agujas tubulares de metal y agujas de sutura
9018390010,"- - - Conjuntos para hemodiálisis, transfusiones o similares"
9018390090,- - - Los demás
9018410000,"- - Tornos dentales, incluso combinados con otros equipos dentales sobre basamento común"
9018491000,"- - - Fresas, discos, moletas y cepillos"
9018499000,- - - Los demás
9018500000,- Los demás instrumentos y aparatos de oftalmología
9018901000,- - Electromédicos
9018909000,- - Los demás
9019100000,- Aparatos de mecanoterapia; aparatos para masajes; aparatos de psicotecnia
9019200000,"- Aparatos de ozonoterapia, oxigenoterapia o aerosolterapia, aparatos respiratorios de reanimación y demás aparatos de terapia respiratoria"
9020000000,"Los demás aparatos respiratorios y máscaras antigás, excepto las máscaras de protección sin mecanismo ni elemento filtrante amovible."
9021101010,"-          - - Artículos de  las  subpartidas  7318.19, 7318.29, 8108.90   especialmente diseñados para ser utilizados, exclusivamente  como implantes de uso médico, quirúrgico, odontológico o veterinario"
9021101090,- - - Los demás
9021102010,"- - - Artículos de  las  subpartidas  7318.19, 7318.29, 8108.90   especialmente diseñados para ser utilizados, exclusivamente como implantes de uso médico, quirúrgico, odontológico o veterinario"
9021102090,- - - Los demás
9021210000,- - Dientes artificiales
9021290010,"- - - Artículos de  las  subpartidas  7318.19, 7318.29, 8108.90   especialmente diseñados para ser utilizados, exclusivamente como implantes de uso médico, quirúrgico, odontológico o veterinario"
9021290090,- - - Los demás
9021310000,- - Prótesis articulares
9021391000,- - - Válvulas cardíacas
9021399000,- - - Los demás
9021400000,"- Audífonos, excepto sus partes y accesorios"
9021500000,"- Estimuladores cardíacos, excepto sus partes y accesorios"
9021900000,- Los demás
9022120000,- - Aparatos de tomografía regidos por una máquina automática de tratamiento o procesamiento de datos
9022130000,"- - Los demás, para uso odontológico"
9022140000,"- - Los demás, para uso médico, quirúrgico o veterinario"
9022190000,- - Para otros usos
9022210000,"- - Para uso médico, quirúrgico, odontológico o veterinario"
9022290000,- - Para otros usos
9022300000,- Tubos de rayos X
9022900000,"- Los demás, incluidas las partes y accesorios"
9023001000,- Modelos de anatomía humana o animal
9023002000,- Preparaciones microscópicas
9023009000,- Los demás
9024100000,- Máquinas y aparatos para ensayos de metal
9024800000,- Las demás máquinas y aparatos
9024900000,- Partes y accesorios
9025111000,- - - De uso clínico
9025119000,- - - Los demás
9025191100,- - - - Pirómetros
9025191200,- - - - Termómetros para vehículos del Capítulo 87
9025191900,- - - - Los demás
9025199000,- - - Los demás
9025803000,"- - Densímetros, areómetros, pesalíquidos e instrumentos flotantes similares"
9025804100,- - - Higrómetros y sicrómetros
9025804900,- - - Los demás
9025809000,- - Los demás
9025900000,- Partes y accesorios
9026101100,- - - Medidores de carburante para vehículos del Capítulo 87
9026101200,- - - Indicadores de nivel
9026101900,- - - Los demás
9026109000,- - Los demás
9026200000,- Para medida o control de presión
9026801100,- - - Contadores de calor de par termoeléctrico
9026801900,- - - Los demás
9026809000,- - Los demás
9026900000,- Partes y accesorios
9027101000,- - Eléctricos o electrónicos
9027109000,- - Los demás
9027200000,- Cromatógrafos e instrumentos de electroforesis
9027300000,"- Espectrómetros, espectrofotómetros y espectrógrafos que utilicen radiaciones ópticas (UV, visibles, IR)"
9027500000,"- Los demás instrumentos y aparatos que utilicen radiaciones ópticas (UV, visibles, IR)"
9027810000,- - Espectrómetros de masa
9027891000,"- - - Polarímetros, medidores de pH (peachímetros), turbidímetros, salinómetros y dilatómetros"
9027892000,- - - Detectores de humo
9027899000,- - - Los demás
9027901000,- - Micrótomos
9027909000,- - Partes y accesorios
9028100000,- Contadores de gas
9028201000,- - Contadores de agua
9028209000,- - Los demás
9028301000,- - Monofásicos
9028309000,- - Los demás
9028901000,- - De contadores de electricidad
9028909000,- - Los demás
9029101000,- - Taxímetros
9029102000,"- - Contadores de producción, electrónicos"
9029109000,- - Los demás
9029201000,"- - Velocímetros, excepto eléctricos o electrónicos"
9029202000,- - Tacómetros
9029209000,- - Los demás
9029901000,- - De velocímetros
9029909000,- - Los demás
9030100000,- Instrumentos y aparatos para medida o detección de radiaciones ionizantes
9030200000,- Osciloscopios y oscilógrafos
9030310000,"- - Multímetros, sin dispositivo registrador"
9030320000,"- - Multímetros, con dispositivo registrador"
9030330000,"- - Los demás, sin dispositivo registrador"
9030390000,"- - Los demás, con dispositivo registrador"
9030400000,"- Los demás instrumentos y aparatos, especialmente diseñados para técnicas de telecomunicación (por ejemplo: hipsómetros, kerdómetros, distorsiómetros, sofómetros)"
9030820000,- - Para medida o control de obleas («wafers») o dispositivos semiconductores (incluidos los circuitos integrados)
9030840000,"- - Los demás, con dispositivo registrador"
9030890000,- - Los demás
9030901000,- - De instrumentos o aparatos para la medida de magnitudes eléctricas
9030909000,- - Los demás
9031101000,- - Electrónicas
9031109000,- - Las demás
9031200000,- Bancos de pruebas
9031410000,"- - Para control de obleas («wafers») o dispositivos semiconductores (incluidos los circuitos integrados), o para control de máscaras fotográficas o retículas utilizadas en la fabricación de dispositivos semiconductores (incluidos los circuitos integrados)"
9031491000,"- - - Comparadores llamados «ópticos», bancos comparadores, bancos de medida, interferómetros, comprobadores ópticos de superficies, aparatos con palpador diferencial, anteojos de alineación, reglas ópticas, lectores micrométricos, goniómetros ópticos y focómetros"
9031492000,- - - Proyectores de perfiles
9031499000,- - - Los demás
9031802000,- - Aparatos para regular los motores de vehículos del Capítulo 87 (sincroscopios)
9031803000,- - Planímetros
9031809000,- - Los demás
9031900000,- Partes y accesorios
9032100000,- Termostatos
9032200000,- Manostatos (presostatos)
9032810000,- - Hidráulicos o neumáticos
9032891100,- - - - Para una tensión inferior o igual a 260 V e intensidad inferior o igual a 30 A
9032891900,- - - - Los demás
9032899000,- - - Los demás
9032901000,- - De termostatos
9032902000,- - De reguladores de voltaje
9032909000,- - Los demás
9033000000,"Partes y accesorios, no expresados ni comprendidos en otra parte de este Capítulo, para máquinas, aparatos, instrumentos o artículos del Capítulo 90."
9101110000,- - Con indicador mecánico solamente
9101190000,- - Los demás
9101210000,- - Automáticos
9101290000,- - Los demás
9101910000,- - Eléctricos
9101990000,- - Los demás
9102110000,- - Con indicador mecánico solamente
9102120000,- - Con indicador optoelectrónico solamente
9102190000,- - Los demás
9102210000,- - Automáticos
9102290000,- - Los demás
9102910000,- - Eléctricos
9102990000,- - Los demás
9103100000,- Eléctricos
9103900000,- Los demás
9104001000,- Para vehículos del Capítulo 87
9104009000,- Los demás
9105110000,- - Eléctricos
9105190000,- - Los demás
9105210000,- - Eléctricos
9105290000,- - Los demás
9105911000,- - - Aparatos de relojería para redes eléctricas de distribución y de unificación de la hora (maestro y secundario)
9105919000,- - - Los demás
9105990000,- - Los demás
9106100000,- Registradores de asistencia; registradores fechadores y registradores contadores
9106901000,- - Parquímetros
9106909000,- - Los demás
9107000000,"Interruptores horarios y demás aparatos que permitan accionar un dispositivo en un momento dado, con mecanismo de relojería o motor sincrónico."
9108110000,- - Con indicador mecánico solamente o con dispositivo que permita incorporarlo
9108120000,- - Con indicador optoelectrónico solamente
9108190000,- - Los demás
9108200000,- Automáticos
9108900000,- Los demás
9109100000,- Eléctricos
9109900000,- Los demás
9110110000,"- - Mecanismos completos, sin montar o parcialmente montados («chablons»)"
9110120000,"- - Mecanismos incompletos, montados"
9110190000,- - Mecanismos «en blanco» («ébauches»)
9110900000,- Los demás
9111100000,- Cajas de metal precioso o chapado de metal precioso (plaqué)
9111200000,"- Cajas de metal común, incluso dorado o plateado"
9111800000,- Las demás cajas
9111900000,- Partes
9112200000,- Cajas y envolturas similares
9112900000,- Partes
9113100000,- De metal precioso o chapado de metal precioso (plaqué)
9113200000,"- De metal común, incluso dorado o plateado"
9113901000,- - De plástico
9113902000,- - De cuero
9113909000,- - Las demás
9114300000,- Esferas o cuadrantes
9114400000,- Platinas y puentes
9114900000,- Las demás
9201100000,- Pianos verticales
9201200000,- Pianos de cola
9201900000,- Los demás
9202100000,- De arco
9202900000,- Los demás
9205100000,- Instrumentos llamados «metales»
9205901000,- - Órganos de tubos y teclado; armonios e instrumentos similares de teclado y lengüetas metálicas libres
9205902000,- - Acordeones e instrumentos similares
9205903000,- - Armónicas
9205909000,- - Los demás
9206000000,"Instrumentos musicales de percusión (por ejemplo: tambores, cajas, xilófonos, platillos, castañuelas, maracas)."
9207100000,"- Instrumentos de teclado, excepto los acordeones"
9207900000,- Los demás
9208100000,- Cajas de música
9208900000,- Los demás
9209300000,- Cuerdas armónicas
9209910000,- - Partes y accesorios de pianos
9209920000,- - Partes y accesorios de instrumentos musicales de la partida 92.02
9209940000,- - Partes y accesorios de instrumentos musicales de la partida 92.07
9209990000,- - Los demás
9301101000,- - Autopropulsadas
9301109000,- - Las demás
9301200000,- Lanzacohetes; lanzallamas; lanzagranadas; lanzatorpedos y lanzadores similares
9301901000,"- - Armas largas con cañón de ánima lisa, completamente automáticas"
9301902100,- - - De cerrojo
9301902200,- - - Semiautomáticas
9301902300,- - - Automáticas
9301902900,- - - Las demás
9301903000,- - Ametralladoras
9301904100,- - - Pistolas automáticas
9301904900,- - - Las demás
9301909000,- - Las demás
9302001000,- Revólveres
9302002100,- - Semiautomáticas
9302002900,- - Las demás
9302003000,- Pistolas con cañón multiple
9303100000,- Armas de avancarga
9303201100,- - - De repetición (de corredera)
9303201200,- - - Semiautomáticas
9303201900,- - - Las demás
9303202000,"- - Armas largas con cañón múltiple de ánima lisa, incluso las combinadas"
9303209000,- - Las demás
9303301000,- - De disparo único
9303302000,- - Semiautomáticas
9303309000,- - Las demás
9303900000,- Las demás
9304001000,- De aire comprimido
9304009000,- Los demás
9305101000,- - Mecanismos de disparo
9305102000,- - Armazones y plantillas
9305103000,- - Cañones
9305104000,"- - Pistones, pasadores y amortiguadores de retroceso (frenos de boca)"
9305105000,- - Cargadores y sus partes
9305106000,- - Silenciadores y sus partes
9305107000,"- - Culatas, empuñaduras y platinas"
9305108000,- - Correderas (para pistolas) y tambores (para revólveres)
9305109000,- - Las demás
9305201000,- - Cañones de ánima lisa
9305202100,- - - Mecanismos de disparo
9305202200,- - - Armazones y plantillas
9305202300,- - - Cañones de ánima rayada
9305202400,"- - - Pistones, pasadores y amortiguadores de retroceso (frenos de boca)"
9305202500,- - - Cargadores y sus partes
9305202600,- - - Silenciadores y sus partes
9305202700,- - - Cubrellamas y sus partes
9305202800,"- - - Recámaras, cerrojos y portacerrojos"
9305202900,- - - Las demás
9305911100,- - - - Mecanismos de disparo
9305911200,- - - - Armazones y plantillas
9305911300,- - - - Cañones
9305911400,"- - - - Pistones, pasadores y amortiguadores de retroceso (frenos de boca)"
9305911500,- - - - Cargadores y sus partes
9305911600,- - - - Silenciadores y sus partes
9305911700,- - - - Cubrellamas y sus partes
9305911800,"- - - - Recámaras, cerrojos y portacerrojos"
9305911900,- - - - Las demás
9305919000,- - - Las demás
9305990000,- - Los demás
9306210000,- - Cartuchos
9306291000,- - - Balines
9306299000,- - - Partes
9306302000,"- - Cartuchos para «pistolas» de remachar o usos similares, para pistolas de matarife"
9306303000,- - Los demás cartuchos
9306309000,- - Partes
9306901100,- - - Para armas de guerra
9306901200,- - - Arpones para lanzaarpones
9306901900,- - - Los demás
9306909000,- - Partes
9307000000,"Sables, espadas, bayonetas, lanzas y demás armas blancas, sus partes y fundas."
9401100000,- Asientos de los tipos utilizados en aeronaves
9401200000,- Asientos de los tipos utilizados en vehículos automóviles
9401310000,- - De madera
9401390000,- - Los demás
9401410000,- - De madera
9401490000,- - Los demás
9401520000,- - De bambú
9401530000,- - De roten (ratán)
9401590000,- - Los demás
9401610000,- - Con relleno
9401690000,- - Los demás
9401710000,- - Con relleno
9401790000,- - Los demás
9401800000,- Los demás asientos
9401910000,- - De madera
9401990000,- - Las demás
9402101000,- - Sillones de dentista
9402109000,- - Los demás
9402901000,- - Mesas de operaciones y sus partes
9402909000,- - Los demás y sus partes
9403100000,- Muebles de metal de los tipos utilizados en oficinas
9403200000,- Los demás muebles de metal
9403300000,- Muebles de madera de los tipos utilizados en oficinas
9403400000,- Muebles de madera de los tipos utilizados en cocinas
9403500000,- Muebles de madera de los tipos utilizados en dormitorios
9403600000,- Los demás muebles de madera
9403700000,- Muebles de plástico
9403820000,- - De bambú
9403830000,- - De roten (ratán)
9403890000,- - Los demás
9403910000,- - De madera
9403990000,- - Las demás
9404100000,- Somieres
9404210000,"- - De caucho o plástico celulares, recubiertos o no"
9404290000,- - De otras materias
9404300000,- Sacos (bolsas) de dormir
9404400000,"- Cubrepiés, colchas, edredones y cobertores"
9404900000,- Los demás
9405111000,- - - Especiales para salas de cirugía u odontología (de luz sin sombra o  «escialíticas»)
9405112000,- - - Proyectores de luz
9405119000,- - - Los demás
9405191000,- - - Especiales para salas de cirugía u odontología (de luz sin sombra o «escialíticas»)
9405192000,- - - Proyectores de luz
9405199000,- - - Los demás
9405210000,- - Diseñadas para ser utilizadas únicamente con fuentes luminosas de diodos emisores de luz (LED)
9405290000,- - Las demás
9405310000,- - Diseñadas para ser utilizadas únicamente con fuentes luminosas de diodos emisores de luz (LED)
9405390000,- - Las demás
9405411100,- - - - Proyectores de luz
9405411900,- - - - Los demás
9405419000,- - - Los demás
9405421100,- - - - Proyectores de luz
9405421900,- - - - Los demás
9405429000,- - - Los demás
9405491100,- - - - Proyectores de luz
9405491900,- - - - Los demás
9405499000,- - - Los demás
9405501000,- - De combustible líquido a presión
9405509000,- - Los demás
9405610000,- - Diseñados para ser utilizados únicamente con fuentes luminosas de diodos emisores de luz (LED)
9405690000,- - Los demás
9405910000,- - De vidrio
9405920000,- - De plástico
9405990000,- - Las demás
9406100000,- De madera
9406200000,"- Unidades de construcción modular, de acero"
9406900000,- Las demás
9503001000,"- Triciclos, patinetes, coches de pedal y juguetes similares con ruedas; coches y sillas de ruedas para muñecas o muñecos"
9503002200,"- - Muñecas o muñecos, incluso vestidos"
9503002800,"- - Prendas y sus complementos (accesorios), de vestir, calzado, y sombreros y demás tocados"
9503002900,- - Partes y demás accesorios
9503003000,"- Modelos reducidos y modelos similares, para entretenimiento, incluso animados"
9503004000,- Rompecabezas de cualquier clase
9503009100,"- - Trenes eléctricos, incluidos los carriles (rieles), señales y demás accesorios"
9503009200,- - De construcción
9503009300,- - Que representen animales o seres no humanos
9503009400,"- - Instrumentos y aparatos, de música"
9503009500,- - Presentados en juegos o surtidos o en panoplias
9503009600,"- - Los demás, con motor"
9503009900,- - Los demás
9504200000,- Billares de cualquier clase y sus accesorios
9504301000,"- - De suerte, envite y azar"
9504309000,- - Las demás
9504400000,- Naipes
9504500000,"- Videoconsolas y máquinas de videojuego, excepto las de la subpartida 9504.30"
9504901000,- - Juegos de ajedrez y de damas
9504903000,"- - Juegos de bolos, incluso automáticos («bowlings»)"
9504909100,"- - - De suerte, envite y azar"
9504909900,- - - Las demás
9505100000,- Artículos para fiestas de Navidad
9505900000,- Los demás
9506110000,- - Esquís
9506120000,- - Fijadores de esquí
9506190000,- - Los demás
9506210000,- - Deslizadores de vela
9506290000,- - Los demás
9506310000,- - Palos de golf («clubs») completos
9506320000,- - Pelotas
9506390000,- - Los demás
9506400000,- Artículos y material para tenis de mesa
9506510000,"- - Raquetas de tenis, incluso sin cordaje"
9506590000,- - Las demás
9506610000,- - Pelotas de tenis
9506620000,- - Inflables
9506690000,- - Los demás
9506700000,"- Patines para hielo y patines de ruedas, incluido el calzado con patines fijos"
9506910000,"- - Artículos y material para cultura física, gimnasia o atletismo"
9506991000,"- - - Artículos y materiales para béisbol y sóftbol, excepto las pelotas"
9506999000,- - - Los demás
9507100000,- Cañas de pescar
9507200000,"- Anzuelos, incluso montados en sedal (tanza)"
9507300000,- Carretes de pesca
9507901000,- - Para la pesca con caña
9507909000,- - Los demás
9508100000,"- Circos y zoológicos, ambulantes"
9508210000,- - Montañas rusas
9508220000,"- - Carruseles, columpios y tiovivos"
9508230000,- - Autos de choque
9508240000,- - Simuladores de movimiento y cines dinámicos
9508250000,- - Paseos acuáticos
9508260000,- - Atracciones de parques acuáticos
9508290000,- - Las demás
9508300000,- Atracciones de feria
9508400000,- Teatros ambulantes
9601100000,- Marfil trabajado y sus manufacturas
9601900000,- Los demás
9602001000,"- Cápsulas de gelatina para envasar medicamentos, alimentos y cosméticos"
9602009000,- Las demás
9603100000,"- Escobas y escobillas de ramitas u otra materia vegetal atada en haces, incluso con mango"
9603210000,"- - Cepillos de dientes, incluidos los cepillos para dentaduras postizas"
9603290000,- - Los demás
9603301000,- - Para la pintura artística
9603309000,- - Los demás
9603400000,"- Pinceles y brochas para pintar, enlucir, barnizar o similares (excepto los de la subpartida 9603.30); almohadillas o muñequillas y rodillos, para pintar"
9603500000,"- Los demás cepillos que constituyan partes de máquinas, aparatos o vehículos"
9603901000,- - Cabezas preparadas para artículos de cepillería
9603909000,- - Los demás
9604000000,"Tamices, cedazos y cribas, de mano."
9605000000,"Juegos o surtidos de viaje para aseo personal, costura o limpieza del calzado o de prendas de vestir."
9606100000,- Botones de presión y sus partes
9606210000,"- - De plástico, sin forrar con materia textil"
9606220000,"- - De metal común, sin forrar con materia textil"
9606291000,- - - De tagua (marfil vegetal)
9606299000,- - - Los demás
9606301000,- - De plástico o de tagua (marfil vegetal)
9606309000,- - Los demás
9607110000,- - Con dientes de metal común
9607190000,- - Los demás
9607200000,- Partes
9608100000,- Bolígrafos
9608200000,- Rotuladores y marcadores con punta de fieltro u otra punta porosa
9608300000,- Estilográficas y demás plumas
9608400000,- Portaminas
9608500000,"- Juegos de artículos pertenecientes, por lo menos, a dos de las subpartidas anteriores"
9608600000,- Cartuchos de repuesto con su punta para bolígrafo
9608910000,- - Plumillas y puntos para plumillas
9608991000,- - - Los demás artículos
9608992100,"- - - - Puntas de bolígrafo, incluso sin bola"
9608992910,- - - - - De bolígrafos
9608992920,- - - - - De rotuladores y marcadores con punta de fieltro u otra punta porosa
9608992990,- - - - - Los demás
9609100000,- Lápices
9609200000,- Minas para lápices o portaminas
9609900000,- Los demás
9610000000,"Pizarras y tableros para escribir o dibujar, incluso enmarcados."
9611000000,"Fechadores, sellos, numeradores, timbradores y artículos similares (incluidos los aparatos para imprimir etiquetas), de mano; componedores e imprentillas con componedor, de mano."
9612100000,- Cintas
9612200000,- Tampones
9613100000,"- Encendedores de gas no recargables, de bolsillo"
9613200000,"- Encendedores de gas recargables, de bolsillo"
9613800000,- Los demás encendedores y mecheros
9613900000,- Partes
9614000000,"Pipas (incluidas las cazoletas), boquillas para cigarros (puros) o cigarrillos, y sus partes."
9615110000,- - De caucho endurecido o plástico
9615190000,- - Los demás
9615900000,- Los demás
9616100000,"- Pulverizadores de tocador, sus monturas y cabezas de monturas"
9616200000,"- Borlas y similares para aplicación de polvos, otros cosméticos o productos de tocador"
9617000000,"Termos y demás recipientes isotérmicos, montados y aislados por vacío, así como sus partes (excepto las ampollas de vidrio)."
9618000000,Maniquíes y artículos similares; autómatas y escenas animadas para escaparates.
9619001000,- Pañales para bebés
9619002000,- Compresas y tampones higiénicos
9619009000,- Los demás
9620000010,- De plástico
9620000020,- De madera
9620000091,- - Para cámaras fotográficas
9620000099,- - Los demás
9701210000,- - Pinturas y dibujos
9701220000,- - Mosaicos
9701290000,- - Los demás
9701910000,- - Pinturas y dibujos
9701920000,- - Mosaicos
9701990000,- - Los demás
9702100000,- De más de 100 años
9702900000,- Los demás
9703100000,- De más de 100 años
9703900000,- Las demás
9704000000,"Sellos (estampillas) de correo, timbres fiscales, marcas postales, sobres primer día, enteros postales, demás artículos franqueados y análogos, incluso obliterados, excepto los artículos de la partida 49.07."
9705100000,"- Colecciones y piezas de colección que tengan un interés arqueológico, etnográfico o histórico"
9705210000,- - Especímenes humanos y sus partes
9705220000,"- - Especies extintas o en peligro de extinción, y sus partes"
9705290000,- - Las demás
9705310000,- - De más de 100 años
9705390000,- - Las demás
9706100000,- De más de 250 años
9706900000,- Los demás
